"annotation_id","annotator","assert","certainty","created_at","id","lead_time","sentence","task_id","updated_at"
1,"1","1","0.5","2026-07-15T05:05:51.066027Z",369,205.689,"These results suggest that our automated scoring procedure should not be used, or used with caution, on tasks that are not optimized for scoring with the interview (Levine et al., 2002) or the adapted interview (e.g., Addis et al., 2008).","T0001","2026-07-15T05:05:51.066027Z"
2,"1","1","0.5","2026-07-15T05:06:21.864957Z",370,28.022,"Borrowing phases in Brun-Aguerre, Fuertes, and Phylaktis (2012), the positive output gap-ERPT asymmetry relation denotes that exporters may act to enhance market share in fast growing economies.","T0002","2026-07-15T05:06:21.864957Z"
3,"1","1","1","2026-07-15T05:08:48.070736Z",371,264.555,"In this context, the unadjusted score is biased (Pleskac, 2008; Dijkstra et al., 2022) and the inter-subject variability is reduced (Lejuez et al., 2002).","T0003","2026-07-15T05:12:05.609012Z"
4,"1","0","","2026-07-15T05:12:43.622345Z",372,63.690999999999995,"Husnu and Crisp (2010a) provided an initial test of the hypothesis that imagined contact can enhance intentions to engage in future contact.","T0004","2026-07-15T05:19:43.304623Z"
5,"1","1","0.75","2026-07-15T05:13:36.114314Z",373,51.403,"It is understood that in multiple contexts individuals often fail to adjust sufficiently away from an original figure (Jacowitz and Kahneman, 1995).","T0005","2026-07-15T05:13:36.114314Z"
6,"1","1","1","2026-07-15T05:13:58.337642Z",374,20.914,"For example, Fischer et al. (2008) show that individuals with depleted self-regulatory resources engage in more confirmatory information processing, or preferencing information supporting pre-existing views, than non-depleted individuals.","T0006","2026-07-15T05:13:58.338642Z"
7,"1","1","0.5","2026-07-15T05:14:23.361524Z",375,47.484,"Concerns about being seen as prejudiced contribute directly to the anxiety that Whites experience not only during interracial interaction (Goff et al., 2008; Richeson & Shelton, 2003) but also in anticipation of interracial contact (West & Dovidio, 2013).","T0007","2026-07-15T05:17:18.210857Z"
8,"1","1","0.75","2026-07-15T05:17:39.912023Z",376,43.947,"Statistical learning occurs also irrespective of the perceptual modality; indeed, it has been reported in the visual (Turk-browne et al., 2005, 2008), auditory (Saffran et al., 1999) and tactile domains (Conway and Christiansen, 2005).","T0008","2026-07-15T05:17:39.912023Z"
9,"1","1","1","2026-07-15T05:18:09.640899Z",377,28.546,"It is well known from Gibbard (1973) and Satterthwaite (1975) that there does not exist a strategy-proof voting mechanism (except for a dictatorial mechanism or a mechanism in which a particular candidate is never chosen under any circumstances).","T0009","2026-07-15T05:18:09.640899Z"
10,"1","0","","2026-07-15T05:18:32.993007Z",378,19.842,"Furthermore, and as noted in the introduction, the money priming effect observed in Experiment 1 in Caruso et al. (2013) T hi s do cu m en t is co py ri gh te d by th e A m er ic an Ps yc ho lo gi ca l A ss oc ia tio n or on e of its al lie d pu bl is he rs .","T0010","2026-07-15T05:18:32.993007Z"
11,"1","1","0.75","2026-07-15T05:19:36.573510Z",379,20.206,"However, in an important nonconfirmation, Farris et al. (2008) found that men were more likely than women not only to misperceive friendliness as sexual interest but also to misperceive sexual interest as friendliness.","T0011","2026-07-15T05:19:36.573510Z"
12,"1","1","0.75","2026-07-15T05:20:22.927312Z",380,24.635,"Establishing goodwill toward a transgressor is likely to involve empathic processing, which has been established as a significant predictor of forgiveness in general (Exline et al., 2008; Exline & Zell, 2009; Karremans, Van Lange, & Holland, 2005; McCullough et al., 1998; McCullough et al., 1997).","T0012","2026-07-15T05:20:22.927312Z"
13,"1","1","0.5","2026-07-15T05:20:50.204641Z",381,26.341,"For example, in our daily life, we may feel that polite words increase the sense of distance (Levinson and Brown 1987; Stephan et al. 2010), and visual and linguistic fluency decrease the psychological distance (Alter and Oppenheimer 2008; Roose et al. 2019).","T0013","2026-07-15T05:20:50.204641Z"
14,"1","1","0.75","2026-07-15T05:21:21.692724Z",382,29.434,"Sometimes, these superficial judgments can be quite accurate and predictive of important real-world outcomes [e.g., Rule and Ambady, 2008].","T0014","2026-07-15T05:21:21.692724Z"
15,"1","1","0.75","2026-07-15T05:21:45.606882Z",383,21.869,"4Goeree and Holt (2001) and Chen and Chen (2011) provide evidence that even when played in pairs subjects may be unable to reach efficient outcomes provided the costs of higher effort are large enough or the game is repeated with different partners.","T0015","2026-07-15T05:21:45.606882Z"
16,"1","1","0.5","2026-07-15T05:22:08.571242Z",384,21.802,"In a similar vein, Schmidt and Besner (2008) suggested that because PC is confounded with contingency, a stimulus-response contingency-learning process may account for the ISPC effect.","T0016","2026-07-15T05:22:08.571242Z"
17,"1","1","0.75","2026-07-15T05:22:33.192265Z",385,22.839,"The Needs-Based Model of Reconciliation argues that conflict leaves groups’ identities impaired.","T0017","2026-07-15T05:22:33.192265Z"
18,"1","1","0.75","2026-07-15T05:22:54.669950Z",386,20.74,"As noted above, natural sampling is often considered a remedy for biases introduced by selective sampling because it enables learners to “conserve the properties of the universe” (Fiedler, 2008), such that the distribution of the sample will mirror the distribution of the source in an unbiased fashion.","T0018","2026-07-15T05:22:54.669950Z"
19,"1","1","1","2026-07-15T05:23:15.914651Z",387,20.331,"After an initial act of self-control, a reduction in such brain potentials mediated the decline in performance on a subsequent task (Inzlicht & Gutsell, 2007).","T0019","2026-07-15T05:23:15.914651Z"
20,"1","1","0.5","2026-07-15T05:23:40.407473Z",388,23.77,"However, as the results presented by Dulleck et al. (2011) suggest, this theoretical possibility is irrelevant in an experiment.","T0020","2026-07-15T05:23:40.407473Z"
21,"1","0","","2026-07-15T05:24:06.706667Z",389,24.905,"This is comparable to Kessler and Roth (2012) where 36 percent register as a donor in the baseline treatment and 74 percent in the priority treatment.","T0021","2026-07-15T05:24:06.706667Z"
22,"1","1","1","2026-07-15T05:24:31.411726Z",390,23.41,"Nosek et al. (2002) showed that both explicit and implicit attitudes predict performance.","T0022","2026-07-15T05:24:31.411726Z"
23,"1","0","","2026-07-15T05:28:49.431030Z",391,257.24,"Recognition rates for the basic emotions were generally lower than have been previously found in the United States and higher than recognition rates found in Burkina Faso [24][22].","T0023","2026-07-15T05:28:49.431030Z"
