family,measure,estimate,ci_low,ci_high,bootstrap,n_negative,n_positive,replicates_valid,left_out_project
epistemic_adverb_tokens,total,-0.0021658566835408718,-0.0093540109944586589,0.0042027360835861245,source,36,26,19999,EERP
replication_word_tokens,total,-0.016460684899571237,-0.032952208271269663,-0.0017607447427924051,source,36,26,19999,EERP
lowercase_modal_tokens,total,-0.011069861784847108,-0.036330627623852835,0.016608167182696559,source,36,26,19999,EERP
epistemic_adverb_tokens,total,-0.00034570121964165547,-0.0072731432802702958,0.0061102555002836402,source,39,28,19999,ML1
replication_word_tokens,total,-0.017191702432487882,-0.032376675793145349,-0.0033961763040279841,source,39,28,19999,ML1
lowercase_modal_tokens,total,-0.011183346913450401,-0.034883310034841318,0.014634927420456826,source,39,28,19999,ML1
epistemic_adverb_tokens,total,-0.0013013140956389243,-0.0081621905636656954,0.0051258623779276667,source,36,30,19999,ML3
replication_word_tokens,total,-0.016624776882087834,-0.032821876442513213,-0.0022869480328260999,source,36,30,19999,ML3
lowercase_modal_tokens,total,-0.008785700147326863,-0.032592153344651272,0.017054406142285899,source,36,30,19999,ML3
epistemic_adverb_tokens,total,0.0028093457943114755,-0.0056630325670858793,0.011629622481142908,source,9,12,19999,RPP
replication_word_tokens,total,-0.0070067788239147775,-0.023875863833952325,0.0086320152207976491,source,9,12,19999,RPP
lowercase_modal_tokens,total,-0.010553547449125763,-0.045352369318043255,0.02837304022428927,source,9,12,19999,RPP
