assignment,metric,n_negative,n_positive,mean_negative,mean_positive,estimate,se,welch_df,welch_ci90_low,welch_ci90_high,welch_ci95_low,welch_ci95_high,welch_p,bootstrap_ci95_low,bootstrap_ci95_high,bootstrap_reps
rpp.154=failed;rpp.19=failed;rpp.73=failed,level,53,45,0.4991800969778229,0.5046556374821753,-0.00547554050435245,0.00890635592497219,94.0494284470959,-0.020270931845031356,0.009319850836326459,-0.023159197812588104,0.012208116803883205,0.5401778690692072,-0.02278028490208698,0.011874656070633567,19999
rpp.154=failed;rpp.19=failed;rpp.73=failed,transformed_drift,45,40,0.002331157147786395,0.002850428115777956,-0.0005192709679915611,0.003495465846556939,80.88007428450103,-0.006335420133944416,0.005296878197961295,-0.007474307889489046,0.006435765953505925,0.8822740860706653,-0.007175954740362804,0.006305251546950584,19999
rpp.154=failed;rpp.19=failed;rpp.73=failed,event_change,41,32,0.006480862980617494,0.005427848258484982,0.0010530147221325115,0.013898432662975921,69.09430388329172,-0.022118557586329305,0.024224587030594328,-0.02667292469097568,0.028778954135240703,0.9398250122792404,-0.026348957339778014,0.028403887048608283,19999
rpp.154=failed;rpp.19=failed;rpp.73=successful,level,52,46,0.4999155315350887,0.5037052431890846,-0.0037897116539958864,0.00890493775598793,95.05168981364201,-0.018581195482629678,0.011001772174637905,-0.021468124273249803,0.01388870096525803,0.67138018126093,-0.020998364855474107,0.013598574104824405,19999
rpp.154=failed;rpp.19=failed;rpp.73=successful,transformed_drift,45,40,0.002331157147786395,0.002850428115777956,-0.0005192709679915611,0.003495465846556939,80.88007428450103,-0.006335420133944416,0.005296878197961295,-0.007474307889489046,0.006435765953505925,0.8822740860706653,-0.007175954740362804,0.006305251546950584,19999
rpp.154=failed;rpp.19=failed;rpp.73=successful,event_change,41,32,0.006480862980617494,0.005427848258484982,0.0010530147221325115,0.013898432662975921,69.09430388329172,-0.022118557586329305,0.024224587030594328,-0.02667292469097568,0.028778954135240703,0.9398250122792404,-0.026348957339778014,0.028403887048608283,19999
rpp.154=failed;rpp.19=successful;rpp.73=failed,level,52,46,0.49968690486284795,0.5039636907316176,-0.0042767858687696725,0.008897674124425034,95.21434575423899,-0.019055955995880624,0.010502384258341279,-0.021940389474343194,0.01338681773680385,0.6318583884451127,-0.02136227589399074,0.013049703074861457,19999
rpp.154=failed;rpp.19=successful;rpp.73=failed,transformed_drift,45,40,0.002331157147786395,0.002850428115777956,-0.0005192709679915611,0.003495465846556939,80.88007428450103,-0.006335420133944416,0.005296878197961295,-0.007474307889489046,0.006435765953505925,0.8822740860706653,-0.007175954740362804,0.006305251546950584,19999
rpp.154=failed;rpp.19=successful;rpp.73=failed,event_change,40,33,0.00848947546422384,0.003025075997208578,0.0054643994670152615,0.013906379784384408,69.7677359975575,-0.017717381403225752,0.028646180337256275,-0.022272623884303788,0.03320142281833431,0.6955604691241031,-0.02202186309006154,0.03255465537562061,19999
rpp.154=failed;rpp.19=successful;rpp.73=successful,level,51,47,0.5004466971150606,0.5030482398649875,-0.002601542749926855,0.008900179344193666,95.79090448297212,-0.01738399986422378,0.012180914364370072,-0.0202687512794661,0.015065665779612391,0.7706876749067616,-0.01994171260502155,0.014751839452468043,19999
rpp.154=failed;rpp.19=successful;rpp.73=successful,transformed_drift,45,40,0.002331157147786395,0.002850428115777956,-0.0005192709679915611,0.003495465846556939,80.88007428450103,-0.006335420133944416,0.005296878197961295,-0.007474307889489046,0.006435765953505925,0.8822740860706653,-0.007175954740362804,0.006305251546950584,19999
rpp.154=failed;rpp.19=successful;rpp.73=successful,event_change,40,33,0.00848947546422384,0.003025075997208578,0.0054643994670152615,0.013906379784384408,69.7677359975575,-0.017717381403225752,0.028646180337256275,-0.022272623884303788,0.03320142281833431,0.6955604691241031,-0.02202186309006154,0.03255465537562061,19999
rpp.154=successful;rpp.19=failed;rpp.73=failed,level,53,45,0.4991800969778229,0.5046556374821753,-0.00547554050435245,0.00890635592497219,94.0494284470959,-0.020270931845031356,0.009319850836326459,-0.023159197812588104,0.012208116803883205,0.5401778690692072,-0.02278028490208698,0.011874656070633567,19999
rpp.154=successful;rpp.19=failed;rpp.73=failed,transformed_drift,45,40,0.002331157147786395,0.002850428115777956,-0.0005192709679915611,0.003495465846556939,80.88007428450103,-0.006335420133944416,0.005296878197961295,-0.007474307889489046,0.006435765953505925,0.8822740860706653,-0.007175954740362804,0.006305251546950584,19999
rpp.154=successful;rpp.19=failed;rpp.73=failed,event_change,41,32,0.006480862980617494,0.005427848258484982,0.0010530147221325115,0.013898432662975921,69.09430388329172,-0.022118557586329305,0.024224587030594328,-0.02667292469097568,0.028778954135240703,0.9398250122792404,-0.026348957339778014,0.028403887048608283,19999
rpp.154=successful;rpp.19=failed;rpp.73=successful,level,52,46,0.4999155315350887,0.5037052431890846,-0.0037897116539958864,0.00890493775598793,95.05168981364201,-0.018581195482629678,0.011001772174637905,-0.021468124273249803,0.01388870096525803,0.67138018126093,-0.020998364855474107,0.013598574104824405,19999
rpp.154=successful;rpp.19=failed;rpp.73=successful,transformed_drift,45,40,0.002331157147786395,0.002850428115777956,-0.0005192709679915611,0.003495465846556939,80.88007428450103,-0.006335420133944416,0.005296878197961295,-0.007474307889489046,0.006435765953505925,0.8822740860706653,-0.007175954740362804,0.006305251546950584,19999
rpp.154=successful;rpp.19=failed;rpp.73=successful,event_change,41,32,0.006480862980617494,0.005427848258484982,0.0010530147221325115,0.013898432662975921,69.09430388329172,-0.022118557586329305,0.024224587030594328,-0.02667292469097568,0.028778954135240703,0.9398250122792404,-0.026348957339778014,0.028403887048608283,19999
rpp.154=successful;rpp.19=successful;rpp.73=failed,level,52,46,0.49968690486284795,0.5039636907316176,-0.0042767858687696725,0.008897674124425034,95.21434575423899,-0.019055955995880624,0.010502384258341279,-0.021940389474343194,0.01338681773680385,0.6318583884451127,-0.02136227589399074,0.013049703074861457,19999
rpp.154=successful;rpp.19=successful;rpp.73=failed,transformed_drift,45,40,0.002331157147786395,0.002850428115777956,-0.0005192709679915611,0.003495465846556939,80.88007428450103,-0.006335420133944416,0.005296878197961295,-0.007474307889489046,0.006435765953505925,0.8822740860706653,-0.007175954740362804,0.006305251546950584,19999
rpp.154=successful;rpp.19=successful;rpp.73=failed,event_change,40,33,0.00848947546422384,0.003025075997208578,0.0054643994670152615,0.013906379784384408,69.7677359975575,-0.017717381403225752,0.028646180337256275,-0.022272623884303788,0.03320142281833431,0.6955604691241031,-0.02202186309006154,0.03255465537562061,19999
rpp.154=successful;rpp.19=successful;rpp.73=successful,level,51,47,0.5004466971150606,0.5030482398649875,-0.002601542749926855,0.008900179344193666,95.79090448297212,-0.01738399986422378,0.012180914364370072,-0.0202687512794661,0.015065665779612391,0.7706876749067616,-0.01994171260502155,0.014751839452468043,19999
rpp.154=successful;rpp.19=successful;rpp.73=successful,transformed_drift,45,40,0.002331157147786395,0.002850428115777956,-0.0005192709679915611,0.003495465846556939,80.88007428450103,-0.006335420133944416,0.005296878197961295,-0.007474307889489046,0.006435765953505925,0.8822740860706653,-0.007175954740362804,0.006305251546950584,19999
rpp.154=successful;rpp.19=successful;rpp.73=successful,event_change,40,33,0.00848947546422384,0.003025075997208578,0.0054643994670152615,0.013906379784384408,69.7677359975575,-0.017717381403225752,0.028646180337256275,-0.022272623884303788,0.03320142281833431,0.6955604691241031,-0.02202186309006154,0.03255465537562061,19999
