outcome,event_time,n_papers,mean_change,t_ci95_low,t_ci95_high
negative,-8,3,0.015949899582044208,-0.3373504762945635,0.36925027545865186
negative,-7,17,0.02324105488983591,-0.06722304129202246,0.11370515107169428
negative,-6,31,-0.0073580654547691264,-0.05198614391346491,0.037270013003926655
negative,-5,32,0.05464903050249955,0.012633116160815097,0.096664944844184
negative,-4,38,0.0349433990949141,-0.012426952423510731,0.08231375061333893
negative,-3,37,-0.019441518552604085,-0.04510710052393991,0.006224063418731739
negative,-2,37,-0.011588287695306686,-0.05983101346546718,0.036654438074853815
negative,-1,37,0.01242474035006082,-0.019319682656767843,0.04416916335688949
negative,0,38,0.003969855884740807,-0.03862829451683887,0.04656800628632049
negative,1,34,-0.036484004206889624,-0.07275725904792667,-0.00021074936585258053
negative,2,39,0.020043495285085932,-0.017325522959925062,0.05741251353009692
negative,3,37,-0.030456755416328585,-0.0710032608856613,0.010089750053004137
negative,4,34,0.0051564145240694725,-0.03194807625038697,0.042260905298525914
negative,5,34,0.0014667102717053552,-0.04713487602148181,0.05006829656489252
negative,6,30,0.0006679232332309835,-0.06688263364686711,0.06821848011332907
negative,7,36,0.07394112043602911,0.011073916681216933,0.1368083241908413
negative,8,37,0.03654150261527887,-0.01573603270584062,0.08881903793639837
positive,-8,4,-0.16673586829836826,-0.3550697001537399,0.021597963557003386
positive,-7,9,-0.019875918834252184,-0.13385414632677514,0.09410230865827077
positive,-6,19,-0.06967455876371054,-0.15136934258685483,0.012020225059433759
positive,-5,21,0.01686605221761007,-0.012911785403488082,0.04664388983870822
positive,-4,27,0.0007622300292866272,-0.048050095433234664,0.04957455549180791
positive,-3,26,-0.0252394318194715,-0.059943084713278305,0.009464221074335307
positive,-2,25,0.02265822963647834,-0.01739873447658302,0.0627151937495397
positive,-1,29,-0.0006981412432617273,-0.027837894012463605,0.026441611525940153
positive,0,29,0.010719485966790957,-0.028257312319910032,0.04969628425349194
positive,1,27,-0.008327329799652295,-0.059335582651930494,0.0426809230526259
positive,2,27,-0.027008308407101497,-0.0808184132726979,0.0268017964584949
positive,3,29,-0.03328915483361936,-0.0828331556431007,0.01625484597586197
positive,4,26,0.028535157124985125,-0.03281490550901063,0.08988521975898088
positive,5,27,-0.00249901735635691,-0.06856781325962544,0.06356977854691162
positive,6,25,0.0062830030487771,-0.06153323867495673,0.07409924477251094
positive,7,20,-0.01756711514850051,-0.09217765637589898,0.05704342607889795
positive,8,27,-0.012966877797043428,-0.08141806000706019,0.05548430441297333
