n_negative,n_positive,mean_negative,mean_positive,estimate,se,welch_df,inference_note,welch_ci90_low,welch_ci90_high,welch_ci95_low,welch_ci95_high,welch_p,bootstrap_ci95_low,bootstrap_ci95_high,bootstrap_reps,event_time,n_texts,baseline
3,4,0.01594989958204418,-0.16673586829836828,0.18268576788041246,0.10121543931198344,3.913393638193805,exploratory small group; percentile bootstrap can be discrete and poorly calibrated; compare Welch interval,-0.03446941792103811,0.399840953681863,-0.1008031331151184,0.46617466887594333,0.14698774029041833,0.03621503496503495,0.3495656291172596,19999,-8,44,Each paper positive-text mean at event times -5 through -1; paper-year mean then equal paper weights
17,9,0.02324105488983591,-0.019875918834252177,0.043116973724088084,0.0652996272676003,19.07287658130217,exploratory small group; percentile bootstrap can be discrete and poorly calibrated; compare Welch interval,-0.06977267463647663,0.1560066220846528,-0.09352137990992714,0.1797553273581033,0.5169608108450441,-0.07809423998744426,0.16533590254066463,19999,-7,73,Each paper positive-text mean at event times -5 through -1; paper-year mean then equal paper weights
31,19,-0.007358065454769131,-0.06967455876371054,0.06231649330894141,0.044604667344313544,29.404638692335507,,-0.013438117229005335,0.13807110384688814,-0.028855796078603856,0.15348878269648666,0.17284293767437933,-0.01906146622795491,0.14887598684816522,19999,-6,192,Each paper positive-text mean at event times -5 through -1; paper-year mean then equal paper weights
32,21,0.05464903050249956,0.016866052217610072,0.03778297828488948,0.02506360851230376,50.036404938207696,,-0.0042206722896247495,0.07978662885940371,-0.012557853486061026,0.08812381005584,0.13797503129009256,-0.008627945677709668,0.0881191169906715,19999,-5,349,Each paper positive-text mean at event times -5 through -1; paper-year mean then equal paper weights
38,27,0.03494339909491411,0.000762230029286618,0.034181169065627494,0.03332401429038721,60.73350107362174,,-0.021481015370502947,0.08984335350175793,-0.03246022988889143,0.10082256802014641,0.30909084061486786,-0.03338049635743937,0.09679019225339536,19999,-4,468,Each paper positive-text mean at event times -5 through -1; paper-year mean then equal paper weights
37,26,-0.019441518552604092,-0.025239431819471508,0.005797913266867415,0.021073186440081493,50.089478110604965,,-0.029517554927388976,0.04111338146112381,-0.036526954054526745,0.04812278058826158,0.7843463900168599,-0.03375977081994408,0.04681035654406404,19999,-3,483,Each paper positive-text mean at event times -5 through -1; paper-year mean then equal paper weights
37,25,-0.011588287695306697,0.022658229636478348,-0.03424651733178505,0.030700454637047635,59.99997095404145,,-0.08553619741259562,0.017043162749025523,-0.09565657048857312,0.027163535825003027,0.26908190920153513,-0.09344227260263048,0.02533614386909295,19999,-2,484,Each paper positive-text mean at event times -5 through -1; paper-year mean then equal paper weights
37,29,0.012424740350060824,-0.0006981412432617181,0.013122881593322542,0.020507001305102187,63.89532866415924,,-0.021104394220498396,0.047350157407143476,-0.027845855585692046,0.054091618772337126,0.5245113194460775,-0.0255734331785542,0.05326008764199457,19999,-1,528,Each paper positive-text mean at event times -5 through -1; paper-year mean then equal paper weights
38,29,0.003969855884740798,0.010719485966790973,-0.006749630082050174,0.02835590115437582,64.89913856506253,,-0.05406637008747499,0.040567109923374645,-0.06338194372817868,0.04988268356407834,0.8126057068977116,-0.06016126855692211,0.049590121564431267,19999,0,558,Each paper positive-text mean at event times -5 through -1; paper-year mean then equal paper weights
34,27,-0.03648400420688963,-0.00832732979965229,-0.02815667440723734,0.030555889593110005,49.39947580571892,,-0.07937719704894516,0.023063848234470483,-0.08954847588146668,0.033235127066992,0.3612778774161597,-0.0860607128720284,0.03166403270175987,19999,1,477,Each paper positive-text mean at event times -5 through -1; paper-year mean then equal paper weights
39,27,0.02004349528508594,-0.02700830840710149,0.04705180369218743,0.03203197163112103,49.85099463474193,,-0.006633767602498529,0.10073737498687338,-0.017291069925267112,0.11139467730964198,0.14814213991208278,-0.012718497566084543,0.11001185276135364,19999,2,473,Each paper positive-text mean at event times -5 through -1; paper-year mean then equal paper weights
37,29,-0.0304567554163286,-0.03328915483361939,0.0028323994172907915,0.03137974451810598,58.20107653210926,,-0.04961755798387666,0.05528235681845824,-0.05997636370837795,0.06564116254295954,0.928388913631416,-0.059057879376527816,0.06303120872756003,19999,3,447,Each paper positive-text mean at event times -5 through -1; paper-year mean then equal paper weights
34,26,0.005156414524069464,0.028535157124985132,-0.02337874260091567,0.03492773902748109,42.70841112386855,,-0.0821035684468133,0.03534608324498195,-0.09383115156893547,0.047073666367104125,0.5068773528208399,-0.09007744331476492,0.04393743510938506,19999,4,412,Each paper positive-text mean at event times -5 through -1; paper-year mean then equal paper weights
34,27,0.0014667102717053691,-0.002499017356356901,0.00396572762806227,0.04004708734306111,50.51334097583948,,-0.06313651482733633,0.07106797008346087,-0.07645096592108507,0.08438242117720961,0.9215090806249281,-0.07299655641573864,0.08081636544815161,19999,5,342,Each paper positive-text mean at event times -5 through -1; paper-year mean then equal paper weights
30,25,0.0006679232332309733,0.006283003048777114,-0.00561507981554614,0.04658906584244923,52.57810213578084,,-0.08362172653230417,0.07239156690121189,-0.09907841910167522,0.08784825947058295,0.9045278183662959,-0.09169751874515764,0.08689268584427703,19999,6,278,Each paper positive-text mean at event times -5 through -1; paper-year mean then equal paper weights
36,20,0.07394112043602913,-0.017567115148500508,0.09150823558452964,0.04721977491253194,44.683613370728835,,0.012194249037881771,0.1708222221311775,-0.003615862955119481,0.18663233412417876,0.058967502039676496,-0.0014811011934873527,0.18241152742658687,19999,7,242,Each paper positive-text mean at event times -5 through -1; paper-year mean then equal paper weights
37,27,0.03654150261527889,-0.012966877797043426,0.04950838041232231,0.04211168304316281,52.80029611694442,,-0.02099621575790788,0.1200129765825525,-0.03496441746919559,0.1339811782938402,0.24501084488302705,-0.03214826731028253,0.13040218174954535,19999,8,227,Each paper positive-text mean at event times -5 through -1; paper-year mean then equal paper weights
