metric,illustrative_model_scale_margin,tost_p,tost_pass_05,normal_approx_equivalence_power_assuming_true_zero,normal_approx_detect_difference_power,normal_approx_80pct_detectable_difference,normal_approx_margin_for_80pct_equivalence_if_zero,interpretation
level,0.005,0.465171950412986,False,0.0,0.085836137494541,0.025285205157845648,0.02641174546069592,"post hoc hypothetical precision diagnostic; not a SESOI, human-scale equivalence, or achieved-power estimate"
level,0.01,0.2613396107899038,False,0.0,0.19819297330605587,0.025285205157845648,0.02641174546069592,"post hoc hypothetical precision diagnostic; not a SESOI, human-scale equivalence, or achieved-power estimate"
level,0.02,0.041737200865934077,True,0.4320912565252888,0.6010485858624095,0.025285205157845648,0.02641174546069592,"post hoc hypothetical precision diagnostic; not a SESOI, human-scale equivalence, or achieved-power estimate"
level,0.03,0.0026325020208593755,True,0.9068728932484187,0.9137190514509897,0.025285205157845648,0.02641174546069592,"post hoc hypothetical precision diagnostic; not a SESOI, human-scale equivalence, or achieved-power estimate"
level,0.05,9.927264740154714e-07,True,0.9999018481316342,0.9998282064061756,0.025285205157845648,0.02641174546069592,"post hoc hypothetical precision diagnostic; not a SESOI, human-scale equivalence, or achieved-power estimate"
transformed_drift,0.0025,0.2862583253529837,False,0.0,0.11034601051740234,0.009792845446132653,0.010229149403556905,"post hoc hypothetical precision diagnostic; not a SESOI, human-scale equivalence, or achieved-power estimate"
transformed_drift,0.005,0.1017755296336878,False,0.0,0.29856460033465987,0.009792845446132653,0.010229149403556905,"post hoc hypothetical precision diagnostic; not a SESOI, human-scale equivalence, or achieved-power estimate"
transformed_drift,0.01,0.004080280615175127,True,0.7760133184932778,0.8161759874494503,0.009792845446132653,0.010229149403556905,"post hoc hypothetical precision diagnostic; not a SESOI, human-scale equivalence, or achieved-power estimate"
transformed_drift,0.02,1.5975358418239863e-07,True,0.9999543489783067,0.9999156302849074,0.009792845446132653,0.010229149403556905,"post hoc hypothetical precision diagnostic; not a SESOI, human-scale equivalence, or achieved-power estimate"
event_change,0.005,0.44481956120251104,False,0.0,0.064913226052013,0.038990367349066975,0.04072751838135876,"post hoc hypothetical precision diagnostic; not a SESOI, human-scale equivalence, or achieved-power estimate"
event_change,0.01,0.30984919878741274,False,0.0,0.11092089949745332,0.038990367349066975,0.04072751838135876,"post hoc hypothetical precision diagnostic; not a SESOI, human-scale equivalence, or achieved-power estimate"
event_change,0.02,0.1138771508563794,False,0.0,0.30086299207482325,0.038990367349066975,0.04072751838135876,"post hoc hypothetical precision diagnostic; not a SESOI, human-scale equivalence, or achieved-power estimate"
event_change,0.03,0.028523519095520887,True,0.39046991089681304,0.5775709813707365,0.038990367349066975,0.04072751838135876,"post hoc hypothetical precision diagnostic; not a SESOI, human-scale equivalence, or achieved-power estimate"
event_change,0.05,0.0006141128004940614,True,0.9485622562369818,0.9487338858359565,0.038990367349066975,0.04072751838135876,"post hoc hypothetical precision diagnostic; not a SESOI, human-scale equivalence, or achieved-power estimate"
