analysis_claim_id,component_id,component_size
v3_1_f_noise_and_effort_on_implicit_measure,1,1
v3_a_motion_aftereffect_from_still_photogra,2,1
v3_a_needs_based_model_of_reconciliation_sa,3,1
v3_a_single_exposure_to_the_american_flag_s,4,1
v3_a_single_system_account_of_the_relations,5,1
v3_a_social_functional_approach_to_emotions,6,2
v3_social_identity_contingencies_how_divers,6,2
v3_a_word_order_constraint_on_phonological_,7,1
v3_accelerated_relearning_after_retrieval_i,8,1
v3_across_notation_automatic_numerical_proc,9,1
v3_action_dynamics_reveal_parallel_competit,10,1
v3_affective_incoherence_when_affective_con,11,1
v3_age_related_changes_in_the_episodic_simu,12,1
v3_attractor_dynamics_and_semantic_neighbor,13,1
v3_auditory_change_detection_simple_sounds_,14,1
v3_availability_a_heuristic_for_judging_fre,15,1
v3_balancing_connectedness_and_self_protect,16,3
v3_how_the_head_liberates_the_heart_project,16,3
v3_walking_on_eggshells_how_expressing_rela,16,3
v3_cloningertextquotesingles_psychobiologic,17,1
v3_conflict_triggered_goal_shielding_respon,18,1
v3_coordination_in_the_presence_of_asset_ma,19,1
v3_decision_making_and_learning_while_takin,20,1
v3_deferred_compensation_in_multiperiod_lab,21,1
v3_effects_of_fluency_on_psychological_dist,22,1
v3_effects_of_need_for_cognition_on_message,23,3
v3_moral_credentials_and_the_expression_of_,23,3
v3_warmer_hearts_warmer_rooms,23,3
v3_elaboration_enhances_the_imagined_contac,24,1
v3_expectations_as_endowments_evidence_on_r,25,5
v3_imperfect_public_monitoring_with_costly_,25,5
v3_last_place_aversion_evidence_and_redistr,25,5
v3_slow_to_anger_and_fast_to_forgive_cooper,25,5
v3_the_stroop_effect_why_proportion_congrue,25,5
v3_experiments_in_wording_questions_ii,26,3
v3_response_scales_effects_of_category_rang,26,3
v3_the_framing_of_decisions_and_the_psychol,26,3
v3_extremal_edge_a_powerful_cue_to_depth_pe,27,1
v3_happiness_and_time_preference_the_effect,28,1
v3_head_up_foot_down_object_words_orient_at,29,1
v3_hedonic_and_instrumental_motives_in_ange,30,1
v3_how_does_bilingualism_improve_executive_,31,4
v3_left_frontal_cortical_activation_and_spr,31,4
v3_multidimensional_visual_statistical_lear,31,4
v3_the_ultimate_sampling_dilemma_in_experie,31,4
v3_increasing_and_decreasing_motor_and_cogn,32,1
v3_individual_differences_in_the_regulation,33,2
v3_the_threat_of_appearing_prejudiced_and_r,33,2
v3_instructional_manipulation_checks_detect,34,1
v3_intentional_forgetting_is_easier_after_t,35,1
v3_is_happiness_having_what_you_want_wantin,36,1
v3_it_feels_like_yesterday_self_esteem_vale,37,1
v3_learning_correct_responses_and_errors_in,38,1
v3_math_male_me_female_therefore_math_ne_me,39,1
v3_measures_of_anchoring_in_estimation_task,40,1
v3_measuring_the_crowd_within_probabilistic,41,1
v3_mere_exposure_to_money_increases_endorse,42,1
v3_metaphoric_structuring_understanding_tim,43,1
v3_modeling_distributions_of_immediate_memo,44,1
v3_multiple_roles_for_time_in_short_term_me,45,1
v3_not_so_innocent_does_seeing_one_s_own_ca,46,1
v3_on_the_additive_effects_of_stimulus_qual,47,1
v3_on_the_relative_independence_of_thinking,48,1
v3_on_the_selection_of_arbitrators,49,1
v3_opening_the_mind_to_close_it_considering,50,1
v3_organ_allocation_policy_and_the_decision,51,1
v3_orienting_attention_in_visual_working_me,52,1
v3_perceptual_mechanisms_that_characterize_,53,1
v3_personality_dominance_and_preferential_u,54,1
v3_poignancy_mixed_emotional_experience_in_,55,1
v3_precision_of_the_anchor_influences_the_a,56,1
v3_preschoolers_perspective_taking_in_word_,57,1
v3_prescribed_optimism_is_it_right_to_be_wr,58,1
v3_prestige_suggestion_and_attitudes,59,1
v3_priming_addition_facts_with_semantic_rel,60,1
v3_running_on_empty_neural_signals_for_self,61,1
v3_screening_competition_and_job_design_eco,62,1
v3_selective_exposure_and_information_quant,63,2
v3_self_regulation_and_selective_exposure_t,63,2
v3_self_handicapping_excuse_making_and_coun,64,1
v3_semantic_interference_in_a_delayed_namin,65,1
v3_stereotypes_and_retrieval_provoked_illus,66,1
v3_terror_management_and_adults_attachment_,67,1
v3_thar_she_bursts_reducing_confusion_reduc,68,1
v3_the_developmental_psychometrics_of_big_f,69,1
v3_the_economics_of_credence_goods_an_exper,70,1
v3_the_effect_of_global_versus_local_proces,71,1
v3_the_effects_of_an_implemental_mind_set_o,72,1
v3_the_face_of_success_inferences_from_chie,73,1
v3_the_intermixed_blocked_effect_in_human_p,74,1
v3_the_lure_of_authority_motivation_and_inc,75,1
v3_the_nonverbal_expression_of_pride_eviden,76,1
v3_the_potential_of_social_identity_for_equ,77,1
v3_the_representation_of_simple_ensemble_vi,78,1
v3_the_retrospective_gambler_s_fallacy_unli,79,1
v3_the_space_between_us_stereotype_threat_a,80,1
v3_the_value_heuristic_in_judgments_of_rela,81,1
v3_toward_a_physiology_of_dual_process_reas,82,1
v3_tracing_attention_and_the_activation_flo,83,1
v3_weight_as_an_embodiment_of_importance,84,1
v3_when_does_between_sequence_phonological_,85,1
v3_where_do_we_look_during_potentially_offe,86,1
v3_why_do_implicit_and_explicit_attitude_te,87,1
v3_why_people_are_reluctant_to_tempt_fate,88,1
v3_working_memory_costs_of_task_switching,89,1
