feature,measure,n_negative,n_positive,mean_negative,mean_positive,estimate,ci95_low,ci95_high
epistemic_adverb_tokens,all_event_change,40,32,-0.00301406964186341,0.0002594724263037876,-0.0032735420681671975,-0.012482257306482353,0.005474439969197586
epistemic_adverb_tokens,positive_event_change,40,32,-0.002124925754535855,0.0019097187387389666,-0.004034644493274822,-0.015612369685363035,0.006814689094633752
epistemic_adverb_tokens,filtered_minus_all_change,40,32,0.0008891438873275563,0.0016502463124351786,-0.0007611024251076223,-0.007178551199388683,0.005238399293887581
replication_word_tokens,all_event_change,40,32,0.0035962918200126066,0.005763196096247546,-0.0021669042762349397,-0.018695400698050167,0.013977784312852678
replication_word_tokens,positive_event_change,40,32,-0.011695985829750042,0.00599995893280646,-0.017695944762556502,-0.03989001450151413,0.002552818820690644
replication_word_tokens,filtered_minus_all_change,40,32,-0.015292277649762648,0.0002367628365589165,-0.015529040486321564,-0.030342652436614687,-0.0024044019541018223
lowercase_modal_tokens,all_event_change,40,32,0.012966090966829274,0.009270673311375897,0.003695417655453377,-0.028335904455391116,0.03900790195520475
lowercase_modal_tokens,positive_event_change,40,32,0.01727894843466795,0.024516674267866488,-0.007237725833198538,-0.05208243332238712,0.041095720552569034
lowercase_modal_tokens,filtered_minus_all_change,40,32,0.004312857467838674,0.01524600095649059,-0.010933143488651917,-0.03331970289746998,0.013140131678839043
