analysis_claim_id,criterion,feature,all_event_change,positive_event_change,filtered_minus_all_change
v3_1_f_noise_and_effort_on_implicit_measure,failed,epistemic_adverb_tokens,0.02631578947368421,0.06666666666666667,0.04035087719298246
v3_a_motion_aftereffect_from_still_photogra,successful,epistemic_adverb_tokens,0.0,0.0,0.0
v3_a_single_exposure_to_the_american_flag_s,failed,epistemic_adverb_tokens,0.010416666666666666,0.0,-0.010416666666666666
v3_a_social_functional_approach_to_emotions,failed,epistemic_adverb_tokens,0.0,0.0,0.0
v3_accelerated_relearning_after_retrieval_i,failed,epistemic_adverb_tokens,0.0,0.0,0.0
v3_action_dynamics_reveal_parallel_competit,successful,epistemic_adverb_tokens,0.0,0.0,0.0
v3_affective_incoherence_when_affective_con,failed,epistemic_adverb_tokens,0.0,0.0,0.0
v3_attractor_dynamics_and_semantic_neighbor,successful,epistemic_adverb_tokens,0.0,0.0,0.0
v3_auditory_change_detection_simple_sounds_,successful,epistemic_adverb_tokens,0.0,0.0,0.0
v3_availability_a_heuristic_for_judging_fre,successful,epistemic_adverb_tokens,-0.02702702702702703,-0.03508771929824561,-0.008060692271218584
v3_balancing_connectedness_and_self_protect,failed,epistemic_adverb_tokens,-0.0011010906040268458,-0.0005486065393899512,0.0005524840646368946
v3_cloningertextquotesingles_psychobiologic,failed,epistemic_adverb_tokens,-0.0065087494664959455,-0.007074829931972787,-0.0005660804654768412
v3_conflict_triggered_goal_shielding_respon,successful,epistemic_adverb_tokens,-0.0625,0.0,0.0625
v3_decision_making_and_learning_while_takin,failed,epistemic_adverb_tokens,0.0,0.0,0.0
v3_effects_of_fluency_on_psychological_dist,failed,epistemic_adverb_tokens,-0.013333333333333334,0.0,0.013333333333333334
v3_effects_of_need_for_cognition_on_message,failed,epistemic_adverb_tokens,0.0,0.0,0.0
v3_elaboration_enhances_the_imagined_contac,successful,epistemic_adverb_tokens,0.00018170805572380322,0.0013683634373289552,0.001186655381605152
v3_expectations_as_endowments_evidence_on_r,failed,epistemic_adverb_tokens,0.0,0.0,0.0
v3_experiments_in_wording_questions_ii,successful,epistemic_adverb_tokens,-0.020833333333333332,0.0,0.020833333333333332
v3_happiness_and_time_preference_the_effect,failed,epistemic_adverb_tokens,0.0,0.0,0.0
v3_head_up_foot_down_object_words_orient_at,failed,epistemic_adverb_tokens,0.0,0.0,0.0
v3_hedonic_and_instrumental_motives_in_ange,successful,epistemic_adverb_tokens,0.0,0.0,0.0
v3_how_does_bilingualism_improve_executive_,failed,epistemic_adverb_tokens,-0.005649717514124294,-0.010526315789473684,-0.00487659827534939
v3_how_the_head_liberates_the_heart_project,successful,epistemic_adverb_tokens,0.013513513513513514,0.016129032258064516,0.0026155187445510014
v3_imperfect_public_monitoring_with_costly_,successful,epistemic_adverb_tokens,0.02,0.04081632653061224,0.02081632653061224
v3_increasing_and_decreasing_motor_and_cogn,failed,epistemic_adverb_tokens,-0.018292682926829267,-0.030612244897959183,-0.012319561971129916
v3_individual_differences_in_the_regulation,failed,epistemic_adverb_tokens,0.028985507246376812,0.025,-0.0039855072463768106
v3_it_feels_like_yesterday_self_esteem_vale,failed,epistemic_adverb_tokens,0.007173210946795853,0.019801980198019802,0.01262876925122395
v3_last_place_aversion_evidence_and_redistr,failed,epistemic_adverb_tokens,0.00423728813559322,0.00641025641025641,0.0021729682746631897
v3_left_frontal_cortical_activation_and_spr,failed,epistemic_adverb_tokens,0.0,0.0,0.0
v3_measuring_the_crowd_within_probabilistic,successful,epistemic_adverb_tokens,0.014925373134328358,0.015873015873015872,0.0009476427386875142
v3_multidimensional_visual_statistical_lear,successful,epistemic_adverb_tokens,0.0,0.0,0.0
v3_multiple_roles_for_time_in_short_term_me,successful,epistemic_adverb_tokens,0.0,0.0,0.0
v3_not_so_innocent_does_seeing_one_s_own_ca,failed,epistemic_adverb_tokens,-0.013333333333333334,-0.018867924528301886,-0.005534591194968552
v3_on_the_additive_effects_of_stimulus_qual,successful,epistemic_adverb_tokens,0.015625,0.037037037037037035,0.021412037037037035
v3_opening_the_mind_to_close_it_considering,failed,epistemic_adverb_tokens,0.0,0.0,0.0
v3_orienting_attention_in_visual_working_me,failed,epistemic_adverb_tokens,0.01904761904761905,0.03333333333333333,0.014285714285714284
v3_perceptual_mechanisms_that_characterize_,failed,epistemic_adverb_tokens,0.017543859649122806,0.025,0.007456140350877195
v3_poignancy_mixed_emotional_experience_in_,failed,epistemic_adverb_tokens,0.010416666666666666,0.018518518518518517,0.008101851851851851
v3_precision_of_the_anchor_influences_the_a,successful,epistemic_adverb_tokens,0.011764705882352941,0.01694915254237288,0.00518444666001994
v3_priming_addition_facts_with_semantic_rel,successful,epistemic_adverb_tokens,0.0,0.0,0.0
v3_response_scales_effects_of_category_rang,successful,epistemic_adverb_tokens,0.0,0.0,0.0
v3_running_on_empty_neural_signals_for_self,successful,epistemic_adverb_tokens,0.0,0.0,0.0
v3_screening_competition_and_job_design_eco,successful,epistemic_adverb_tokens,0.0,0.0,0.0
v3_selective_exposure_and_information_quant,successful,epistemic_adverb_tokens,0.0,0.0,0.0
v3_self_handicapping_excuse_making_and_coun,successful,epistemic_adverb_tokens,0.0,0.0,0.0
v3_self_regulation_and_selective_exposure_t,failed,epistemic_adverb_tokens,0.0,0.0,0.0
v3_semantic_interference_in_a_delayed_namin,failed,epistemic_adverb_tokens,-0.009708737864077669,-0.022222222222222223,-0.012513484358144554
v3_slow_to_anger_and_fast_to_forgive_cooper,successful,epistemic_adverb_tokens,0.0,0.0,0.0
v3_terror_management_and_adults_attachment_,failed,epistemic_adverb_tokens,-0.018867924528301886,-0.023255813953488372,-0.004387889425186486
v3_thar_she_bursts_reducing_confusion_reduc,successful,epistemic_adverb_tokens,0.0,0.0,0.0
v3_the_economics_of_credence_goods_an_exper,successful,epistemic_adverb_tokens,0.00819672131147541,0.0,-0.00819672131147541
v3_the_effect_of_global_versus_local_proces,failed,epistemic_adverb_tokens,0.0,0.0,0.0
v3_the_face_of_success_inferences_from_chie,failed,epistemic_adverb_tokens,-0.012345679012345678,0.0,0.012345679012345678
v3_the_framing_of_decisions_and_the_psychol,successful,epistemic_adverb_tokens,0.011904761904761904,0.0,-0.011904761904761904
v3_the_lure_of_authority_motivation_and_inc,successful,epistemic_adverb_tokens,-0.02206039837224245,-0.05445116681071738,-0.03239076843847492
v3_the_nonverbal_expression_of_pride_eviden,successful,epistemic_adverb_tokens,-0.008244459571893202,-0.012654012654012652,-0.00440955308211945
v3_the_potential_of_social_identity_for_equ,failed,epistemic_adverb_tokens,-0.010869565217391304,0.0,0.010869565217391304
v3_the_representation_of_simple_ensemble_vi,successful,epistemic_adverb_tokens,0.014218009478672985,0.01818181818181818,0.003963808703145196
v3_the_space_between_us_stereotype_threat_a,failed,epistemic_adverb_tokens,-0.03389830508474576,-0.05263157894736842,-0.018733273862622656
v3_the_stroop_effect_why_proportion_congrue,successful,epistemic_adverb_tokens,0.010067114093959731,0.01694915254237288,0.00688203844841315
v3_the_threat_of_appearing_prejudiced_and_r,failed,epistemic_adverb_tokens,0.015625,0.022222222222222223,0.006597222222222223
v3_the_ultimate_sampling_dilemma_in_experie,successful,epistemic_adverb_tokens,0.02857142857142857,0.0,-0.02857142857142857
v3_toward_a_physiology_of_dual_process_reas,failed,epistemic_adverb_tokens,0.0,0.0,0.0
v3_tracing_attention_and_the_activation_flo,failed,epistemic_adverb_tokens,-0.008264462809917356,0.0,0.008264462809917356
v3_walking_on_eggshells_how_expressing_rela,failed,epistemic_adverb_tokens,-0.07142857142857142,-0.09090909090909091,-0.019480519480519487
v3_weight_as_an_embodiment_of_importance,failed,epistemic_adverb_tokens,0.015037593984962405,0.012345679012345678,-0.002691914972616727
v3_when_does_between_sequence_phonological_,failed,epistemic_adverb_tokens,0.043478260869565216,0.06,0.01652173913043478
v3_where_do_we_look_during_potentially_offe,failed,epistemic_adverb_tokens,-0.09523809523809523,-0.11764705882352941,-0.022408963585434177
v3_why_do_implicit_and_explicit_attitude_te,successful,epistemic_adverb_tokens,0.0,0.0,0.0
v3_why_people_are_reluctant_to_tempt_fate,failed,epistemic_adverb_tokens,0.0,0.0,0.0
v3_working_memory_costs_of_task_switching,failed,epistemic_adverb_tokens,0.0,0.0,0.0
v3_1_f_noise_and_effort_on_implicit_measure,failed,replication_word_tokens,0.05314757481940144,-0.07142857142857142,-0.12457614624797286
v3_a_motion_aftereffect_from_still_photogra,successful,replication_word_tokens,-0.058823529411764705,-0.05,0.008823529411764702
v3_a_single_exposure_to_the_american_flag_s,failed,replication_word_tokens,0.08333333333333333,0.07547169811320754,-0.007861635220125784
v3_a_social_functional_approach_to_emotions,failed,replication_word_tokens,0.0136986301369863,0.020833333333333332,0.007134703196347032
v3_accelerated_relearning_after_retrieval_i,failed,replication_word_tokens,-0.04278074866310161,-0.05514705882352941,-0.012366310160427801
v3_action_dynamics_reveal_parallel_competit,successful,replication_word_tokens,-0.025554187192118227,-0.013684210526315792,0.011869976665802435
v3_affective_incoherence_when_affective_con,failed,replication_word_tokens,-0.08333333333333333,-0.15,-0.06666666666666667
v3_attractor_dynamics_and_semantic_neighbor,successful,replication_word_tokens,0.0,0.0,0.0
v3_auditory_change_detection_simple_sounds_,successful,replication_word_tokens,0.03125,0.0,-0.03125
v3_availability_a_heuristic_for_judging_fre,successful,replication_word_tokens,0.0,0.0,0.0
v3_balancing_connectedness_and_self_protect,failed,replication_word_tokens,-0.0078125,-0.010752688172043012,-0.0029401881720430116
v3_cloningertextquotesingles_psychobiologic,failed,replication_word_tokens,0.007575757575757576,0.013333333333333334,0.005757575757575758
v3_conflict_triggered_goal_shielding_respon,successful,replication_word_tokens,0.08571428571428572,0.15,0.06428571428571428
v3_decision_making_and_learning_while_takin,failed,replication_word_tokens,0.0,0.0,0.0
v3_effects_of_fluency_on_psychological_dist,failed,replication_word_tokens,0.028901734104046242,0.04672897196261682,0.01782723785857058
v3_effects_of_need_for_cognition_on_message,failed,replication_word_tokens,0.045454545454545456,0.02127659574468085,-0.024177949709864605
v3_elaboration_enhances_the_imagined_contac,successful,replication_word_tokens,0.01217443973349485,-0.0072523262178434585,-0.01942676595133831
v3_expectations_as_endowments_evidence_on_r,failed,replication_word_tokens,-0.014030218933086647,-0.022142857142857145,-0.008112638209770498
v3_experiments_in_wording_questions_ii,successful,replication_word_tokens,0.0,0.0,0.0
v3_happiness_and_time_preference_the_effect,failed,replication_word_tokens,-0.04011824324324324,-0.1,-0.05988175675675676
v3_head_up_foot_down_object_words_orient_at,failed,replication_word_tokens,0.0050167224080267525,0.006511627906976743,0.0014949054989499902
v3_hedonic_and_instrumental_motives_in_ange,successful,replication_word_tokens,0.013888888888888888,0.02127659574468085,0.007387706855791962
v3_how_does_bilingualism_improve_executive_,failed,replication_word_tokens,-0.03615104054923836,-0.08374783111625217,-0.04759679056701381
v3_how_the_head_liberates_the_heart_project,successful,replication_word_tokens,0.013513513513513514,0.0,-0.013513513513513514
v3_imperfect_public_monitoring_with_costly_,successful,replication_word_tokens,0.07,0.02040816326530612,-0.04959183673469389
v3_increasing_and_decreasing_motor_and_cogn,failed,replication_word_tokens,0.08045977011494253,0.05263157894736842,-0.02782819116757411
v3_individual_differences_in_the_regulation,failed,replication_word_tokens,0.012592064623425991,0.0022727272727272735,-0.010319337350698718
v3_it_feels_like_yesterday_self_esteem_vale,failed,replication_word_tokens,0.0,0.0,0.0
v3_last_place_aversion_evidence_and_redistr,failed,replication_word_tokens,0.012711864406779662,0.0,-0.012711864406779662
v3_left_frontal_cortical_activation_and_spr,failed,replication_word_tokens,-0.009922346850733389,0.02702702702702703,0.036949373877760414
v3_measuring_the_crowd_within_probabilistic,successful,replication_word_tokens,-0.1,-0.09375,0.0062500000000000056
v3_multidimensional_visual_statistical_lear,successful,replication_word_tokens,0.09859154929577464,0.14285714285714285,0.04426559356136821
v3_multiple_roles_for_time_in_short_term_me,successful,replication_word_tokens,0.00716374269005848,0.023870967741935485,0.016707225051877005
v3_not_so_innocent_does_seeing_one_s_own_ca,failed,replication_word_tokens,-0.026666666666666665,-0.05660377358490566,-0.029937106918238997
v3_on_the_additive_effects_of_stimulus_qual,successful,replication_word_tokens,-0.03993055555555555,0.037037037037037035,0.07696759259259259
v3_opening_the_mind_to_close_it_considering,failed,replication_word_tokens,0.0,0.0,0.0
v3_orienting_attention_in_visual_working_me,failed,replication_word_tokens,-0.012987012987012988,-0.02040816326530612,-0.007421150278293133
v3_perceptual_mechanisms_that_characterize_,failed,replication_word_tokens,0.03508771929824561,0.025,-0.01008771929824561
v3_poignancy_mixed_emotional_experience_in_,failed,replication_word_tokens,0.0,0.0,0.0
v3_precision_of_the_anchor_influences_the_a,successful,replication_word_tokens,-0.004248366013071894,-0.024717514124293783,-0.02046914811122189
v3_priming_addition_facts_with_semantic_rel,successful,replication_word_tokens,0.022222222222222223,0.0,-0.022222222222222223
v3_response_scales_effects_of_category_rang,successful,replication_word_tokens,0.005335365853658534,-0.038461538461538464,-0.043796904315197
v3_running_on_empty_neural_signals_for_self,successful,replication_word_tokens,0.0,0.0,0.0
v3_screening_competition_and_job_design_eco,successful,replication_word_tokens,0.0,0.0,0.0
v3_selective_exposure_and_information_quant,successful,replication_word_tokens,0.014925373134328358,0.0,-0.014925373134328358
v3_self_handicapping_excuse_making_and_coun,successful,replication_word_tokens,0.0,0.0,0.0
v3_self_regulation_and_selective_exposure_t,failed,replication_word_tokens,0.0196078431372549,0.03333333333333333,0.013725490196078431
v3_semantic_interference_in_a_delayed_namin,failed,replication_word_tokens,-0.08737864077669903,-0.1111111111111111,-0.023732470334412073
v3_slow_to_anger_and_fast_to_forgive_cooper,successful,replication_word_tokens,0.010810810810810811,0.0,-0.010810810810810811
v3_terror_management_and_adults_attachment_,failed,replication_word_tokens,0.0,0.0,0.0
v3_thar_she_bursts_reducing_confusion_reduc,successful,replication_word_tokens,-0.00877568493150685,0.0,0.00877568493150685
v3_the_economics_of_credence_goods_an_exper,successful,replication_word_tokens,0.0,0.0,0.0
v3_the_effect_of_global_versus_local_proces,failed,replication_word_tokens,0.03571428571428571,0.0,-0.03571428571428571
v3_the_face_of_success_inferences_from_chie,failed,replication_word_tokens,-0.012345679012345678,0.0,0.012345679012345678
v3_the_framing_of_decisions_and_the_psychol,successful,replication_word_tokens,-0.003720238095238096,0.019230769230769232,0.022951007326007328
v3_the_lure_of_authority_motivation_and_inc,successful,replication_word_tokens,0.012422360248447204,0.011235955056179775,-0.0011864051922674292
v3_the_nonverbal_expression_of_pride_eviden,successful,replication_word_tokens,-0.017094017094017096,-0.01282051282051282,0.004273504273504276
v3_the_potential_of_social_identity_for_equ,failed,replication_word_tokens,0.04201680672268908,0.02,-0.02201680672268908
v3_the_representation_of_simple_ensemble_vi,successful,replication_word_tokens,-0.011904761904761904,-0.029411764705882353,-0.01750700280112045
v3_the_space_between_us_stereotype_threat_a,failed,replication_word_tokens,0.0,0.0,0.0
v3_the_stroop_effect_why_proportion_congrue,successful,replication_word_tokens,0.016778523489932886,0.01694915254237288,0.00017062905243999532
v3_the_threat_of_appearing_prejudiced_and_r,failed,replication_word_tokens,0.0,0.0,0.0
v3_the_ultimate_sampling_dilemma_in_experie,successful,replication_word_tokens,0.0,0.0,0.0
v3_toward_a_physiology_of_dual_process_reas,failed,replication_word_tokens,-0.02071651090342679,-0.01707060063224447,0.0036459102711823184
v3_tracing_attention_and_the_activation_flo,failed,replication_word_tokens,0.03187721369539551,0.016634050880626222,-0.015243162814769284
v3_walking_on_eggshells_how_expressing_rela,failed,replication_word_tokens,0.0,0.0,0.0
v3_weight_as_an_embodiment_of_importance,failed,replication_word_tokens,0.011320435921263833,0.007449978714346529,-0.0038704572069173035
v3_when_does_between_sequence_phonological_,failed,replication_word_tokens,0.0,0.0,0.0
v3_where_do_we_look_during_potentially_offe,failed,replication_word_tokens,0.0,0.0,0.0
v3_why_do_implicit_and_explicit_attitude_te,successful,replication_word_tokens,0.03968253968253968,0.019230769230769232,-0.02045177045177045
v3_why_people_are_reluctant_to_tempt_fate,failed,replication_word_tokens,0.019578313253012042,-0.13793103448275862,-0.15750934773577066
v3_working_memory_costs_of_task_switching,failed,replication_word_tokens,0.0,0.0,0.0
v3_1_f_noise_and_effort_on_implicit_measure,failed,lowercase_modal_tokens,-0.17647058823529413,-0.21428571428571427,-0.037815126050420145
v3_a_motion_aftereffect_from_still_photogra,successful,lowercase_modal_tokens,-0.027058823529411774,-0.2,-0.17294117647058824
v3_a_single_exposure_to_the_american_flag_s,failed,lowercase_modal_tokens,0.03864247311827956,0.07711238720262512,0.03846991408434555
v3_a_social_functional_approach_to_emotions,failed,lowercase_modal_tokens,-0.018863687401751636,-0.04642857142857143,-0.027564884026819794
v3_accelerated_relearning_after_retrieval_i,failed,lowercase_modal_tokens,0.1163101604278075,0.1323529411764706,0.016042780748663096
v3_action_dynamics_reveal_parallel_competit,successful,lowercase_modal_tokens,-0.11945812807881774,-0.12105263157894738,-0.0015945035001296431
v3_affective_incoherence_when_affective_con,failed,lowercase_modal_tokens,0.01767676767676768,0.008823529411764702,-0.008853238265002977
v3_attractor_dynamics_and_semantic_neighbor,successful,lowercase_modal_tokens,-0.051003344481605345,-0.02840909090909091,0.022594253572514433
v3_auditory_change_detection_simple_sounds_,successful,lowercase_modal_tokens,-0.014583333333333337,0.04999999999999999,0.06458333333333333
v3_availability_a_heuristic_for_judging_fre,successful,lowercase_modal_tokens,-0.07097341243682707,-0.07974481658692184,-0.008771404150094766
v3_balancing_connectedness_and_self_protect,failed,lowercase_modal_tokens,0.043886325503355694,0.05409260478384903,0.010206279280493336
v3_cloningertextquotesingles_psychobiologic,failed,lowercase_modal_tokens,0.03894579598804951,0.03292517006802721,-0.006020625920022296
v3_conflict_triggered_goal_shielding_respon,successful,lowercase_modal_tokens,0.07500000000000001,0.04999999999999999,-0.025000000000000022
v3_decision_making_and_learning_while_takin,failed,lowercase_modal_tokens,0.06004464285714286,0.225,0.16495535714285714
v3_effects_of_fluency_on_psychological_dist,failed,lowercase_modal_tokens,-0.002620423892100196,0.03328014588557099,0.035900569777671185
v3_effects_of_need_for_cognition_on_message,failed,lowercase_modal_tokens,0.07142857142857142,0.06382978723404255,-0.0075987841945288764
v3_elaboration_enhances_the_imagined_contac,successful,lowercase_modal_tokens,0.04457904300423986,0.08305966064586753,0.038480617641627676
v3_expectations_as_endowments_evidence_on_r,failed,lowercase_modal_tokens,-0.10499537465309898,-0.11499999999999999,-0.010004625346901011
v3_experiments_in_wording_questions_ii,successful,lowercase_modal_tokens,-0.01371951219512195,0.03571428571428571,0.04943379790940766
v3_happiness_and_time_preference_the_effect,failed,lowercase_modal_tokens,0.05658783783783784,0.05757575757575758,0.000987919737919736
v3_head_up_foot_down_object_words_orient_at,failed,lowercase_modal_tokens,-0.11872909698996656,-0.21674418604651163,-0.09801508905654507
v3_hedonic_and_instrumental_motives_in_ange,successful,lowercase_modal_tokens,0.07043650793650792,0.12520458265139114,0.05476807471488322
v3_how_does_bilingualism_improve_executive_,failed,lowercase_modal_tokens,0.07122934992490883,0.0943898207056102,0.023160470780701367
v3_how_the_head_liberates_the_heart_project,successful,lowercase_modal_tokens,0.06370656370656372,0.0967741935483871,0.033067629841823376
v3_imperfect_public_monitoring_with_costly_,successful,lowercase_modal_tokens,0.03,0.06367346938775512,0.03367346938775512
v3_increasing_and_decreasing_motor_and_cogn,failed,lowercase_modal_tokens,-0.017101205494813573,-0.06981740064446831,-0.05271619514965474
v3_individual_differences_in_the_regulation,failed,lowercase_modal_tokens,0.03706343549536706,0.09545454545454543,0.05839110995917837
v3_it_feels_like_yesterday_self_esteem_vale,failed,lowercase_modal_tokens,-0.030970593234744187,-0.013928511495217316,0.01704208173952687
v3_last_place_aversion_evidence_and_redistr,failed,lowercase_modal_tokens,-0.07203389830508475,0.05429864253393665,0.1263325408390214
v3_left_frontal_cortical_activation_and_spr,failed,lowercase_modal_tokens,-0.036238136324417594,-0.05297297297297297,-0.01673483664855538
v3_measuring_the_crowd_within_probabilistic,successful,lowercase_modal_tokens,0.003837953091684429,-0.013888888888888895,-0.017726841980573324
v3_multidimensional_visual_statistical_lear,successful,lowercase_modal_tokens,0.04084507042253521,0.09956709956709955,0.05872202914456434
v3_multiple_roles_for_time_in_short_term_me,successful,lowercase_modal_tokens,0.010964912280701754,-0.004516129032258065,-0.015481041312959819
v3_not_so_innocent_does_seeing_one_s_own_ca,failed,lowercase_modal_tokens,0.0,-0.0336341263330599,-0.0336341263330599
v3_on_the_additive_effects_of_stimulus_qual,successful,lowercase_modal_tokens,0.034722222222222224,0.1111111111111111,0.07638888888888888
v3_opening_the_mind_to_close_it_considering,failed,lowercase_modal_tokens,0.056561085972850686,0.017647058823529405,-0.03891402714932128
v3_orienting_attention_in_visual_working_me,failed,lowercase_modal_tokens,0.046753246753246755,0.07210884353741497,0.02535559678416821
v3_perceptual_mechanisms_that_characterize_,failed,lowercase_modal_tokens,0.06641604010025062,0.009210526315789502,-0.05720551378446112
v3_poignancy_mixed_emotional_experience_in_,failed,lowercase_modal_tokens,0.09259259259259259,0.12544802867383512,0.03285543608124253
v3_precision_of_the_anchor_influences_the_a,successful,lowercase_modal_tokens,0.019281045751633988,0.009180790960451983,-0.010100254791182005
v3_priming_addition_facts_with_semantic_rel,successful,lowercase_modal_tokens,-0.028571428571428567,0.0026455026455026454,0.031216931216931212
v3_response_scales_effects_of_category_rang,successful,lowercase_modal_tokens,-0.01524390243902439,0.03036437246963561,0.04560827490866
v3_running_on_empty_neural_signals_for_self,successful,lowercase_modal_tokens,0.09259259259259259,0.19454545454545452,0.10195286195286193
v3_screening_competition_and_job_design_eco,successful,lowercase_modal_tokens,0.05422446406052964,0.08658008658008659,0.032355622519556954
v3_selective_exposure_and_information_quant,successful,lowercase_modal_tokens,0.03955223880597014,0.008695652173913035,-0.030856586632057106
v3_self_handicapping_excuse_making_and_coun,successful,lowercase_modal_tokens,-0.06332138590203104,-0.015957446808510634,0.04736393909352041
v3_self_regulation_and_selective_exposure_t,failed,lowercase_modal_tokens,-0.0583452893352463,-0.050980392156862744,0.007364897178383553
v3_semantic_interference_in_a_delayed_namin,failed,lowercase_modal_tokens,0.02801664355062413,0.06666666666666665,0.03865002311604252
v3_slow_to_anger_and_fast_to_forgive_cooper,successful,lowercase_modal_tokens,-0.010293271995399651,0.015846994535519125,0.026140266530918776
v3_terror_management_and_adults_attachment_,failed,lowercase_modal_tokens,0.011542730299667028,0.00842601954836536,-0.0031167107513016684
v3_thar_she_bursts_reducing_confusion_reduc,successful,lowercase_modal_tokens,0.010916095890410954,0.03202431042543245,0.0211082145350215
v3_the_economics_of_credence_goods_an_exper,successful,lowercase_modal_tokens,0.023497267759562845,0.08148148148148149,0.05798421372191864
v3_the_effect_of_global_versus_local_proces,failed,lowercase_modal_tokens,-0.10317460317460318,-0.16138059701492538,-0.0582059938403222
v3_the_face_of_success_inferences_from_chie,failed,lowercase_modal_tokens,-0.06969334926324172,-0.0820035460992908,-0.012310196836049073
v3_the_framing_of_decisions_and_the_psychol,successful,lowercase_modal_tokens,0.02083333333333333,-0.03418803418803418,-0.055021367521367506
v3_the_lure_of_authority_motivation_and_inc,successful,lowercase_modal_tokens,0.08631398586421074,0.048401037165082095,-0.037912948699128646
v3_the_nonverbal_expression_of_pride_eviden,successful,lowercase_modal_tokens,-0.07601542999773088,-0.12787212787212787,-0.05185669787439699
v3_the_potential_of_social_identity_for_equ,failed,lowercase_modal_tokens,0.012879064669345998,-0.024285714285714285,-0.03716477895506028
v3_the_representation_of_simple_ensemble_vi,successful,lowercase_modal_tokens,-0.01698262243285939,-0.017647058823529405,-0.0006644363906700146
v3_the_space_between_us_stereotype_threat_a,failed,lowercase_modal_tokens,0.013055428309665607,0.027995520716685346,0.01494009240701974
v3_the_stroop_effect_why_proportion_congrue,successful,lowercase_modal_tokens,0.06587440687385115,0.09811676082862524,0.03224235395477408
v3_the_threat_of_appearing_prejudiced_and_r,failed,lowercase_modal_tokens,0.09022177419354839,0.15375375375375372,0.06353197956020533
v3_the_ultimate_sampling_dilemma_in_experie,successful,lowercase_modal_tokens,-0.04360902255639097,0.042857142857142844,0.08646616541353382
v3_toward_a_physiology_of_dual_process_reas,failed,lowercase_modal_tokens,-0.033099688473520246,-0.06828240252897788,-0.035182714055457635
v3_tracing_attention_and_the_activation_flo,failed,lowercase_modal_tokens,-0.027154663518299885,-0.03457273320287019,-0.007418069684570303
v3_walking_on_eggshells_how_expressing_rela,failed,lowercase_modal_tokens,-0.014285714285714263,-0.006060606060606044,0.008225108225108219
v3_weight_as_an_embodiment_of_importance,failed,lowercase_modal_tokens,0.037847427557658186,0.04959557258407832,0.011748145026420131
v3_when_does_between_sequence_phonological_,failed,lowercase_modal_tokens,0.04697651174412794,-0.003333333333333327,-0.050309845077461265
v3_where_do_we_look_during_potentially_offe,failed,lowercase_modal_tokens,0.3968253968253968,0.4745098039215686,0.0776844070961718
v3_why_do_implicit_and_explicit_attitude_te,successful,lowercase_modal_tokens,0.06031746031746031,0.06196581196581197,0.0016483516483516564
v3_why_people_are_reluctant_to_tempt_fate,failed,lowercase_modal_tokens,-0.142570281124498,-0.18058076225045372,-0.03801048112595573
v3_working_memory_costs_of_task_switching,failed,lowercase_modal_tokens,0.09348692955250332,0.13095238095238093,0.037465451399877614
