text_view,feature,all_hit_contexts,qwen_positive_hit_contexts,qwen_negative_hit_contexts,positive_retention_fraction,n_all,n_positive,n_negative
full,epistemic_adverb_tokens,87,62,25,0.7126436781609196,15280,8427,6853
full,replication_word_tokens,304,133,171,0.4375,15280,8427,6853
full,lowercase_modal_tokens,1557,1124,433,0.7219010918432883,15280,8427,6853
full,possibly,24,19,5,0.7916666666666666,15280,8427,6853
full,perhaps,47,31,16,0.6595744680851063,15280,8427,6853
full,probably,16,12,4,0.75,15280,8427,6853
full,replicate,85,46,39,0.5411764705882353,15280,8427,6853
full,replicates,13,7,6,0.5384615384615384,15280,8427,6853
full,replicated,93,45,48,0.4838709677419355,15280,8427,6853
full,replicating,27,20,7,0.7407407407407407,15280,8427,6853
full,replication,93,19,74,0.20430107526881722,15280,8427,6853
full,replications,8,1,7,0.125,15280,8427,6853
full,may,970,761,209,0.7845360824742268,15280,8427,6853
full,might,324,211,113,0.6512345679012346,15280,8427,6853
full,could,328,195,133,0.5945121951219512,15280,8427,6853
first700_complete_tokens,epistemic_adverb_tokens,82,61,21,0.7439024390243902,15280,8427,6853
first700_complete_tokens,replication_word_tokens,304,133,171,0.4375,15280,8427,6853
first700_complete_tokens,lowercase_modal_tokens,1542,1116,426,0.7237354085603113,15280,8427,6853
first700_complete_tokens,possibly,23,18,5,0.782608695652174,15280,8427,6853
first700_complete_tokens,perhaps,45,31,14,0.6888888888888889,15280,8427,6853
first700_complete_tokens,probably,14,12,2,0.8571428571428571,15280,8427,6853
first700_complete_tokens,replicate,85,46,39,0.5411764705882353,15280,8427,6853
first700_complete_tokens,replicates,13,7,6,0.5384615384615384,15280,8427,6853
first700_complete_tokens,replicated,91,44,47,0.4835164835164835,15280,8427,6853
first700_complete_tokens,replicating,27,20,7,0.7407407407407407,15280,8427,6853
first700_complete_tokens,replication,93,19,74,0.20430107526881722,15280,8427,6853
first700_complete_tokens,replications,8,1,7,0.125,15280,8427,6853
first700_complete_tokens,may,959,755,204,0.7872784150156413,15280,8427,6853
first700_complete_tokens,might,317,208,109,0.6561514195583596,15280,8427,6853
first700_complete_tokens,could,318,190,128,0.5974842767295597,15280,8427,6853
first1200_complete_tokens,epistemic_adverb_tokens,84,62,22,0.7380952380952381,15280,8427,6853
first1200_complete_tokens,replication_word_tokens,304,133,171,0.4375,15280,8427,6853
first1200_complete_tokens,lowercase_modal_tokens,1551,1122,429,0.723404255319149,15280,8427,6853
first1200_complete_tokens,possibly,24,19,5,0.7916666666666666,15280,8427,6853
first1200_complete_tokens,perhaps,45,31,14,0.6888888888888889,15280,8427,6853
first1200_complete_tokens,probably,15,12,3,0.8,15280,8427,6853
first1200_complete_tokens,replicate,85,46,39,0.5411764705882353,15280,8427,6853
first1200_complete_tokens,replicates,13,7,6,0.5384615384615384,15280,8427,6853
first1200_complete_tokens,replicated,92,45,47,0.4891304347826087,15280,8427,6853
first1200_complete_tokens,replicating,27,20,7,0.7407407407407407,15280,8427,6853
first1200_complete_tokens,replication,93,19,74,0.20430107526881722,15280,8427,6853
first1200_complete_tokens,replications,8,1,7,0.125,15280,8427,6853
first1200_complete_tokens,may,965,759,206,0.7865284974093264,15280,8427,6853
first1200_complete_tokens,might,322,211,111,0.65527950310559,15280,8427,6853
first1200_complete_tokens,could,324,194,130,0.5987654320987654,15280,8427,6853
