scenario,feature,endpoint,n_negative,n_positive,mean_negative,mean_positive,estimate,ci95_low,ci95_high,sources_with_any_full_history_hit_negative,sources_with_any_full_history_hit_positive,full_history_text_units,sources_with_any_event_period_hit_negative,sources_with_any_event_period_hit_positive,event_period_text_units,pre_text_units,post_text_units
staunton106_all,epistemic_adverb_tokens,level_incidence,56,49,0.007022036682791279,0.004440069485501758,0.0025819671972895208,-0.0005769756243213288,0.0060696896637819995,32,20,15288,32,20,15288,5258,10030
staunton106_all,epistemic_adverb_tokens,event_incidence,44,42,-0.002074625145346754,0.00019769327718383817,-0.002272318422530592,-0.011178709355696398,0.006527864769517268,27,16,12702,27,16,12702,5140,7562
staunton106_all,replication_word_tokens,level_incidence,56,49,0.02487842569427856,0.019095696678116995,0.0057827290161615655,-0.004393128203311888,0.01656068267973432,38,37,15288,38,37,15288,5258,10030
staunton106_all,replication_word_tokens,event_incidence,44,42,0.005163295593950853,0.01168529234317537,-0.006521996749224517,-0.02664639261147268,0.011990446551649601,30,32,12702,30,32,12702,5140,7562
staunton106_all,lowercase_modal_tokens,level_incidence,56,49,0.10537889099117634,0.10199093604736452,0.003387954943811819,-0.01566584846710911,0.02224082998309717,54,49,15288,54,49,15288,5258,10030
staunton106_all,lowercase_modal_tokens,event_incidence,44,42,0.007586826223861045,-0.024222887475005932,0.031809713698866975,-0.009425126759846067,0.07685218322121058,43,42,12702,43,42,12702,5140,7562
staunton106_positive,epistemic_adverb_tokens,level_incidence,51,46,0.008231509989664444,0.00508801727637223,0.003143492713292214,-0.0009571960566434382,0.007512224942574008,24,14,8354,24,14,8354,2898,5456
staunton106_positive,epistemic_adverb_tokens,event_incidence,40,32,-0.002124925754535855,0.0019097187387389666,-0.004034644493274822,-0.015612369685363035,0.006814689094633752,20,11,6650,20,11,6650,2702,3948
staunton106_positive,replication_word_tokens,level_incidence,51,46,0.02062014793116289,0.015921180323512574,0.004698967607650317,-0.004827984733970178,0.01395375499737927,31,26,8354,31,26,8354,2898,5456
staunton106_positive,replication_word_tokens,event_incidence,40,32,-0.011695985829750042,0.00599995893280646,-0.017695944762556502,-0.03989001450151413,0.002552818820690644,26,18,6650,26,18,6650,2702,3948
staunton106_positive,lowercase_modal_tokens,level_incidence,51,46,0.1336369774692194,0.1320700968217987,0.001566880647420693,-0.022669492219534102,0.026147019029510905,50,46,8354,50,46,8354,2898,5456
staunton106_positive,lowercase_modal_tokens,event_incidence,40,32,0.01727894843466795,0.024516674267866488,-0.007237725833198538,-0.05208243332238712,0.041095720552569034,40,32,6650,40,32,6650,2702,3948
