stratum,analysis_claim_id,source_id,project,criterion,feature,n_all,n_pre,n_post,hit_all,hit_pre,hit_post,tokens_all,tokens_pre,tokens_post,occurrences_all,occurrences_pre,occurrences_post,level_incidence,level_token_density,pre_incidence,post_incidence,event_incidence,event_token_density
all,v3_distinguishing_between_silent_and_vocal_,rpp.73,RPP,successful,epistemic_adverb_tokens,22,11,11,0,0,0,706,378,328,0,0,0,0.0,0.0,0.0,0.0,0.0,0.0
all,v3_distinguishing_between_silent_and_vocal_,rpp.73,RPP,successful,replication_word_tokens,22,11,11,0,0,0,706,378,328,0,0,0,0.0,0.0,0.0,0.0,0.0,0.0
all,v3_distinguishing_between_silent_and_vocal_,rpp.73,RPP,successful,lowercase_modal_tokens,22,11,11,5,4,1,706,378,328,6,5,1,0.22727272727272727,8.498583569405099,0.36363636363636365,0.09090909090909091,-0.2727272727272727,-10.17873273970835
all,v3_distinguishing_between_silent_and_vocal_,rpp.73,RPP,successful,possibly,22,11,11,0,0,0,706,378,328,0,0,0,0.0,0.0,0.0,0.0,0.0,0.0
all,v3_distinguishing_between_silent_and_vocal_,rpp.73,RPP,successful,perhaps,22,11,11,0,0,0,706,378,328,0,0,0,0.0,0.0,0.0,0.0,0.0,0.0
all,v3_distinguishing_between_silent_and_vocal_,rpp.73,RPP,successful,probably,22,11,11,0,0,0,706,378,328,0,0,0,0.0,0.0,0.0,0.0,0.0,0.0
all,v3_distinguishing_between_silent_and_vocal_,rpp.73,RPP,successful,replicate,22,11,11,0,0,0,706,378,328,0,0,0,0.0,0.0,0.0,0.0,0.0,0.0
all,v3_distinguishing_between_silent_and_vocal_,rpp.73,RPP,successful,replicates,22,11,11,0,0,0,706,378,328,0,0,0,0.0,0.0,0.0,0.0,0.0,0.0
all,v3_distinguishing_between_silent_and_vocal_,rpp.73,RPP,successful,replicated,22,11,11,0,0,0,706,378,328,0,0,0,0.0,0.0,0.0,0.0,0.0,0.0
all,v3_distinguishing_between_silent_and_vocal_,rpp.73,RPP,successful,replicating,22,11,11,0,0,0,706,378,328,0,0,0,0.0,0.0,0.0,0.0,0.0,0.0
all,v3_distinguishing_between_silent_and_vocal_,rpp.73,RPP,successful,replication,22,11,11,0,0,0,706,378,328,0,0,0,0.0,0.0,0.0,0.0,0.0,0.0
all,v3_distinguishing_between_silent_and_vocal_,rpp.73,RPP,successful,replications,22,11,11,0,0,0,706,378,328,0,0,0,0.0,0.0,0.0,0.0,0.0,0.0
all,v3_distinguishing_between_silent_and_vocal_,rpp.73,RPP,successful,may,22,11,11,3,2,1,706,378,328,3,2,1,0.13636363636363635,4.2492917847025495,0.18181818181818182,0.09090909090909091,-0.09090909090909091,-2.2422248032004126
all,v3_distinguishing_between_silent_and_vocal_,rpp.73,RPP,successful,might,22,11,11,0,0,0,706,378,328,0,0,0,0.0,0.0,0.0,0.0,0.0,0.0
all,v3_distinguishing_between_silent_and_vocal_,rpp.73,RPP,successful,could,22,11,11,3,3,0,706,378,328,3,3,0,0.13636363636363635,4.2492917847025495,0.2727272727272727,0.0,-0.2727272727272727,-7.936507936507936
positive,v3_distinguishing_between_silent_and_vocal_,rpp.73,RPP,successful,epistemic_adverb_tokens,16,7,9,0,0,0,519,268,251,0,0,0,0.0,0.0,,,,
positive,v3_distinguishing_between_silent_and_vocal_,rpp.73,RPP,successful,replication_word_tokens,16,7,9,0,0,0,519,268,251,0,0,0,0.0,0.0,,,,
positive,v3_distinguishing_between_silent_and_vocal_,rpp.73,RPP,successful,lowercase_modal_tokens,16,7,9,5,4,1,519,268,251,6,5,1,0.3125,11.560693641618498,,,,
positive,v3_distinguishing_between_silent_and_vocal_,rpp.73,RPP,successful,possibly,16,7,9,0,0,0,519,268,251,0,0,0,0.0,0.0,,,,
positive,v3_distinguishing_between_silent_and_vocal_,rpp.73,RPP,successful,perhaps,16,7,9,0,0,0,519,268,251,0,0,0,0.0,0.0,,,,
positive,v3_distinguishing_between_silent_and_vocal_,rpp.73,RPP,successful,probably,16,7,9,0,0,0,519,268,251,0,0,0,0.0,0.0,,,,
positive,v3_distinguishing_between_silent_and_vocal_,rpp.73,RPP,successful,replicate,16,7,9,0,0,0,519,268,251,0,0,0,0.0,0.0,,,,
positive,v3_distinguishing_between_silent_and_vocal_,rpp.73,RPP,successful,replicates,16,7,9,0,0,0,519,268,251,0,0,0,0.0,0.0,,,,
positive,v3_distinguishing_between_silent_and_vocal_,rpp.73,RPP,successful,replicated,16,7,9,0,0,0,519,268,251,0,0,0,0.0,0.0,,,,
positive,v3_distinguishing_between_silent_and_vocal_,rpp.73,RPP,successful,replicating,16,7,9,0,0,0,519,268,251,0,0,0,0.0,0.0,,,,
positive,v3_distinguishing_between_silent_and_vocal_,rpp.73,RPP,successful,replication,16,7,9,0,0,0,519,268,251,0,0,0,0.0,0.0,,,,
positive,v3_distinguishing_between_silent_and_vocal_,rpp.73,RPP,successful,replications,16,7,9,0,0,0,519,268,251,0,0,0,0.0,0.0,,,,
positive,v3_distinguishing_between_silent_and_vocal_,rpp.73,RPP,successful,may,16,7,9,3,2,1,519,268,251,3,2,1,0.1875,5.780346820809249,,,,
positive,v3_distinguishing_between_silent_and_vocal_,rpp.73,RPP,successful,might,16,7,9,0,0,0,519,268,251,0,0,0,0.0,0.0,,,,
positive,v3_distinguishing_between_silent_and_vocal_,rpp.73,RPP,successful,could,16,7,9,3,3,0,519,268,251,3,3,0,0.1875,5.780346820809249,,,,
