id,sentence,是否在转述结论(1/0),确定性打分(0/0.25/0.5/0.75/1),"备注(可空,拿不准时写?并简述)"
A105,"…impact of observed good and bad past behavior, because investigate 3Only recently there emerged a literature where limited feedback plays a role in public goods experiments (Grechenig et al., 2010; Ambrus and Greiner, 2012; Irlenbusch and Ter Meer, 2013; Bayer et al., 2013; Hartig et al., 2013).",,,
A162,"Research indicates that episodic memory declines with age, and similar de ﬁ cits have also been observed for episodic simulation (Addis et al., 2008).",,,
A011,"For example, in dot-probe tasks, White participants can be observed to preferentially attend to Black faces during initial face presentation (e.g., Richeson & Trawalter, 2008), an effect interpreted as evidence that Black faces are often viewed as potentially threatening by White perceivers and…",,,
A137,"Earlier work on inner crowds suggests that people typically anchor too heavily on first estimates when generating a second guess, thereby not producing diverse enough estimates and errors (Herzog & Hertwig, 2009; Vul & Pashler, 2008).",,,
A315,"Explanations include that people who have high materialistic values believe that acquiring products comes with pleasure and signals success to others (Richins, 2011), but also makes them want things they do not already have which finally undermines well-being (Larsen & McKibban, 2008).",,,
A308,"Similarly, Janiszewski and Uy (2008) use transactions data from Florida and find that more precise list prices lead to a higher sale price to list price ratio (i.e., a lower negotiated discount).",,,
A182,"Consonant with the predictions of Experiment 1, on the interference-by-process account (Marsh et al., 2008, 2009), meaningful, but not meaningless, speech should impair semantic fluency.",,,
A093,"…albeit smaller benefit can be accrued by averaging two guesses from the same individual, an effect dubbed the “wisdom of the inner crowd” (Ariely et al. 2000; Winkler and Clemen 2004; Vul and Pashler 2008; Herzog and Hertwig 2009, 2014a, b; Steegen et al. 2014; van Dolder and van den Assem 2018).",,,
A285,"…& Damian, 2008; Poltrock & Schwartz, 1984; Thomas & Morwitz, 2005); hence, consumers pay less attention to those right-most digits.6 Relatedly, Janiszewski and Uy (2008) find that more precise anchoring values lead to lower adjusted judgement values made by participants compared to their…",,,
A159,"According to availability heuristic (Tversky & Kahneman, 1982), people use easily accessible associations that could be brought readily to mind, as cues to form judgments and make decisions.",,,
A116,"Physicians are commonly assumed to be better informed than their patients (e.g., Dulleck and Kerschbamer, 2006; Dulleck et al., 2011), allowing for moral hazard (e.",,,
A073,"Recent studies on decision-making [33] also have interpreted the results of famous experiments such as the Asian Disease Problem [34] and the framing effect [35], suggesting that the left hemisphere is more inclined to separate context from relevant information to achieve an effective choice, while…",,,
A163,"Although the flag-primed group voted for McCain over Obama about 9 % more than the control group—and granting that it is shocking that such a serious decision could be so easily manipulated—it still means that over 90 % did not change their voting behavior, even if their attitudes may have shifted slightly.",,,
A215,"Anchoring is a behavioral bias that biases decisions toward initial values, i.e., a limitation in the decision-making process, leaving the investor tied to a past target return, the result of a payoff from a past time (Jacowitz and Kahneman, 1995).",,,
A279,"…has been shown to increase discounting (Lerner et al., 2013; McLeish and Oxoby, 2007), while positive a ﬀ ect decreases discounting (Pyone and Isen, 2011; Ifcher and Zarghamee, 2011); to the extent that negative a ﬀ ect correlates with stress and cortisol levels, these ﬁ ndings mirror our results.",,,
A354,"However, previous research in non-market valuation has shown that context and the framing of valuation questions play an important role in respondents’ decisions (Tversky and Kahneman, 1981; DeShazo, 2002; Vatn, 2004; Spash, 2006).",,,
A121,"A higher level of novelty seeking since this dimension is positively related to the construct openness to new experiences and extraversion, and negatively to conscientiousness (DeFruyt et al., 2000).",,,
A041,"Conflict [23], cognitive load, or motor task difficulty [52] Area Under the Curve (AUC) Conflict [19], uncertainty [60], overall difficulty [24] The length of a trial trajectory traveled [16, 53].",,,
A075,"…the self-image is rather consistent and stable across time, people still tend to view their self-images as comprising different temporal aspects of the self, including actual states as well as representations of the past and future (Markus & Nurius, 1986; Ross & Wilson, 2002).",,,
A240,"These studies (Addis et al., 2008; Levine et al., 2002) revealed fewer reported event-related internal details (similar to our event-related details), accompanied by an increase of more non-episodic (Piolino et al.",,,
A269,"There is evidence that multiple actors are more likely to converge on the “correct” solution than any individual (eg,  Black, 1958 ;  Surowiecki, 2004 ), even when the individuals are queried multiple times ( Vul & Pashler, 2008 ), thus, we might expect probability matching to be most apparent at the level of the community.",,,
A008,"10 devoted to studying bias due to wording (Goetz, 2008; Holleman, 2006; Loftus and Palmer, 1974; Rugg, 1941; Schuman and Presser, 1977).",,,
A167,"More recent work on perceptual averaging suggests such averages are preserved in conditions of divided or diffuse attention (Albrecht, Scholl, & Chun, 2012; Alvarez & Oliva, 2008, 2009; Chong & Treisman, 2005; but see Emmanouil & Treisman, 2008).",,,
A362,"…tool to explore key phenomena in selection of the correct item from a range which might provide a reasonable semantic “fit” such as source-monitoring (Marsh et al., 2008), and fluency in verbal retrieval (Jones, Marsh, & Hughes, 2012; Marsh & Jones, 2010), and also how hemispheric specializations…",,,
A216,"In a similar study, Carter et al. (2011) found limited evidence that exposure to national flag can shift support toward Republicans for months and in general alter people’s behavior and political judgment.",,,
A072,"Instead, the results reported here support a unitary view according to which interference occurs within an amodal workspace within which functionally similar processes come into con ﬂ ict (Hughes, 2014; Jones & Macken, 1993; Marsh et al., 2008, 2009).",,,
A098,"…there is a general relationship between EMCP and arousal in the intergroup domain, and it is further known that the mere presentation of faces of Black men causes an arousal response in individuals who are high in EMCP (e.g., Amodio et al., 2003; Bean et al., 2012; Richeson & Trawalter, 2008).",,,
A015,"Kirchler et al. (2012) 1 As one of those exponents, Bernanke (2002) stated: “Even if it [the Federal Reserve] could identify bubbles, monetary policy is far too blunt a tool for effective use against them.”",,,
A142,"Consistently, event descriptions of autobiographical memories and future events decline in specificity, resulting in fewer episodic and more semantic detail in content (Addis et al., 2008).",,,
A272,"Empirical research has confirmed that math gender stereotypes increase the moti - vation for male students to learn (Nosek et al., 2002) and improve their performance in math (Smetackova, 2015; Steffens & Jelenec, 2011).",,,
A187,"Armor et al. (2008) argued that “if people believe, rightly or wrongly, that unrealistic optimism has some value, then optimistic bias may be usefully understood as being consistent with people’s values and beliefs.”",,,
A183,"…Events While anticipating the start of positive events, consumers might be motivated to perceive these events as closer, just as they tend to see positive physical objects, locations, and memories as psychologically closer (Alter & Balcetis, 2011; Balcetis & Dunning, 2010; Ross & Wilson, 2002).",,,
A080,"This has allowed researchers to demonstrate that even having the same individual make an estimate twice and averaging those values can produce better estimates – so long as some degree of independence can be established between the two estimates (Herzog & Hertwig, 2009; Vul & Pashler, 2008).",,,
A365,"This find - ing aligns with prior research that has found other forms of gender identity to be a moderator between stereotypes and math or science outcomes (e.g., Endendijk, 2023; Nosek et al., 2002; Schmader, 2002).",,,
A078,"Generally, White and Black Americans enter these interactions with concerns, respectively, about appearing prejudiced or experiencing prejudice (Plant, 2004; Richeson & Trawalter, 2008; Shelton & Richeson, 2006).",,,
A046,"The problem with then relying on this covariance is that when rogue factors increase how fluent targets feel, we mistakenly judge those targets “true,” “close,” or “frequent” (Alter & Oppenheimer, 2008; Tversky & Kahneman, 1973; Unkelbach, 2006).",,,
A021,"…findings suggest greater benefits of averaging as estimates become more independent (Corbett et al., 2011; Herzog & Hertwig, 2009; Hogarth, 1978; Vul & Pashler, 2008), we further extended our investigation to examine whether pairing estimates from participants with the most independent,…",,,
A135,"…others’ actions may lead to less cooperation even in the absence of the opportunity to punish, as demonstrated by e.g. Bereby-Meyer and Roth (2006), Fudenberg, Rand, and Dreber (2012), and Abbink and Sadrieh (2009). where subjects receive a relatively high wage if the group effort reaches a…",,,
A126,"Crosby, Monin, and Richardson (2008) showed that participants were more likely to look at an individual on a monitor if they thought the individual could hear comments that were potentially offensive to that individual.",,,
A224,"Additionally, a series of studies found high NFC individuals expended more cognitive effort in evaluating messages, and that verbal intelligence and NFC accounted for independent sources of variance in message recall and persuasion (Cacioppo et al. 1986; Cacioppo, Petty, and Morris 1983).",,,
A305,"This method was adapted from the experimentalrecombination procedure (Addis et al., 2008) and was previously used in this fashion by Szpunar et al.",,,
A104,"However, unlike ADHD, attention fatigue is a temporary condition, and as mentioned earlier, can be improved (Kaplan, 1995; Kaplan & Berman, 2010; Masicampo & Baumeister, 2008).",,,
A062,"The literature suggests that, in the beginning, prices deviate from the fundamental values not only because of inexperienced subjects’ confusion regarding the declining fundamental values (Huber and Kirchler, 2012; Kirchler et al., 2012) or some non-profit related motivation (Lei et al.",,,
A001,16 Note that this is different from Chen and Chen (2011) who found that subjects asking more questions to their in-groups during the problem-solving task were more (less) cooperative with their in-(out-)groups in the main game.,,,
A252,"Szymkow et al. (2013) found focusing on traits unrelated to trustworthiness did not effect perceptions of ambient temperature, whereas focusing on traits relevant to trustworthiness (i.e., communion, warmth) did.",,,
A192,"…of the repeated coactivation of weight sensations and abstract cognitions about importance (and related concepts) during early life of boys and girls, because dealing with heavy objects requires not only more physical effort, but also more cognitive planning as outlined by Jostmann et al. (2009).",,,
A371,"detailed description of the temperament dimensions and their subscales can be found in the TCI guidebook.(31) In the 46-year-olds’ survey, the Cronbach alphas of the scales were 0.",,,
A127,"Similarly, participants in Alvarez and Oliva (2009) were able to detect changes in an unattended background pattern more effectively when the change produced a different ensemble structure (compared to equivalent local changes that did not alter the summary statistics), suggesting reduced attentional demands for ensemble perception.",,,
A103,"For example, traits like the ‘need for cognition’ were shown to influence elaboration styles, which may then affect the attitudinal outcome of exposure (Cacioppo, Petty, and Morris 1983).",,,
A200,"In particular, participants may assume that the presented anchor provides implicit information regarding the judgment (Grice, 1975; Jacowitz & Kahneman, 1995; Schwarz, 1994); a feature not available in prior accounts.",,,
A194,"…role of verifiability based on the mentioned standard assumption on preferences, and Subsection 2.4 uses data from two experimental treatments in Dulleck et al. (2011) to show that verifiability does not have the predicted effects and that non-trivial distributional concerns seem to influence…",,,
A172,"…the eight most popular strategies.25 These eight strategies include the five ‘key’ strategies identified by Dal Bó and Fréchette (2018, Table 10).26 We added DG and RAND to the eight strategies from Fudenberg et al. (2012) selected by our SFEM exercise, giving the ten strategies in Table 1.",,,
A006,But the evidence supporting expectations-based reference-dependence in Ericson and Fuster (2011) suggests that environments with risk provide a natural environment for studying expectations-based reference-dependence.,,,
A276,"Psychologists have demonstrated repeatedly that structural variables can have vast and powerful effects (e.g., Bargh & Chartrand, 1999; Cialdini, Reno, & Kallgren, 1990; Tversky & Kahneman, 1981).",,,
A231,"Balanced iden - tity theory, which was created using gender as an exemplar, would suggest that seeing oneself as typical of a group that is negatively stereotyped would negatively relate to motiva - tion in that domain (e.g., Nosek et al., 2002).",,,
A084,"…the successful behavior of another person, reducing fears and inhibitions about future contact (e.g., Turner, Crisp, et al., 2007, Turner, Hewstone, et al., 2007) and imagined contact similarly reduces intergroup anxiety (Abrams et al., 2008; Husnu & Crisp, 2010a; Turner, Crisp et al., 2007).",,,
A206,"The focus on political contexts in particular also limits the scope of our findings, though studies were intentionally designed to test this domain and extend past reseat examining motivated shifts in time in the service of self- or ingroup-protection [4, 7, 43, 44].",,,
A302,"Firstly, there is well-established precedent that human networks playing the game do not defect in the same manner as many game-playing strategies (Barreda-Tarrazona et al., 2017), and are more heterogeneous in their behaviours (Fudenberg et al., 2012).",,,
A071,"It is important to note that these bodily induced association activations are thought to take place unobtrusively, and even without awareness of their semantic meaning (see Chandler and Schwarz, 2009; Jostmann et al., 2009).",,,
A368,"In adult samples, extensive work has demonstrated that White people harbor concerns about appearing to others as prejudiced (Plant & Devine, 1998; Richeson & Trawalter, 2008), and this may affect the extent to which they respond honestly on self-reported surveys about race (i.e., social…",,,
A005,"However, anger as a common mood experience among IGD adolescents [3, 4, 21], it’s putative function to promote confrontation in adaptive contexts [22].",,,
A332,"…that physicians are heterogeneous in their response to overtreatment incentives has also been made in Beck, Kerschbamer, Qiu, and Sutter (2013); Dulleck et al. (2011); Gottschalk et al. (2017); and Kerschbamer et al. (2016), with a particular discussion and estimation of heterogeneity in…",,,
A113,"NS is associated with impulsivity, exploratory behavior, and excitability (Battaglia et al. 1996; Svrakic et al. 2002) and HA reflects introversion and inhibition and contains elements of anxiety and negative affect that are related to neuroticism (De Fruyt et al. 2000).",,,
A195,"The first task was a scale manipulation (Schwarz et al., 1985) designed to influence the level of participants’ perceived own trustworthiness.",,,
A220,"(2010) find that heterogeneous social preferences are a significant predictor of choices for firms and workers in a multi-stage labor market experiment, and Bartling et al. (2012) show that screening for both work attitude and labor market competition are causal determinants of the viability of high-performance work systems in an experimental labor market.",,,
A203,"Ifcher and Zarghamee (2011) find that a mild positive affect significantly decreases discount rates,",,,
A345,"Morsella and Miozzo (2002), Navarrete and Costa (2005), Meyer and Damian (2007), Roelofs (2008), and Oppermann, Jescheniak, Schriefers, and Görges (2010) have all demonstrated facilitation in picture naming from phonologically related distractor pictures (although in Oppermann et al., 2010, only…",,,
A313,"Effective managerial decision making depends largely on the manager’s perception of the duality, which can be understood in terms of their cognitive framing process in the first phase of the decision making (Kaplan 2008; Tversky and Kahneman 1981).",,,
A237,"This find - ing aligns with prior research that has found other forms of gender identity to be a moderator between stereotypes and math or science outcomes (e.g., Endendijk, 2023; Nosek et al., 2002; Schmader, 2002).",,,
A151,"…on imagined contact have employed several control conditions, including nonrelevant positive interaction (Stathi & Crisp, 2008), outgroup priming (Turner et al., 2007, Experiment 2), and no-contact control scenes (Husnu & Crisp, 2010b; Turner & Crisp, 2010; Turner et al., 2007, Experiment 1).",,,
A161,"In this regard, metaphors are said to have the potential to self-fulfi l what the speaker intends to use them for where the speaker and the listener try to reach a common ground through their shared knowledge of the source domain and its link to the target domain (Thibodeau and Boroditsky, 2011/2013). Thus, the use of metaphors may infl uence attitudes towards a particular subject either positively or negatively because it brings concreteness to abstract subjects as observed in Landau et al. (2018); Prashast et al. (2020). The potential ability of metaphors to evoke emotions has been studied by many scholars including Citron and Goldberg (2014); Horton (2007); and Thibodeau et al.",,,
A150,"In a two-person collective choice framework, de Clippel et al. (2014) call this condition the minimal satisfaction test .",,,
A363,"Theoretical explanations for an incomplete ERPT can be found in a seminal paper by Dornbusch (1987). In this paper, he presents a model which explains the extent of ERPT by, for example, product substitutability or the degree of competition prevailing in the market. While Dornbusch (1987) attributes an incomplete ERPT to micro-economic determinants, Taylor (2000) argues that the recent decline in pass-through is due to the decline in overall inflation.",,,
A284,This might explain why in the experiments by Dulleck et al. (2011) the condition with liability yielded results roughly in line with the theoretical prediction.,,,
A144,"…directly aimed at testing Fiske’s Relational models’ theory has shown that the market mindset signifies not only a preference for efficiency and structure but also the individualistic orientation towards effective but self-interested exchange (Caruso et al., 2013; Zaleskiewicz & Gasiorowska, 2017).",,,
A013,"For example, Ganor-Stern and Tzelgov (2008) found that when subjects were asked to compare pairs of numbers for their numerical value, the DE was modulated as a function of notation.",,,
A236,"Furthermore, the influence of a sense of attachment to different groups is backed by several experimental results that suggest that even induced social identities may influence behavior (e.g. Chen and Chen 2011).",,,
A095,"…sensing physical heaviness was found to increase judgements of importance, seriousness and potency in some contexts (e.g., Ackerman et al., 2010; Jostmann et al., 2009; Kaspar, 2013a), we expected a comparable effect on judgements about politicians that are conceptually related to physical…",,,
A169,"Psychological investigations, however, suggests that one’s feelings state can influence what comes to one’s mind first or most easily (for a detailed review see Isen, 1984) and what comes to one’s mind first or most easily can in turn influence one’s decisions and judgments (Tversky and Kahneman, 1973).",,,
A201,"Similarly, the “crowd within” phenomenon (Vul & Pashler, 2008), in which experimenters ask participants to produce more than one estimate, relies on the idea of increasing diversity within individuals.",,,
A266,"However, Grechenig, Nicklisch and Thöni (2010) and Ambrus and Greiner (2012) found that the above results hinge on the assumption that individuals can perfectly monitor each others’ actions. If there is a small amount of noise in monitoring, then the availability of costly individual punishment does not help the participants’ welfare, and it can even decrease it. The reason is that with imperfect monitoring from time to time a contributor gets punished by fellow team members who received an incorrect negative signal regarding the contribution. This discourages future contributions and can trigger antisocial punishment by the contributor who was “unfairly” punished.1 Hence even in the long run, contribution levels stay away from the socially efficient levels, and individuals keep on punishing each other, further decreasing each others’ payoffs. Moreover, in a recent paper Fischer, Grechenig and Meier (2013) find that if monitoring is imperfect, centralizing punishment, in the form of delegating punishment rights to a particular individual, does not remedy the issues above, and cooperation levels remain low.",,,
A136,"Finally, Kirchler et al. (2012) investigate a setting with a constant growth to report pricing at the risk-neutral value. setting with three or four assets to find that subjects exploit arbitrage possibilities and that complexity decreases information aggregation.",,,
A047,"The volume of this subspace for increasing dimensions of the correlation matrix was explored by Joe (2006). As measures of association are bounded, fractional Bayes methodology is not needed as the noninformative joint uniform prior for the correlations in the correlation matrix is already proper, and thus a regular default Bayes factor can be computed.",,,
A147,"…tool to explore key phenomena in selection of the correct item from a range which might provide a reasonable semantic “fit” such as source-monitoring (Marsh et al., 2008), and fluency in verbal retrieval (Jones, Marsh, & Hughes, 2012; Marsh & Jones, 2010), and also how hemispheric specializations…",,,
A014,"However, several authors (including Oechssler 2010; Smith 2010; Kirchler et al. 2012) argue that decreasing fundamental values do not match characteristics of assets usually traded in developed markets, and might thus interfere with expectations that subjects bring to the lab.",,,
A344,"Persons who were successful at achieving weight loss in a weight-loss program had a lower novelty-seeking trait, which correlates positively with conscientiousness [23], than those who did not reach their goals [28].",,,
A282,"This result implies that there is an interaction between the neural systems related to each temperamental construct, and the BAS and BIS can be described as antagonistic to each other (De Fruyt and Van De Wiele, 2000; Zuckerman and Cloninger, 1996).",,,
A334,"Our empirical results supported the effects of a high and low anchor (Jacowitz & Kahneman, 1995).",,,
A356,"Memories that have been either measured or manipulated to feel subjectively far away have less impact on self-perceptions and are more likely to be denigrated if inconsistent with the current self (Ross & Wilson, 2002).",,,
A233,"In theoretical terms, it captures better the relational qualities of subjective social status that are central to some of its political effects, such as the tendency of low subjective status to inspire last place aversion (Kuziemko et al., 2014), and, in methodological terms, it offers a single indicator that can be incorporated into surveys more readily than a battery of questions on social integration.",,,
A226,"These results are consistent with previous research on age-related differences in memory and imagination with respect to internal and external details (Addis et al., 2008; Gaesser et al., 2011; Madore et al., 2014), which supports the CESH and indicates that an AI-based methodology is applicable to a Chinese sample (cf.",,,
A304,"Our methods include statistical significance testing (t-tests) and quantitative metrics like the Anchor Index (A-Index) and Relative Error (R-Error) to measure the magnitude of the bias, providing a quantitative basis for comparing model behavior to human behavior without presuming an identical underlying cognitive process.",,,
A232,"More generally, adults tend to expect non-dominant group members, like Black adults, to be “experts” on identity-related issues and topics, like race and racism (Crosby et al., 2008).",,,
A132,"To circumvent these problems, several authors have suggested using an open-answer format to obtain data on behaviors (Schwarz et al., 1985; Sudman & Bradburn, 1982).",,,
A286,"…literature whereby the effect is more ubiquitous and salient in the direction from concrete sensory experience to abstract cognitions—e.g., from weight to importance, and from physical coldness to psychological coldness—and it is weaker when reversed (Hong & Sun 2012; Jostmann et al., 2009).",,,
A111,"The significantly increasing volatility around the rainy season onset in Chiquimula and recent whiplash from dry to wet in Totonicapán, as demonstrated by our index, may reinforce the desire to maintain an early May anchor.",,,
A230,"…their taxes (Alm et al., 1992), workers increase their effort level (Abeler et al., 2011), traders reduce their valuation on endowed goods (Marzilli Ericson and Fuster, 2011), golf players invest more focus when going for par (Pope and Schweitzer, 2011), and gamblers gear their lottery choices…",,,
A229,"Evidence of a 'pull' from competing response alternatives during a reaching task (McKinstry et al., 2008) provides further indication that decision making might not be its own a single, clear-cut phase, but operates, rather, in continuity with planning and execution.",,,
A309,"For instance, in their second study, Jostmann et al. (2009) found that participants who held a heavy clipboard attributed more importance to fairness in decision making than did participants holding a light clipboard.",,,
A342,"They assume a componential model of conceptual representations in which concepts are made up of smaller elements of meaning, referred to as features, properties or attributes (Cree and McRae, 2003; Gotts and Plaut, 2004; McRae et al., 1997; Mirman and Magnuson, 2008; Randall et al., 2004).",,,
A258,"A series of studies (e.g., Dale et al., 2007; McKinstry et al., 2008) reported that assessing subtle changes in the mouse movement trajectory is more fidelitous than a keypress response; nevertheless, the vast majority of cognitive studies still have participants press a key.",,,
A291,"Bartling et al. (2009) argue that choice of recruitment method — screening, in particular — can have complementarities with discretion, rent-sharing, and wages.",,,
A350,"…research has found that more concrete construal encourages use of information at one’s disposal in the current context (Ledgerwood et al., 2010; Wakslak & Trope, 2009), and that distal objects seem closer (and, therefore, more contextual) under concrete construal (Alter & Oppenheimer, 2008).",,,
A278,"Indeed, such advertisements may be more salient when they do appear, which could lead to the overestimation of their occurrence; similar biases have been identified in research from cognitive psychology (e.g., Tversky & Kahneman, 1973).",,,
A323,"…binary yes/no questions (such as, is the sky ever green?) by moving a cursor instead of just pressing one key or another, their movement trajectories reveal a wealth of phenomena that suggest the decision is represented in a continuous space that spills into overt movement (McKinstry et al. 2008).",,,
A117,"…evidence is consistent with our result that individuals value their decision power beyond its instrumental value (Güth and Weck-Hannemann, 1997; Fehr et al., 2013; Bartling et al., 2014; Owens et al., 2014) and prefer fair decision processes, over and above the fairness of the allocation…",,,
A155,Ganor-Stern and Tzelgov (2010) also reported that the unit-decade compatibility effect was affected by the notation of the numeral system.,,,
A188,"It should be mentioned that two previous studies using a similar manipulation (Schneider, 1995; Sniezek, Paese, & Switzer, 1990) failed to find a framing effect when participants were asked to judge their own performance. For example, Schneider (1995) had participants estimate the number of questions they got right (positive frame) or estimate the number of questions they got wrong (negative frame) and found no framing effect on estimates. Both of these studies, however, investigated framing effects on one’s own performance, while this study focuses on estimates of how others will perform. Levin et al. (1998) speculated that attribute framing effects would be minimized under conditions of high personal involvement, which may explain the results of Sniezek et al. (1990) and Schneider (1995). I explored the potential moderating effects of involvement on framing effects in the first experiment.",,,
A327,"Revisiting Armor et al. (Psychological Science, 2008) Armor, Massey, and Sackett (2008) considered “Prescribed Optimism” and asked “Is it right to be wrong about the future?” They suggested that personal predictions are often optimistically biased, not because of irrationality but rather because such behavior is consistent with people’s values and beliefs.",,,
A038,"For example, Alvarez and Oliva (2008, 2009) found that observers perceive what they call “ensemble statistics,” including summary location or orientation, even in unattended scene elements. Furthermore, Haberman and Whitney (2007) found that mean emotion and gender are also rapidly perceived for a group of face images.",,,
A290,"Reminders of money make people act selfishly, such as decrease helping and ethical behavior (Caruso et al. 2013; Gino et al. 2011; Vohs et al. 2008), unless considerate responses are explicitly tied to compensation (Fabes et al. 1989; Kunda and Schwartz 1983).",,,
A317,"…a priority rule that gives preference to registered donors outperforms other allocation rules in increasing the willingness to donate organs (Kessler and Roth 2012, 2014b; Li et al. 2013), but in the field people often object to the implementation of the rule (Ahlert and Schwettmann, 2011,…",,,
A259,"Indeed, Matlock et al. (2005) reported that participants primed with fictive motion describing a road going away from the location where they were (analogous to the ego-moving perspective) tended to respond Friday , whereas those primed with the reverse in the form of a road coming toward their current location (analogous to the time-moving perspective) tended to respond Monday .",,,
A253,"Studies with the picture-picture interference paradigm have shown that a context picture superimposed on a target picture facilitates the naming response when the context picture's name is phonologically similar to the target picture's name (e.g., target picture; ""bed,"" context picture: ""bell""; see Cook & Meyer, 2008; Meyer & Damián, 2007; Morsella & Miozzo, 2002; Navarrete & Costa, 2005; Roelofs, 2008), This phonological context effect suggests that the word form of the not-to-be-named context object becomes activated during speech planning, in line with a cascading view (but see Bloem & La Heij, 2003; Kuipers & La Heij, 2009, for a different interpretation).",,,
A174,"Perhaps more striking is that the predictions of another memory-based heuristic, availability (Tversky and Kahneman, 1973), are also noncompensatory (based on just a single variable, e.g., speed of recall), but this seems to have bothered no one. adaptIve use oF the recognItIon heurIstIc Gigerenzer…",,,
A270,"For the propositions with intermediate truth values mouse movements would veer longer between answers thus tracking the more arduous cognitive task of assigning a truth value in these trials (McKinstry et al., 2008).",,,
A367,"Persons who were successful at achieving weight loss in a weight-loss program had a lower novelty-seeking trait, which correlates positively with conscientiousness [23], than those who did not reach their goals [28].",,,
A337,Recent theoretical and experimental work suggests that there are also complementarities from matching incentive structures to preference types; e.g. Englmaier and Leider (2008) or Bartling et al. (2010).,,,
A176,That the brain edits our pasts in a positive light is healthy to the extent that it can promote a positive—though illusory— view of the self [17],,,
A031,"Chen and Chen (2011) consider an other-regarding parameter that increases when players share a common group identity. While Chen and Chen (2011) find an improvement in coordination when players share a group identity, it is unclear whether this is because they care more about each other’s payoff, or because they believe the other player is more likely to choose the payoff dominant outcome when they come from the same group.",,,
A349,"In particular, sad and depressed individuals discount the future more heavily than others (Ifcher and Zarghamee, 2011; Lerner et al., 2013; Pulcu et al., 2014).",,,
A102,"Similarly, there is evidence that romantic interest is less easily judged than friendliness (Farris et al., 2008).",,,
A143,"Relatedly, Alvarez and Oliva (2008, 2009) demonstrated that background detection of ensemble changes is relatively unaffected by a foreground tracking task.",,,
A156,"Indeed, the two interpretations of the probe are argued to be equally likely in a ‘neutral’ or unprimed context (Boroditsky & Ramscar, 2002;McGlone &Harding, 1998). Further evidence of this assumption is found in the example sentences appearing in papers on space–time metaphor, in which the two perspectives are equally represented.(2) The equal prevalence of the two metaphors has been used as a basis for researchers attributing interpretation differences across experimental conditions to the spatial prime (i.e., moving self or moving object, as in the Boroditsky & Ramscar, 2002, study described above), which is argued to give rise to the perspective that is consistent with it rather than tomerely reinforce an existing interpretation bias. However, a number of recent studies have revealed additional factors which influence the perspective adopted, thus calling this assumption into question. First, in their study of natural language uses of the Moving Ego and Moving Time metaphors, McGlone and Pfiester (2009)",,,
A333,"…uthor M anuscript A uthor M anuscript that older adults’ abilities to remember past events and imagine future events largely decline in parallel (Addis et al., 2008; Gaesser et al., 2011; Madore, et al., 2014; Gallo, et al., 2011; Rendell, et al., 2012; Schacter, et al., 2013), older adults…",,,
A179,"For example, asking people to pinpoint the time and place of the IIC encounter appears to amplify its benefits (Husnu & Crisp, 2010, 2011), as does framing IIC episodes as the start of a friendship (Bagci, Piyale, Bircek, & Ebcim, 2018).",,,
A090,"Also, power holders seem to not want to part with their power once they have it (Fehr et al., 2013; Owens, Grossman, & Fackler, in press).",,,
A249,Another study ( Winawer et al. 2008 ) showed that viewing a series of photographs with implied motion in a given direction produces motion after-effects in the opposite direction as assessed with real-motion test probes.,,,
A318,"Their research shows that individuals reconstruct their past according to how they currently want to perceive themselves: as different from the past self (Conway & Ross,  1984 ), superior to the past self (Wilson & Ross,  2001 ) or distant from a negative past self (Ross & Wilson,  2002 ).",,,
A346,"Indeed, while previous research has established age-related declines in episodic memory and simulation abilities (Addis et al., 2008, 2010), empathy and prosociality are thought to increase later in life (Carstensen et al., 2006; Mayr & Freund, 2020), and these may help to compensate for…",,,
A322,"More specifically, Kirchler et al. (2012) and Huber and Kirchler (2012) report that the reduction of confusion about the fundamental value and different framing of the traded asset helps to reduce mispricing. Lei and Vesely (2009) outline the importance of a very careful explanation of the FV.",,,
A262,"On both the single-and two-mechanism accounts, the erroneous recall component of the impact of B-SSS is attributed to the breakdown of source monitoring (Beaman, 2004; Bell et al., 2008; Marsh et al., 2008).",,,
A355,"Consistent with this work, age-related reduction in episodic specificity has been associated with sub-optimal performance in a variety of episodic memory-supported functions, including future thinking and problem solving (Addis et al., 2008; Vandermorris et al., 2013).",,,
A205,"In comparison, about 38 percent reported watching more than 2 ½ hours when they were presented with a scale ranging from “up to 2 ½ hours” to “more than 4 ½ hours” (Schwarz et al., 1985).",,,
A036,"Jostmann, Lakens, and Schubert (2009) reported that holding heavy things enhances the cognition of importance “IMPORTANCE IS HEAVY”.",,,
A128,"The considerable overlap of the constructs assessed with currently established personality questionnaires like the NEOFFI or the TCI has been noted by several authors (De Fruyt et al., 2000; Aluja and Blanch, 2011).",,,
A190,"Jacowitz and Kahneman (1995), who also find higher anchors to be more effective.",,,
A267,"In particular, if the hypothesis that older adults are less able to recollect episodic details than younger adults (Addis et al., 2008) is true, then a greater decline in performance should be observed in middle-aged participants.",,,
A246,Existing research has shown the advantage of making precise (vs. round) offers in negotiations such that a higher level of precision reduces the magnitude of counteroffers (Janiszewski and Uy 2008; Mason et al. 2013; Thomas et al. 2010).,,,
A088,"A substantial number of previous studies have demonstrated nonadditivity (i.e., a statistical interaction between semantic and phonological overlap) in such experiments, across various Western languages (e.g., English: Damian & Martin, 1999; Taylor & Burke, 2002; Dutch: Starreveld & La Heij, 1995; French: Bonin & Fayol, 2000), and this pattern is generally taken to support a nonserial notion.",,,
A017,"Indeed, some studies such as Huber and Kirchler (2012) and Kirchler et al. (2012) show that subjects’ understanding levels play a central role in such experiments.",,,
A325,"The fact that similar effects are observed here as in standard cue-word tasks – for example, age effects (Addis et al., 2008; Addis et al., 2010) – implies that such recombination is representative of VFT processes in general.",,,
A108,"For individuals with high need for cognition, the central route (the quality of the arguments contained in a message) has a greater effect on persuasion (Cacioppo et al., 1983).",,,
A119,"Further, in the Many Labs Replication Project’s (Klein et al., 2014) replication of Caruso et al. (2013), only one of the 36 labs observed a significant effect; the aggregate effect size across labs was in the opposite direction and not significantly different from zero.",,,
A165,"As a result of the influence of perceived inequality, people’s opinions about redistributive policies can be altered with interventions that change the salience of inequality (Card et al., 2012; Cruces et al., 2013; DeCelles & Norton, 2017; Kuziemko et al., 2015).",,,
A044,Richeson and Trawalter (2008) examined visual attention to Black faces with either happy or neutral expressions among White people varying in their level of external motivation to respond without prejudice.,,,
A331,"For instance, not only does warmth induce feelings of interpersonal closeness (IJzerman and Semin, 2010), but feelings of loneliness can make people feel colder (Zhong and Leonardelli, 2008; IJzerman et al., 2012; Szymkow et al., 2013).",,,
A244,"For instance, Alvarez and Oliva (2008) used a motion tracking task to investigate participants’ abilities to report their memory for the mean location of distractors.",,,
A214,"…is evidence that imagined contact exerts its effects through reduced anxiety (Abrams et al., 2008; Husnu & Crisp, 2010a; Turner, Crisp, et al., 2007), increased vividness of the imagined scenario (Husnu & Crisp, 2010a), and improved intergroup attitudes (Harwood et al., 2011; Husnu & Crisp, 2010a).",,,
A051,"The original researchers found that exposure to money caused people to endorse attitudes that justify inequality (Caruso et al., 2013).",,,
A255,"Increased semantic density at the word level is known to have an inhibitory effect on production and recognition due to increased competition among nearby meanings (Chen & Mirman, 2012; Mirman & Magnuson, 2008).",,,
A060,"With respect to this point, Fudenberg, Rand, and Dreber (2012) reported in their imperfect public monitoring experiment that the frequencies of cooperative strategies drop significantly as the level of noise is increased from 1/16 to 1/8.",,,
A023,"As for the cause of this effect, two mechanism has been proposed to explain how the granularity of offers influences counteroffers: (i) the “scale-granularity hypothesis” (Janiszewski and Uy, 2008), which states that the effect is mostly cognitive, with more granular offers triggering a smaller adjustment scale for the counteroffer; (ii) the “attribution of competence” hypothesis, which states more granular offers trigger the belief that the counterpart is competent, i.",,,
A209,"To promote gender equality in science, it is important that the media ’ s portrayal of women in STEM serves as a counter-stereotype to the notion that women are ill-ﬁ tted for STEM ﬁ elds (e.g., Carli et al., 2016; Leslie et al., 2015; Nosek et al., 2002).",,,
A241,"Some studies, which more directly manipulated attention, have shown that when attention is directed away, ensemble coding of low-level features can still be established [4, 12, 13].",,,
A369,"In contrast, people who are motivated to confront another want to increase their anger (Tamir & Ford, 2012a; Tamir et al., 2008).",,,
A288,"Similar effects of weight experience have been shown in judgments of spatial distances and monetary values (Witt et al., 2004; Jostmann et al., 2009).",,,
A185,"Husnu and Crisp (2010a) hypothesized that elaborated imagined contact would create a more vividly represented (and therefore available) behavioral contact script, and in turn this would enhance future contact intentions.",,,
A277,"Many early studies also observed that group identity manipulations can strengthen altruistic preference, reciprocity preference, and the desire to maximize social welfare among in-group members, even if group assignment is based on random and arbitrary criteria (Chen and Chen, 2011).",,,
A280,"…than to describe it in words or that drawing increases the vividness of the representation of an imagined interaction in the memory more effectively, all of which could contribute to different perceptions of the activities by children in the lower and upper grades (Husnu and Crisp, 2010).",,,
A112,"Being locative schema “POLITICS is THERE-place” [196 examples]: place = cardinal point [12]: southern politics (42, 51, 58); northern politics (61); country [87]: Nigerian politics (466); Lebanese politics (744); ethnic group [44]: Arab politics (175, 209); Jewish politics (175); state, district, county [31]: Louisiana politics (869); British Columbia politics (409); city [19]: Los Angeles politics (933); Rio de Janeiro politics (319); company [3]: office politics (697).",,,
A110,"…with the recent evidence showing that the role of network formation 16End-game effects are common in games of cooperation (Gächter et al., 2008; Ambrus and Greiner, 2012). is not robust to changes in the experimental environment (Rand et al., 2014) suggesting that its role is second order…",,,
A238,"Indeed, Fehr, Herz and Wilkening [22] show that individuals exhibit",,,
A307,"detailed description of the temperament dimensions and their subscales can be found in the TCI guidebook.(31) In the 46-year-olds’ survey, the Cronbach alphas of the scales were 0.",,,
A125,"These findings of robustness are important, because Rugg’s (1941) and Hyman and",,,
A336,"Well-known examples include reports that reading elderly-related words makes people walk more slowly when they leave the lab [8], reading money-related words makes people volunteer and donate less [9], seeing American flags makes US participants more favorably disposed to politically conservative points of view 8 months later [10], and plotting two points close together on a piece of graph paper makes people judge things from a greater ‘‘psychological distance’’ [11].",,,
A298,"Consequently, experts have incentives to exploit their superior knowledge trough overcharging, undertreatment or overtreatment (Dulleck and Kerschbamer 2006, 2009; Dulleck et al. 2011).",,,
A171,"In Phonological PWI, naming RTs were shortened but tone judgment RTs were unaffected (but see Roelofs, 2008 for a different pattern of results using a visual rather than an auditory Task 2).",,,
A301,"Indeed, it is a form of the notorious framing effect (Tversky & Kahneman, 1981), that pervasive and troublesome violation of invariance which here causes the selfsame policy to be rated differently, simply because the judge changes the position wherefrom judgment is rendered.",,,
A077,"We further consider the case of strong peer-to-peer punishment which has been suggested by Ambrus and Greiner (2012) to be capable of guaranteeing fairly high contribution and payoff levels in a low noise environment. Under strong peer-to-peer punishment subjects can subtract more punishment points at a lower cost from others. We too find a positive effect of strong punishment on contribution rates, our results on welfare are however strikingly different to those of Ambrus and Greiner (2012). Strong punishment leads to sizeable welfare losses as compared to standard punishment or the no punishment benchmark, with payoff levels being roughly half of those in the latter case.",,,
A257,"In addition, people have a tendency to perceive the past self-less favourably [33] (e.",,,
A146,"Subjectively shifting perceptions of time appears to be motivated by the desire to protect or enhance self-regard: People show no temporal bias when they recall the successes and failures of acquaintances (Ross & Wilson, 2002).",,,
A074,"In related examples, Fehr and Gächter (2000) and Gächter, Renner, and Sefton (2008) find that high contributors incur costs to punish free riders and thereby to promote cooperation, when the contributions of each group member is accurately shown to the others at no cost, but Grechenig, Nicklisch, and Thöni (2010) and Ambrus and Greiner (2012) find large increases in “misdirected” punishment which result in less or even negative effects of punishment opportunities on cooperation, when similar interactions occur under imperfect observability. The present paper addresses the challenge that imperfect and costly information poses for cooperative self-governance by introducing a natural extension to the experimental literature: the incorporation of a costly monitoring option. Put differently, we endogenize the imperfectness of information by letting the agents concerned improve their information’s accuracy, should they be willing to incur the requisite cost. The message of Grechenig et al. (2010) and Ambrus and Greiner (2012) might appear to be summarized by the phrase “punishment despite reasonable doubt,” which suggests that agents in their social dilemma experiments who were offered the opportunity to engage in peer punishment based on information known to be frequently inaccurate, were not especially reticent about punishing one another although they might be punishing a fellow cooperator when attempting to enforce cooperation.",,,
A197,"In employees’ careers, motivation is the incentive of their professional behaviors from beginning to end [7,8], and it is also an important factor in the development of individuals and organizations [9].",,,
A328,"In the case of Arabic numerals and number words, adoption of this strategy will not prevent semantic processing of magnitude, which occurs automatically (Dehaene and Akhavein 1995; Ganor-Stern and Tzelgov 2008).",,,
A122,"To test this, we calculated the benefit of averaging by subtracting the square error of average estimates from the square error of first estimates (similar procedures have been used before; Herzog & Hertwig, 2009; Steegen et al., 2014; Vul & Pashler, 2008).",,,
A054,"In a similar vein, Jostmann, Lakens, and Schubert (2009) linked holding heavier (as opposed to lighter weight) objects with more elaborate thinking and other indices of cognitively effortful processing.",,,
A003,"…effect has been demonstrated whereby people are given an opportunity to engage in a moral action such as stating their opposition to racist or sexist comments (Monin & Miller, 2001), writing positive self-reflective stories (Sachdeva, Iliev, & Medin, 2009), or donating (Khan & Dhar, 2006).",,,
A248,"Critically, human decision-making is not perfectly rational (Kahneman & Tversky, 1984; McNeil et al., 1982; Tversky & Kahneman, 1981).",,,
A082,We discuss 9 Experimental evidence tends to support this prediction (Goeree and Holt 2005; Chen and Chen 2011). the differences between the games below; a more formal analysis can be found in our working paper Dong et al. (2015).,,,
A372,"Relatedly, a set of dots is accurately and efficiently processed into a mean spatial location (Alvarez & Oliva, 2008), raising questions about what is gained by replacing datapoints on a graph with their mean value.",,,
A087,"…contact was found to increase the interest as well as the willingness to engage in a conversation with a Greek Cypriot for Turkish Cypriot students (Husnu & Crisp, 2010a, Experiment 1), to lead to more positive behavioural intentions towards British Muslims for non-British Muslims (Husnu & Crisp,…",,,
A181,Kill-joy thinking correlates with reductions in well-being (Schwartz et al. 2002; Larsen and McKibban 2008; Polman 2010).,,,
A124,"Researchers have found that people strategically maintain emotional states to enhance performance on subsequent emotion-congruent tasks (Tamir, Mitchell, & Gross, 2008), and that individuals diagnosed with depression are characterized by persistent negative emotional states (Gilboa & Gotlib, 1997).",,,
A019,"…licensing in which an individual who engages in initial prosocial behavior is subsequently less likely to do so; Kristofferson, White, and Peloza 2014; Monin and Miller 2001; Mullen and Monin 2016), to explain how small donor contribution format (purchase of political merchandise vs. monetary…",,,
A166,"The consequences of money priming have been linked mainly to individualism over collectivism (Broda, 2019), and support for social inequality while advocating capitalism (Caruso et al., 2013).",,,
A070,"Outside the attended region, multiple features seem to be aggregated though a process of statistical summary (Alvarez & Oliva, 2008, 2009; Chong & Treisman, 2005); however, this process produces averages of features rather than illusory conjunctions.",,,
A293,"…de Lange, & Dehaene, 2011; Verguts & Fias, 2004; Dehaene, 2001), whereby upon exposure to a multitude of continuous features (e.g., spatial-orientation, circle-diameter) observers exhibit high sensitivity to the average of the ensemble (Alvarez & Oliva, 2008; Chong & Treisman, 2003; Ariely, 2001).",,,
A123,"There is a substantial empirical literature that shows intuitive judgements are sensitive to framing effects: systematic shifts in response to normatively irrelevant per - turbations in presentation (Tversky and Kahneman 1981, 453; McDonald et al., 2021, 1–5).",,,
A069,This is supported by evidence that attentional engagement is delayed and diffused during the attentional blink (Vul et al. 2008) and that the attentional blink can be alleviated by cuing (Nieuwenstein et al. 2005).,,,
A024,"…support for the instrumental approach to emotion regulation involved cases where people showed stronger preferences for unpleasant emotions, such as worry (Tamir, 2005), fear (Tamir & Ford, 2009), or anger (Tamir et al., 2008), when preparing for goal pursuits that can benefit from such emotions.",,,
A012,"The auditory system is hypothesized to play a central role in the brain's change detection network by serving as an ‘earlywarning’ device, continuallymonitoring the acoustic background for potentially relevant events (Demany et al., 2008; Murphy et al., 2013).",,,
A311,"Research on desirable difficulty has consistently shown that certain effort-induc - ing learning manipulations, when appropriately calibrated, promote long-term retention and deeper processing (Alter & Oppenheimer, 2008; Alter et al., 2007 ; Lehmann et al., 2016; Weissgerber & Reinhard, 2017).",,,
A212,"Note that some manipulations can induce abstraction indirectly through variables that affect abstraction (e.g., processing fluency and psychological distance; Alter & Oppenheimer, 2008; Trope & Liberman, 2003, 2010; respectively).",,,
A063,"People exposed to money are more likely to believe social advantaged groups should dominate disadvantaged groups and that victims deserve their fates (Caruso et al., 2013).",,,
A265,"The results from Alvarez and Oliva (2008) showed identical performances for target and distractor centroids when target selection was difficult (the targets and distractors were all black) in Experiment 1, although they showed better performance for the target than the distractor centroid when…",,,
A039,"As Kuziemko et al. (2014) explains, last-place aversion should be motivation for near-worst units to improve.",,,
A148,"Oppenheimer and Monin (2009) report that when participants were asked to estimate the number of coin flips before the occurrence of a pattern of length 5, they believed that a sequence of coin flips was nearly twice as long before a streak (mean estimate = 16.2) than when there was no streak (mean…",,,
A139,"In our experiment, we adapt Ericson and Fuster’s (2011) design to instead test the comparison effect.",,,
A035,Related research studies the effects on coordination of communication through different kinds of institutions (Kogan et al. 2011; Shurchkov 2016).,,,
A316,"These results are consistent with a functionalist account of emotions, which posits that the pursuit of emotion-specific goals can be modified as a function of the current environment (Keltner et al., 2006; Tamir et al., 2008; Tooby & Cosmides, 1990).",,,
A067,Alvarez and Oliva (2008) used a variant of the concurrent tracking task to also show that people extract summary statistics when attentional load is increased.,,,
A081,"In fact, previous research has found that up to a third of participants often provide estimates in the outer direction, despite researchers’ assumptions that the vast majority of participants provide estimates in the inner direction (Grau & Bohner, 2014; Jacowitz & Kahneman, 1995).",,,
A338,"To cater to different tastes, we included three different real-object prizes: a University of Sydney hoodie, a Logitech Boombox and a voucher for two cinema tickets.(16) As people who are not interested in buying a particular good would simply bid $0, and therefore be insensitive to the number of people in the auction, we included three different real-object prizes with the (14)Unless he submits a bid equal to zero.",,,
A361,"The utility of the leisure or work domain is improved when individuals possess a higher preference for that domain (Ifcher & Zarghamee, 2011).",,,
A250,"In addition, several studies (Zuckerman and Cloninger, 1996; De Fruyt and Van De Wiele, 2000) have reported significant relationships between Cloninger's temperamental traits and extraversion; i.e., HA is negatively correlated with extraversion, and NS is positively associated with extraversion.",,,
A274,"To obtain the data which would allow us to infer the discount rates, the respondents played games and answered questions informed by Voors et al. (2012), Ifcher and Zarghamee (2011) and Tanaka et al. (2010).",,,
A004,Long-silence was chosen as a reference because previous studies have shown that a silence between two auditory sequences does not reduce change detection (Demany et al. 2008; Pavani and Turatto 2008).,,,
A219,"…of a range of outgroups, including Mexicans’ attitudes towards Mestizos in Mexico (Stathi & Crisp, 2008), non-Muslims attitudes towards Muslims (Husnu & Crisp, 2010a, Experiment 2; Turner & Crisp, 2010b, Experiment 1; Turner & West, in press, Experiment 2), illegal immigrants (Harwood,…",,,
A109,The results suggest a methodology for measuring uncertainty to facilitate multi-method research and to assess data in a pragmatic setting.,,,
A261,"PMQ (Cacioppo et al., 1983) was assessed using a five-item, 7-point Likert scale created by Smith, Kopfman, MassiLindsey, Yoo, and Morrison (2004).",,,
A052,"A framing effect in a decision task is said to occur when equivalent descriptions lead to different decisions—an apparently clear violation of the basic normative principle of invariance between equivalent choices (Kahneman and Tversky 1979;  Tversky and Kahneman 1981, 1986;  for a review see Levin et al. 1998).",,,
A107,"As shown by Caruso et al. (2013), merely activating a money concept in people’s minds can make them more favorable toward existing social structures and more likely to see social inequality as acceptable.",,,
A160,"However, the authors find evidence of a discouragement effect, whereby the responder shies 37See also Ericson and Fuster (2011), Fehr and Goette (2007) and Song (2016). away from working when the leader’s effort provision is high, but works hard when it is low.",,,
A145,"Based on this and related evidence reviewed in Roelofs (2008), the computational implementation of the theory proposed in LRM, WEAVER++, models lexical access as a cascaded process (see also Roelofs, 2014; Roelofs & Ferreira, 2019).",,,
A330,"Thus facing a 50-50 mixture between the two strategies, Grim-I earns 26/64, while ALLD gets 17/64. b/c=4.7 Consistent with this observation, the experiments reported in Fudenberg et al. (2012) found substantially more cooperation at b/c=4 than when b/c=1.5.",,,
A292,"Nosek et al. (2002) showed that when math and language IAT tasks were conducted, males demonstrated a more positive attitude toward math than females, implying that males tended to have a more negative implicit preference for English than females.",,,
A180,"…representations” do, indeed, demonstrate that we are reasonably good at judging the summary statistics of stimuli (Albrecht & Scholl, 2010; Alvarez, 2011; Alvarez & Oliva, 2008; Ariely, 2001; Chong & Treisman, 2003, 2005; Dakin & Watt, 1997; Parkes, Lund, Angelucci, Solomon, & Morgan, 2001).",,,
A028,"They found moral licensing effects for each the one and two experimenter conditions, but no difference between the one and two experimenter conditions, which suggests that establishing a cooperative reputation to others may not be important for the moral licensing effect (Monin & Miller, 2001).",,,
A289,"In the latter case of intermediate truth values, previous work has shown that mouse movements will veer between answers ( McKinstry, Dale & Spivey, 2008 ), and our pilot work replicated these findings with eye movements.",,,
A287,Tversky & Kahneman (1981) have shown that individuals can reverse their decision choices when a problem is framed in different ways.,,,
A335,"…of abstract concepts, such as time, is not available to awareness, this implicit process of cognitive unconsciousness is associated with spatial representations (Kranjec & Mcdonough, 2011, p. 747), thanks to the shared conceptual structure of the domains of space and time (Boroditsky, 2000, p. 1).",,,
A101,"A major theoretical problem with iterated games is that the set of equilibria of these is extremely large: essentially, the entire range of “safe” (in the maxmin sense) to Pareto efficient strategic outcomes can be supported in equilibrium (Fudenberg and Tirole 1991).",,,
A196,"Consistent with the original report, healthy younger adults provide more internal details and fewer external details than older adults when recalling past personal experiences (Addis et al., 2008; Addis et al., 2010; De Brigard et al., 2016; De Brigard et al., 2017; Ford et al., 2014; Gaesser et al., 2011; Madore et al., 2014; Peters et al., 2019; Robin & Moscovitch, 2017; Spreng et al., 2018; St Jacques & Levine, 2007; Vandermorris et al., 2013; Zavagnin et al., 2016).",,,
A115,Restricting the effort choices of the agent rules out a scale effect and the resulting complementarity between full discretion and pay as observed in the experiment by Bartling et al. (2012) since agents cannot respond to a gift by providing more effort.,,,
A034,", 2007), and evidence from sport and gaming contexts (Tamir et al., 2008; Lane et al., 2011) show that individuals are generally motivated to feel positive rather than negative emotions.",,,
A057,"Hedonistic consumption occurred when people purchased to satisfy their needs of pleasure (Tamir et al., 2008).",,,
A068,"…social dominance orientation, the justification of free market systems, and the conviction that only personal effort and achievement should be rewarded, are susceptible to subtle cues of money (Boucher & Kofos, 2012; Caruso et al., 2013; Vohs, 2015; Vohs et al., 2006, 2008; Zedelius et al., 2013).",,,
A089,"…1998; Tremblay & Jones, 1999) and occurs independently of the mere presence of phonology within the task-irrelevant sound or phonological overlap between sequences of to-be-remembered and task-irrelevant items (Jones & Macken, 1995; Marsh, Vachon, et al., 2008; but see Eagan & Chein, 2012).",,,
A149,"Additionally, in a lexical decision study, Mirman and Magnuson (2008) reported slowed processing of words with near neighbours and speeded processing to words with distant semantic neighbours.",,,
A029,Kahneman and Tversky [1984] state that cognitive information is processed in our brain by system 1 or system 2.,,,
A130,The Limits of Verifiability and a Potential Explanation for Its Failure Experimental data in Dulleck et al. (2011) indicate that – contrary to theoretical prediction – verifiability fails to promote efficiency on credence goods markets.,,,
A239,"Past research suggests that people can improve their quantitative judgments by making two judgments and then taking the average, an effect called the wisdom of the inner crowd (Ariely et al. 2000; Vul and Pashler 2008; Herzog and Hertwig 2009, 2014a b).",,,
A245,"Toepoel et al. (2006) and Winter (2002a; 2002b) find response category effects in web surveys, while Krosnick and Alwin (1987), Rockwood et al. (1997), Schwarz et al. (1985), Schwarz and Hippler (1987), and Strack and Martin (1987) find effects in other modes of administration.",,,
A228,"Therefore, town meetings may provide the citizens with procedural utility (for the role of procedural utility in decision making, see Frey and Stutzer, 2004 and Fehr et al., 2013).",,,
A131,"NFC affects how users interact with information, to which extent this behavior is affected by cognitive biases, how they process explanations, and how they react to nudging and boosting approaches [3, 16, 24].",,,
A217,"…(2008) establish that a personal relationship between principal and agent is a major condition for a substantial crowding-out effect to emerge, and Bartling et al. (2011) show that offering discretion to an anonymous agent is not profitable on its own but that the combined strategy of offering…",,,
A157,"Compared to interview or narrative-based measures such as the Child Autobiographical Interview (CAI), the quantity of memory details reported in the AMT may be relatively low (Addis et al., 2008; Salmon et al., 2021; Willoughby et al., 2012).",,,
A221,"The independence of erroneous and veridical recall (Beaman, 2004; Marsh et al., 2008; Marsh, Hughes et al., 2015) further undermines the idea that blocking (Rundus, 1973) 2012).",,,
A348,"Based on the availability heuristic (Tversky & Kahneman, 1973), the heuristic processing model posits that people use information that is easily accessible in memory to judge the frequency of events.",,,
A242,(Linde and Sonnemans 2012; Kuziemko et al. 2014; Chao et al. 2017; Hillebrandt and Steinorth 2020).,,,
A007,"A recent body of experimental (Abeler et al., 2011; Ericson and Fuster, 2010; Sprenger, 2010) and empirical (Pope and Schweitzer, 2011; Card and Dahl, 2011) studies find support for rational expectations as endogenous reference points.",,,
A025,"As claimed by Lakoff and Johnson (1980), Clark (1973) and Boroditsky (2000), one of the most widely studied metaphorical systems in this context is the contrast between ego-moving and time-moving metaphors, where either the speaker is construed as moving toward future events (e.g., “We’re…",,,
A247,"Recent experimental evidence has observed that, for the case of symmetric games, an ‘enhanced’minimal group paradigm enables coordination among multiple Pareto ranked equilibria (Chen and Chen, 2011).",,,
A129,"This research includes the work of Landau, Meier and Keefer (2010), Williams and Bargh (2008) and Jostmann, Lakens and Schubert (2009), each of whom found that the metaphors we use to conceptualize our environment and our experiences are distinctly manifest in subsequent thoughts and actions.",,,
A118,Lei et al. [2001] achieve a similar purpose by preventing subjects from reselling their assets.,,,
A016,Richeson and Trawalter (2008) also examined the effects of EM on visual attention in response to Black targets and observed a pattern of biased attention among high-EM participants similar to that observed in socially anxious individuals.,,,
A058,"Furthermore, related research on anchoring (Janiszewski and Uy 2008; also see Mussweiler and Strack 2000) suggests that the amount of adjustment from the anchor will depend on the perceived magnitude of the asking price: if a buyer perceives the asking price to be low, then she is more likely to…",,,
A324,"For instance, there is more uncertainty about the underlying behaviors that lead to specific outcomes (Ockenfels and Resnick 2012), which tend to make traders more forgiving and less punishing (see also Ambrus and Greiner 2012 for effects of uncertainty on punishment).",,,
A211,There is evidence that answers to this question strongly depend on question format (Schwarz et al. 1985).,,,
A099,…from an experimenter-controlled concept would seem to be highly desirable and would allow a more naturalistic test of cascaded activation from picture distractors while controlling for the potential attentional effects on picture distractors in picture–picture tasks suggested by Roelofs (2008).,,,
A251,"For example, the unobservable theoretical construct of NFC has been translated into an empirically measurable construct through the development of the NFC questionnaire (Cacioppo et al., 1983).",,,
A347,"When defined as a tendency to engage in intellectual effort, thorough processing and analysing of information, the need for cognition (cacioppo & petty, 1982; cacioppo et al., 1983) is linked to elaboration, which, in turn, is a component of creative thinking.",,,
A351,"Especially if the past is negative—and people generally perceive their past as more negative than their future (e.g., Busseri et al., 2009, 2012), people feel subjectively distant to this self (Ross & Wilson, 2002).",,,
A329,Employers choose an advertisement b̃ that offers workers a share of the surplus p(s)−d(s) (the first expression in equation (17)) unless the minimum that workers need to be offered for them to incur the search costs is larger (the second expression).,,,
A177,"Fehr, Herz, and Wilkening (2013) studied the motivational consequences of authority and concluded that the lack of authority of subordinates dis-courages them and may lead to an effort under-provision.",,,
A114,"An alternative way to capture future thinking is to use performance-based assessments that capture the quality of each individual future thought imagined, as often done within cognitive psychology (e.g., Addis et al., 2008; Levine et al., 2002).",,,
A154,"Consonant with the predictions of Experiment 1, on the interference-by-process account (Marsh et al., 2008, 2009), meaningful, but not meaningless, speech should impair semantic fluency.",,,
A120,"In the context of laboratory experiments, Knetsch and Wong (2009) and Marzilli Ericson and Fuster (2011) find supporting evidence from exchange experiments, Abeler et al. (2011) and Gill and Prowse (2012) from effort provision experiments, Banerji and Gupta (2014) from an auction experiment, and…",,,
A370,"In theoretical terms, it captures better the relational qualities of subjective social status that are central to some of its political effects, such as the tendency of low subjective status to inspire last place aversion (Kuziemko et al., 2014), and, in methodological terms, it offers a single indicator that can be incorporated into surveys more readily than a battery of questions on social integration.",,,
A097,Chen and Chen (2011) show that a salient group identity increases coordination on Pareto superior outcomes in the minimum effort coordination game (Huyck et al. 1990).,,,
A092,"For example, Richeson and Trawalter (2008) demonstrated that Whites who scored high on a measure assessing external motivations to control prejudice (for example, concerns about one’s own social appearance; Devine 1989) were more likely to unconsciously divert their attention away from neutral…",,,
A314,"Similar to what is observed in memory, older age is associated with reductions in episodic simulations while simulations more semantic in nature seem to remain intact (Addis et al., 2008, 2010, 2011).",,,
A027,"Last-place aversion (LPA) has its origins in game theory: using experimental and survey evidence, it was demonstrated that people with low-income do not support equal or larger redistribution policies (Kuziemko et al. 2014).",,,
A178,"La TAT sugiere que las personas tienden a reaccionar a sus sí-mismos pasados y sus resultados de forma que los haga sentir bien en el presente (Ross & Wilson, 2002).",,,
A204,"Former research (Caruso et al., 2013) indicated that beliefs (e.g., social dominance orientation) associated with the economic dimension of political orientation (Jost, Federico, & Napier, 2009) were influenced by money priming.",,,
A168,"2006), and the motivational e ect of authority in delegation games (e.g., Falk and Kosfeld 2006; Fehr et al. 2013).",,,
A210,"In fact, Demany et al. (2008, 2010) have gone so far to posit that reports of change deafness are due entirely to a failure in short-term verbal memory and have little to do with any limitations in sensory processing or sensory memory for sound objects.",,,
A134,"On the other hand, people may exhibit licensing, where those who engage in an initial moral act are less likely to engage in subsequent moral behaviors due to an increase in positive self-concept and satisfaction of impression management motives (Garvey and Bolton 2017; Khan and Dhar 2006; Kristofferson, White, and Peloza 2014).",,,
A207,The availability bias (Tversky and Kahneman 1973) suggests that more salient information in memory is more likely to be considered in a decision.,,,
A100,"A related study by Kuziemko et al. (2014) provides evidence from laboratory experiments and surveys in the United States that “last place aversion” can exist whereby people near the very bottom of the distribution are the least supportive of redistribution, particularly in the form of increases in the minimum wage.",,,
A208,"…attention to the negative elements of otherwise positive situations or focusing on what could be even better – is another strategy that has been found to negatively correlate with happiness, optimism, self-esteem, and life satisfaction (Larsen & McKibban, 2008; Polman, 2010; Schwartz et al., 2002).",,,
A106,It has been argued that these reductions in brain glucose metabolism underlie functional defi cits following sleep deprivation because of resource depletion [ 58 – 60 ].,,,
A048,"Additionally, the study considers the potential effectiveness of green policy instruments such as taxes, regulations, and nudges in promoting remanufacturing.",,,
A018,"In the previous section, we discussed how we set up the experiment resembling the design by Kirchler et al. (2012).",,,
A299,"Moreover, imagined contact enhances contact self-efficacy (Stathi, Crisp, & Hogg, 2011), increases intentions for future out-group contact (Husnu & Crisp, 2010a, 2010b, 2011), and even leads to positive approachrelated behavior toward the out-group (Turner & West, 2012).",,,
A198,"We suspect that in such discussions, when people are forced to make some decision at the end of the day, decision makers rely on other strategies to avoid the appearance of bias, such as deferring to members of minority groups (Crosby et al., 2008).",,,
A175,"It is worth noting that in every treatment of Fudenberg et al. (2012), while strategy choices were quite heterogeneous, a substantial fraction of subjects used the AD strategy, and cooperative types found it difficult to learn optimal responses.",,,
A234,"In western societies, money cues become rather abundant and could thus – as a repetitive prime – potentially provoke lasting changes in people’s political orientation and ultimately voting behavior (cf. Carter et al., 2011).",,,
A133,"Important, here is that  Inzlicht and Gutsell (2007)  see conflict monitoring as representing a nonconscious means of alerting the conscious process to a discrepancy between one’s goals and one’s actual progress.",,,
A256,"Relatedly, a set of dots is accurately and efficiently processed into a mean spatial location (Alvarez & Oliva, 2008), raising questions about what is gained by replacing datapoints on a graph with their mean value.",,,
A273,"Dulleck et al. (2011) have investigated the role of institutions and market conditions on experts’ behavior and have shown that liability is important for efficiency on credence goods markets, while ex-post verifiability of the expert’s actions is not.",,,
A061,"A shared group identity also improves coordination in the battle of sexes game (Charness et al. 2007), and the minimum-effort game (Chen and Chen 2011), suggesting that a salient common identity leads to the selection of a more efficient equilibrium.",,,
A173,"Since women aren’t supposed to be good at math (Boaler, 2002; Nosek et al., 2002), the white women bonded around their reinforcement of algebra being hard and how they were struggling, even when in Kady’s case, she wasn’t.",,,
A009,"The cost of registering for donation was e 0.6, which corresponds to the mean cost of Kessler and Roth (2012) where half of the subjects bore costs of $0.40 ($0.80).",,,
A321,"…later loss of self-control, as evidenced by inappropriate aggressive responding (DeWall, Baumeister, Stillman, & Gailliot, 2007), over-eating (Vohs & Heatherton, 2000), overreliance on heuristics to make decisions (Masicampo & Baumeister, 2008), and unfocused attention (Inzlicht & Gutsell, 2007).",,,
A359,"For example, Mirman and Magnuson (2009) reported that refixation likelihood was increased among presentations of words defined as near semantic neighbours compared to words that are distant semantic neighbours (semantic neighbourhood density calculated over counts of semantic feature ratings of words). Additionally, in a lexical decision study, Mirman and Magnuson (2008) reported slowed processing of words with near neighbours and speeded processing to words with distant semantic neighbours.",,,
A360,"Finally, in the one nonexperimental original study (De Fruyt et al., 2000), the original study used previously validated self-report scales to assess the association between conscientiousness and persistence.",,,
A002,"…do not advocate a dual Indian–Pakistani national anthem, Ghouri et al. stress the potential of imaginary emancipatory ethics, echoing research validating the role of imagining cross-group friendship as a way to foster greater cross-group understanding (Crisp and Turner 2009; Husnu and Crisp 2010).",,,
A076,"Indeed, people depend on a speaker’s identity as a member of the in-group or an out-group to assess the meaning and intent of a message, with the result that the same statement is interpreted very differently on the basis of who issues it (Ditto and Mastronarde 2009; Monin and Miller 2001).",,,
A020,"The utility of the leisure or work domain is improved when individuals possess a higher preference for that domain (Ifcher & Zarghamee, 2011).",,,
A227,"The noises will expose the ZD strategy player to uncertainty and risk, however, it is still possible for him to set the opponent’s payoff to a fixed value, or to extort the opponent.",,,
A218,"…function of aiding task performance, an example being participants reporting a greater preference for engaging in activities to generate anger rather than engaging in exciting or neutral tasks if they think they will subsequently be engaging in a confrontational task (Tamir et al., 2008).",,,
A275,"Research has demonstrated that people exhibit a strong tendency to retain obtained power (Fehr et al., 2013)— a tendency that strongly increases with individuals’ increasing degree of loss aversion.",,,
A056,"…options when alternatives are presented in the domain of gains, and risk-seeking options when alternatives are presented in terms of losses (Tversky & Kahneman, 1981); that is, whether the options in a decision scenario emphasize the positive or negative aspects of the problem influences a…",,,
A158,"…at recalling context-specific episodic details about a past event (e.g., specific details about a location) with a relative preservation in recalling semantic and general event details (e.g., what happened during the recalled event; Addis et al., 2008; Levine et al., 2002; Peters et al., 2019).",,,
A294,"The stereotype threat —‘ the shared belief that the group you represent is not good at a speci ﬁ c task will increase anxiety around that task ’— acts as a glass ceiling preventing female excellence, interest, or both, in STEM ﬁ elds (Kiefer and Sekaquaptewa, 2007; Nosek et al., 2002; Spencer et al., 2016; Steele, 1997).",,,
A357,"Theoretical explanations for an incomplete ERPT can be found in a seminal paper by Dornbusch (1987). In this paper, he presents a model which explains the extent of ERPT by, for example, product substitutability or the degree of competition prevailing in the market. While Dornbusch (1987) attributes an incomplete ERPT to micro-economic determinants, Taylor (2000) argues that the recent decline in pass-through is due to the decline in overall inflation.",,,
A045,"The asset market featurs a dividend-bearing asset with decreasing fundamental value over ten trading periods in a continuous double-auction market design with open order books, following Kirchler et al. (2012).",,,
A352,"Our ﬁ ndings are also consistent with those in the existing literature on happiness and time preferences (Ifcher & Zarghamee, 2011; Kliger & Levy, 2003).",,,
A184,"…seems that there is indeed a neural basis for the behavioral research showing that perception of variable cues like race is inﬂuenced by emotional expression and vice versa (Elfenbein and Ambady, 2003; Hugenberg and Bodenhausen, 2003, 2004; Ackerman et al., 2006; Richeson and Trawalter, 2008).",,,
A043,"Ask a crowd, rather than a pair, and the average is often close to the truth. . . . [Vul and Pashler (2008) have even found that] two guesses made by the same person at different times are also better than one. . . . [T]he brain is constantly creating hypotheses about the world and checking them…",,,
A213,"Survey Practice 1 Introduction Research from the 1940s onward has shown that respondents more often answer ""no"" or ""disagree"" to negative questions than ""yes"" or ""agree"" to positive ones (e.g., Rugg 1941).",,,
A243,"This ensured greater vividness and richer contextual cues of the imagined situation to enhance the effect of imagined contact (Husnu & Crisp, 2010).",,,
A022,"Assuming the answer is not suitable, people contemplate other estimates, but only after carefully considering many attributes of the anchor, stressing similarities rather than differences between the anchor and the task (Jacowitz and Kahneman, 1995).",,,
A364,"In related examples, Fehr and Gächter (2000) and Gächter, Renner, and Sefton (2008) find that high contributors incur costs to punish free riders and thereby to promote cooperation, when the contributions of each group member is accurately shown to the others at no cost, but Grechenig, Nicklisch, and Thöni (2010) and Ambrus and Greiner (2012) find large increases in “misdirected” punishment which result in less or even negative effects of punishment opportunities on cooperation, when similar interactions occur under imperfect observability. The present paper addresses the challenge that imperfect and costly information poses for cooperative self-governance by introducing a natural extension to the experimental literature: the incorporation of a costly monitoring option. Put differently, we endogenize the imperfectness of information by letting the agents concerned improve their information’s accuracy, should they be willing to incur the requisite cost. The message of Grechenig et al. (2010) and Ambrus and Greiner (2012) might appear to be summarized by the phrase “punishment despite reasonable doubt,” which suggests that agents in their social dilemma experiments who were offered the opportunity to engage in peer punishment based on information known to be frequently inaccurate, were not especially reticent about punishing one another although they might be punishing a fellow cooperator when attempting to enforce cooperation.",,,
A186,"…social categorization Received 6/7/10; Revision accepted 8/19/10 importance can be represented with sensory feedback from holding heavy or light objects (Jostmann et al., 2009), the concept of gender might be represented through sensory feedback from handling hard (tough) or soft (tender) objects.",,,
A353,"The psychological closeness is posited to serve a self-enhancement function, as positive events are generally experienced as psychologically closer than negative events (Ross & Wilson, 2002).",,,
A153,"Thus, collective punishment may restore relatively high levels of welfare in a noisy environment where standard punishment does not work as well as in the noiseless case (see also Ambrus and Greiner (2012) or Fischer, Grechenig, and Meier (2016)).",,,
A059,"13 Furthermore, attentional bias toward outgroup members is also moderated the motivation to respond without prejudice to Black individuals (Bean et al., 2012; Richeson & Trawalter, 2008).",,,
A283,"These results confirmed those of previous studies (Addis et al., 2008; Gaesser et al., 2011; Levine et al., 2002; Madore et al., 2014) and supported our first hypothesis, H1, which validated the adapted AI in a Chinese sample.",,,
A037,"This difference in response behavior of 23 percentage points is nearly identical to the 21.3 percentage points observed in the first study with the same experimental design (Schwarz et al., 1985).",,,
A310,…goods (Akerlof 1970; Darby and Karni 1973; Grosskopf and Sarin 2010; Dulleck et al. 2011; Mimra et al. 2013); the influence of competition (Dulleck et al. 2011; Mimra et al. 2013); the possibility for second-opinion (Wolinsky 1993; Mimra et al. 2014). problem is common knowledge and given…,,,
A340,"Negative events are remembered as being more distant in subjective time than positive events (e.g., Ross & Wilson, 2002, 2003), suggesting that positive memories are kept closer and thus more relevant to the current self than negative memories (Wilson & Ross, 2003).",,,
A189,"Additionally, Bitcoin investors’ higher NS and lower CO scores were the same as gamblers’ TCI profiles (Janiri et al., 2007), reflecting their gambling tendencies.",,,
A138,"While previous studies used the average reported position as a representation of a single process (Botella et al., 2001; Vul et al., 2008), it is likely that pre-target reports and post-target reports depend on separate attentional processes (Zivony & Eimer, 2023).",,,
A303,"We focused on the context of playing an aggressive computer game because previous research on instrumental anger regulation has frequently used this context (e.g., Netzer, Van Kleef, et al., 2015; Niven et al., 2019; Tamir et al., 2008).",,,
A343,"Despite the existence of this psychological disincentive (Dulleck et al., 2011), several studies have shown that this problem is becoming less and less relevant thanks to more information that customers have because of successful environmental labelling policies.",,,
A164,"Time is an abstract construct, and its perception is based on using space as a known concept placed in the source domain of the time– space metaphor (Boroditsky, 2000; Lakoff & Johnson, 1999).",,,
A042,"In Dulleck et al. (2011) – the study on the impact of liability and verifiability on the performance of credence goods markets – we also had an experimental condition where sellers were identifiable for buyers, allowing the latter to keep track of their experiences with a given seller.",,,
A065,"…self-controlled behavior in a variety of domains (DeWall, Baumeister, Gailliot, & Maner, 2008; Dvorak & Simons, 2009; Gailliot et al., 2007; Masicampo & Baumeister, 2008), although the exact mechanism remains enthusiastically debated (Beedie & Lane, 2012; Hagger & Chatzisarantis, 2013;…",,,
A086,"…biases such as the gambler’s fallacy and the hot hand belief (Tversky and Kahneman 1971; Tversky and Kahneman 1974; Wagenaar 1972; Gilovich, Vallone, and Tversky 1985; Budescu 1987; Falk and Konold 1997; Nickerson 2002; Oppenheimer and Monin 2009; Sun and Wang 2010a, 2010b; Sun et al. 2015).",,,
A225,This explanation is consistent with previous experimental work on flag effects (Carter et al. 2011).,,,
A271,"In a variant of this task, Roelofs (2008) measured not only vocal response latencies, but also eye movements.",,,
A326,"Based on American respondents, Ifcher and Zarghamee (2011), conducted an experiment and verified that American people tend to concentrate more on future value rather than present value when they are in relatively positive moods.",,,
A170,"…used 90 percent of the personal maximum investment volume as our anchor value: The personalized anchor was rounded off to hundreds to avoid concurrent adjustment effects due to the different precision of different anchors, as more precise anchors lead to less adjustment (Janiszewski and Uy, 2008).",,,
A235,"For example, individuals with high self-esteem perceive their past successes to be closer than their past failures, regardless of the actual lapsed time from the experience, whereas individuals with low self-esteem do not exhibit this pattern (Ross & Wilson, 2002).",,,
A319,"According to message framing theory [16], using a gain-frame should optimize the persuasiveness of physical activity messages.",,,
A049,"In contrast, according to the word-order hypothesis (Janssen et al., 2008), nontarget concepts should activate their phonology irrespective of the object’s identity or property, but this activation is modulated by the linear relationship between words.",,,
A339,This is consistent with the findings of Fehr et al. (2013) who study the motivation and incentive effects of authority and conclude that principals often retain authority even when its delegation is in their material interest.,,,
A300,"Previous studies suggested that the specificity and number of internal details for autobiographical memory and EFT decreased with age (Addis et al., 2008), therefore, age of participants might affect the intervention effect on EFT.",,,
A053,"However, deferred compensation contracts are more readily applicable to working environments where monitoring productivity is prohibitively costly (Huck et al., 2011).",,,
A366,"Jacowitz and Kahneman (1995), who also find higher anchors to be more effective.",,,
A268,"Furthermore, cooperation is significantly higher without errors compared to the case with errors where intentions are implicit (Fudenberg et al. 2012). observed in the absence of errors; in particular in both cases most subjects condition only on play in previous period.",,,
A040,"A laggard, on the other hand, may work harder to preserve pride and avoid the embarrassment or shame of being in last place (Eriksson et al. 2009, Kuziemko et al. 2014).",,,
A141,"The researchers were taking advantage of previous findings that showed disfluency leading to greater depth of processing (Alter, Oppenheimer, Epley, & Eyre, 2007), more abstract thinking (Alter & Oppenheimer, 2008), and better comprehension (Corley, MacGregor, & Donaldson, 2007).",,,
A152,"…been found to rate more highly in the personality trait of self-transcendence (Bouso et al., 2012; Jiménez-Garrido et al., 2020), which is linked to an expansion of personal boundaries to encompass that which is greater than the self, and is strongly related to openness (De Fruyt et al., 2000).",,,
A085,"Two major points of criticism are its alleged lack of realism (Oechssler, 2010) and the confusion the declining fundamental value trajectory appears to cause among subjects (Kirchler et al., 2012).",,,
A341,"…research found that women showed less identification with math and science relative to arts and languages on both explicit and implicit measures (Nosek et al., 2002; Nosek & Smyth, 2011), the current study qualifies such findings by demonstrating that implicit associations between the self and…",,,
A096,"Hence, when people feel that they are acting morally — having a lower impact on the environment than ‘permitted’ — they believe they are in moral credit, allowing them the freedom to engage in certain behaviours (Monin & Miller, 2001), in this case, harmful to the environment.",,,
A032,"For example, the number of internal details in EFT has been found to correlate with individuals’ digit span backward (Addis et al., 2008), and with performance in the listening span test, a task requiring to listen to a list of sentences and recall the last word of each sentence in the list…",,,
A297,"This ordered information includes time or future events (Boroditsky, 2000; Tillman, Tulagan, Fukuda, & Barner, 2018), magnitudes of power (Schubert, 2005), months of the year, letters of the alphabet (Gevers, Reynvoet, & Fias, 2003), pitches of sound (Rusconi, Kwan, Giordano, Umilta, & Butterworth, 2006), newly ordered sequences of random words (Previtali, de Hevia, &",,,
A026,"6 Due to the ‘wording effect’ (that survey participants prefer to express agreement over disagreement with statements), well-known in the literature of survey methodology (Holleman, 1999; Rugg, 1941), the data remain incomparable, even if the scale is reversed.",,,
A033,"Prior research has shown that a stationary fundamental value process is conducive to greater participant understanding (Kirchler et al., 2012) and we believe that the first two periods are helpful in promoting subject understanding.",,,
A358,"In adult samples, extensive work has demonstrated that White people harbor concerns about appearing to others as prejudiced (Plant & Devine, 1998; Richeson & Trawalter, 2008), and this may affect the extent to which they respond honestly on self-reported surveys about race (i.e., social…",,,
A094,"This matches the research found in the literature, highlighting how implicit biases are shaped and thereby reinforced by implicit and explicit messaging of role congruity (Callahan & Nicholas, 2019; Nosek et al., 2002).",,,
A295,"…Kranton (2000), examines the implications of identity in economics (see Chen and Li 2009; Benjamin et al. 2010; Bénabou and Tirole 2011; Chen and Chen 2011; Shayo and Zussman 2011; Lindqvist and Östling 2013; Bertrand et al. 2015; Cassan 2015; Holm 2016; Kranton and Sanders 2017; Besley and…",,,
A140,"(Rugg, 1941) – can significantly impact opinions.",,,
A260,"Unikanie szkody koreluje pozytywnie z neurotyzmem, cechą osobowości wyrażającą się skłonnością do popadania w stany lękowe, odczuwania negatywnych stanów afektywnych oraz niską odpornością na stres [52].",,,
A306,"…(i.e., those that are more psychologically closer to us) are represented in a more specific and concrete way (i.e., lowlevel construals; e.g., Alter & Oppenheimer, 2008; Fujita, Henderson, Eng, Trope, & Liberman, 2006; Liberman et al., 2007; Liberman & Trope, 2008; Todorov, Goren, & Trope,…",,,
A199,"…like clinical simulation videos significantly enhances traditional MCQ examinations by enabling the assessment of resident physicians’ ability to integrate verbal and non-verbal information, thereby replicating real-world clinical scenarios, and improving the assessment of clinical competence [24].",,,
A066,"Near and distant neighbors were defined based on cosine similarity between feature vectors, as in Mirman and Magnuson (2008), with near neighbors defined as having cosine greater than 0.4 and distant neighbors defined as having cosine greater than 0.0 and less than 0.25.",,,
A254,"The finding that the semantic properties of task-irrelevant sound can influence performance on a later task, without disrupting concurrent task performance, gels with the interference-by-process account (Jones & Trem-blay, 2000; Marsh et al., 2008, 2009; Meng et al., 2020).",,,
A263,"Additionally, the results were specific to weight judgments; the metaphor inductions did not influence other conceptually-related judgments (i.e., popularity of the book, a proxy for importance; see Jostmann et al., 2009).",,,
A083,"In the oligopoly version, however, other equilibria can arise where some sellers offer high quality in early rounds and are rewarded for that by buyers who pick them rather than others at the end of the game and buy at a price of p = 40 (see Dulleck et al. 2011, p. 538 for a similar construction).",,,
A050,"In contrast, people who are motivated to confront another want to increase their anger (Tamir & Ford, 2012a; Tamir et al., 2008).",,,
A079,"According to these accounts, deliberative processes are assumed to be activated to monitor and correct irrational automatic processes that are prone to errors (Kahneman, 2003; Masicampo and Baumeister, 2008).",,,
A193,"Framing effects, identified by Tversky and Kahneman (1981), occur when two choice problems that are logically equivalent elicit different choices due to subtle changes in language.",,,
A064,"…recent experiments with simple repeated games, such as a repeated prisoner’s dilemma, show that cooperation can occur once the discount factor, δ, exceeds important thresholds (Blonski et al. 2011; Dal Bó and Fréchette 2011b; Fudenberg et al. 2012; Breitmoser 2015; Dal Bó and Fréchette 2018b).",,,
A055,"Centroid looking as observed with stable scenes (Fehd & Seiffert, 2008; Zelinsky & Neider, 2008) was replicated in the present experiment with scenes undergoing abrupt viewpoint changes.",,,
A030,"Rugg (1941) found that respondents were more likely to support freedom of speech when the question was worded with the verb 'forbid', than when it was worded using the verb 'allow' – resulting in a difference of 21% between answers to two questions that are generally considered to be logically…",,,
A091,There was no interaction between scene size and the delay interval between scenes in Experiments 1 and 3 of this study: Demany et al. (2008) also failed to find an interaction between scene size and the delay interval between scenes in several auditory change detection experiments.,,,
A202,"Usually, healthy subjects tend to retrieve positive memories in field perspective in order to maintain a positive view of the current self ( Ross & Wilson, 2002;  Wilson & Ross, 2003).",,,
A223,"Masicampo and Baumeister (2008) found that a sugar drink reduced reliance upon heuristic (rather than effortful) processing amongst depleted participants, while Gailliot, Peruche, Plant, and Baumeister (2009) found that drinking a glucose drink (rather than a non-glucose placebo drink) reduced…",,,
A281,"…in parallel over arrays of items (Chong & Treisman, 2003; Corbett & Oriet, 2011; Utochkin & Tiurina, 2014), and that ensemble representations come at the expense of information about individual items within the array (Alvarez & Oliva, 2008; Ariely, 2001; Corbett & Oriet, 2011; Parkes et al., 2001).",,,
A320,"At a metaphoric level, because weight is associated with importance in the grounded cognition literature (Jostmann, Lakens, and Schubert 2009), it would be interesting to examine the effects of the visual element of stability on importance judgments.",,,
A191,"Subsequent research has shown that anchoring effects occur in a wide variety of contexts, including assessing real estate values (Northcraft and Neale 1987), estimating average car prices (Englich 2008), judging truthfulness in lie detection (Zuckerman et al. 1984), estimating the height of Hummer SUVs (Janiszewski and Uy 2008), predicting spouses’ behavior (Davis et al. 1986), and even making criminal sentencing decisions (Englich et al. 2006).",,,
A296,"Abrupt changes of the display holding the objects shift retinocentric coordinates, which usually results in lower tracking performance (Huff et al., 2009; Seiffert, 2005).",,,
A222,Kuziemko et al. (2014) find exactly this pattern in survey data: Americans making between US$7.26 and US$8.25 are the least likely to support increasing the current minimum wage of US$7.25.,,,
A264,Balancing occurs when people switch between pursuit of different goals over time (Fishbach & Dhar 2005); a licensing effect describes situations in which past behavior excuses actions that would otherwise generate negative attributions for the self (Monin & Miller 2001).,,,
A010,"In many product categories heavier artifacts are considered more valuable [14], important and serious [10].",,,
A312,"For instance, research indicates that suppressing emotional responses (to both funny and sad video clips) leads to reduced performance at subsequently solving cognitive demanding tasks requiring self-control, such as anagrams (Baumeister et al., 1998) and Stroop tasks (Inzlicht & Gutsell, 2007).",,,
