scheme,feature,n_strata,randomizable_strata,marker_variable_strata,all_texts,retained_texts,all_hits,randomizable_texts,randomizable_retained_texts,randomizable_family_hits,fraction_texts_randomizable,fraction_retained_randomizable,fraction_family_hits_randomizable
volume,epistemic_adverb_tokens,144,144,47,11999,6650,69,11999,6650,69,1.0,1.0,1.0
volume,replication_word_tokens,144,144,74,11999,6650,234,11999,6650,234,1.0,1.0,1.0
volume,lowercase_modal_tokens,144,144,142,11999,6650,1228,11999,6650,1228,1.0,1.0,1.0
volume_year,epistemic_adverb_tokens,1191,887,57,11999,6650,69,11287,6121,63,0.9406617218101508,0.9204511278195489,0.9130434782608695
volume_year,replication_word_tokens,1191,887,129,11999,6650,234,11287,6121,217,0.9406617218101508,0.9204511278195489,0.9273504273504274
volume_year,lowercase_modal_tokens,1191,887,513,11999,6650,1228,11287,6121,1137,0.9406617218101508,0.9204511278195489,0.9258957654723127
volume_year_length,epistemic_adverb_tokens,1677,927,52,11999,6650,69,10729,5878,58,0.8941578464872073,0.8839097744360902,0.8405797101449275
volume_year_length,replication_word_tokens,1677,927,124,11999,6650,234,10729,5878,198,0.8941578464872073,0.8839097744360902,0.8461538461538461
volume_year_length,lowercase_modal_tokens,1677,927,507,11999,6650,1228,10729,5878,1062,0.8941578464872073,0.8839097744360902,0.8648208469055375
