article_id,doi,case,source_id,item_id,text_sha256,archived_year,gate_retained,anchored_context_ids
oa01,10.1371/journal.pone.0072467,carter,ml1.12,26da56846a39551edc79811c,4472e400ac4242d449a8f48af9dcb2b2a3e7affeff63029450dc716e92251ab5,2013,1,oa01_carter_p3
oa02,10.3389/fpsyg.2015.00584,carter,ml1.12,22467a6441d31b4b9033becf,5be7fbea565a67f0a4b31dde3e0e517e3d65b9caf613034d4229979cd54e19b2,2015,1,oa02_carter_p5
oa10,10.5964/jspp.v5i2.748,carter,ml1.12,d448cfbf72533d1144877f86,60417587aedfa57f7f583e34550fb66bbe9267de64d2c5feed44f73bc4eb6098,2017,1,oa10_carter_p4
oa10,10.5964/jspp.v5i2.748,carter,ml1.12,8a3b98a64532dd2791f701b4,ba7b905751852ec4f84fa9bc81a4412d549447f2c2dfc7a5c7760055ea519858,2017,1,oa10_carter_p43
oa10,10.5964/jspp.v5i2.748,carter,ml1.12,d5c720d49a8743c0edb44327,bc3a85f297498fa74b6ca3889f45c69ca93980acd722d82ea5f6cb27c9810c47,2017,1,oa10_carter_p40
oa07,10.3390/ijerph13111075,caruso,ml1.13,fce8f0a1103d32dad84e8035,fce0829388139dee5c206f231356998d1227fe50114d1356127758b64f27f2aa,2016,1,oa07_caruso_p91
oa10,10.5964/jspp.v5i2.748,caruso,ml1.13,219fa6872106c8327107381d,01eff790b290cb19a1a2f36df5ff2429e3d0c0040ac2f1fbd7636c065a86b474,2017,1,oa10_caruso_p44
oa10,10.5964/jspp.v5i2.748,caruso,ml1.13,3ffb39f7a6daf0b6a24546f1,394b321227d9412eeebb97232c3dfc426522b82f2104ae5c854aebb9ac7b15b2,2017,1,oa10_caruso_p6
oa05,10.3389/fpsyg.2018.00042,caruso,ml1.13,a3e2875aa0daafa7513e6b31,3790353018c170924c32f0888b932f162d6e3ad82860f1c1e8c979d5dc6d038c,2018,1,oa05_caruso_p2
oa06,10.3389/fpsyg.2018.01657,caruso,ml1.13,9b6338c9cb980a2614eef325,83485234cc586a2d6541f2b375e75b1d07fb30d82699bab8da346960e919386a,2018,0,oa06_caruso_p37
oa05,10.3389/fpsyg.2018.00042,caruso,ml1.13,2e4265daccdd4509846a7e20,de83f93a739b945ea4bc9f63b123a68a9e2e366bdbe0748e79eb7444a8e3dfa1,2018,1,oa05_caruso_p2
oa08,10.3390/ijerph16020238,caruso,ml1.13,4cf735fbb49a29935a4a272f,8aef794618bd2c1a6240aa6912f01bd34b227a74aa5fac970aeea1ecf39669db,2019,1,oa08_caruso_p49
