task_id,src_id,item_type,gold_assert,gold_cert,model_s,arm,year,sentence
T0001,C0763,ordinary,,,0.3,robust,2022,"These results suggest that our automated scoring procedure should not be used, or used with caution, on tasks that are not optimized for scoring with the interview (Levine et al., 2002) or the adapted interview (e.g., Addis et al., 2008)."
T0002,C1965,ordinary,,,0.3,refuted,2019,"Borrowing phases in Brun-Aguerre, Fuertes, and Phylaktis (2012), the positive output gap-ERPT asymmetry relation denotes that exporters may act to enhance market share in fast growing economies."
T0003,C1653,ordinary,,,0.5,refuted,2023,"In this context, the unadjusted score is biased (Pleskac, 2008; Dijkstra et al., 2022) and the inter-subject variability is reduced (Lejuez et al., 2002)."
T0004,C1735,ordinary,,,0.5,refuted,2012,Husnu and Crisp (2010a) provided an initial test of the hypothesis that imagined contact can enhance intentions to engage in future contact.
T0005,C4683,ordinary,,,0.5,robust,2019,"It is understood that in multiple contexts individuals often fail to adjust sufficiently away from an original figure (Jacowitz and Kahneman, 1995)."
T0006,C3034,duplicate,,,0.8,refuted,2020,"For example, Fischer et al. (2008) show that individuals with depleted self-regulatory resources engage in more confirmatory information processing, or preferencing information supporting pre-existing views, than non-depleted individuals."
T0007,C4375,ordinary,,,0.8,refuted,2014,"Concerns about being seen as prejudiced contribute directly to the anxiety that Whites experience not only during interracial interaction (Goff et al., 2008; Richeson & Shelton, 2003) but also in anticipation of interracial contact (West & Dovidio, 2013)."
T0008,C3502,ordinary,,,0.8,robust,2016,"Statistical learning occurs also irrespective of the perceptual modality; indeed, it has been reported in the visual (Turk-browne et al., 2005, 2008), auditory (Saffran et al., 1999) and tactile domains (Conway and Christiansen, 2005)."
T0009,C0681,gold_definitive,1,1.0,1.0,robust,2013,It is well known from Gibbard (1973) and Satterthwaite (1975) that there does not exist a strategy-proof voting mechanism (except for a dictatorial mechanism or a mechanism in which a particular candidate is never chosen under any circumstances).
T0010,C1689,ordinary,,,0.5,refuted,2015,"Furthermore, and as noted in the introduction, the money priming effect observed in Experiment 1 in Caruso et al. (2013) T hi s do cu m en t is co py ri gh te d by th e A m er ic an Ps yc ho lo gi ca l A ss oc ia tio n or on e of its al lie d pu bl is he rs ."
T0011,C2165,ordinary,,,0.5,refuted,2013,"However, in an important nonconfirmation, Farris et al. (2008) found that men were more likely than women not only to misperceive friendliness as sexual interest but also to misperceive sexual interest as friendliness."
T0012,C0303,ordinary,,,0.5,refuted,2011,"Establishing goodwill toward a transgressor is likely to involve empathic processing, which has been established as a significant predictor of forgiveness in general (Exline et al., 2008; Exline & Zell, 2009; Karremans, Van Lange, & Holland, 2005; McCullough et al., 1998; McCullough et al., 1997)."
T0013,C2180,ordinary,,,0.5,refuted,2020,"For example, in our daily life, we may feel that polite words increase the sense of distance (Levinson and Brown 1987; Stephan et al. 2010), and visual and linguistic fluency decrease the psychological distance (Alter and Oppenheimer 2008; Roose et al. 2019)."
T0014,C1052,ordinary,,,0.5,refuted,2009,"Sometimes, these superficial judgments can be quite accurate and predictive of important real-world outcomes [e.g., Rule and Ambady, 2008]."
T0015,C3686,ordinary,,,0.4,refuted,2011,4Goeree and Holt (2001) and Chen and Chen (2011) provide evidence that even when played in pairs subjects may be unable to reach efficient outcomes provided the costs of higher effort are large enough or the game is repeated with different partners.
T0016,C4711,ordinary,,,0.4,robust,2012,"In a similar vein, Schmidt and Besner (2008) suggested that because PC is confounded with contingency, a stimulus-response contingency-learning process may account for the ISPC effect."
T0017,C4158,ordinary,,,0.5,refuted,2019,The Needs-Based Model of Reconciliation argues that conflict leaves groups’ identities impaired.
T0018,C5265,ordinary,,,0.5,robust,2016,"As noted above, natural sampling is often considered a remedy for biases introduced by selective sampling because it enables learners to “conserve the properties of the universe” (Fiedler, 2008), such that the distribution of the sample will mirror the distribution of the source in an unbiased fashion."
T0019,C5502,ordinary,,,0.8,robust,2014,"After an initial act of self-control, a reduction in such brain potentials mediated the decline in performance on a subsequent task (Inzlicht & Gutsell, 2007)."
T0020,C5786,ordinary,,,0.0,robust,2015,"However, as the results presented by Dulleck et al. (2011) suggest, this theoretical possibility is irrelevant in an experiment."
T0021,C4871,duplicate,,,0.5,robust,2016,This is comparable to Kessler and Roth (2012) where 36 percent register as a donor in the baseline treatment and 74 percent in the priority treatment.
T0022,C4867,ordinary,,,0.5,robust,2023,Nosek et al. (2002) showed that both explicit and implicit attitudes predict performance.
T0023,C4486,ordinary,,,0.5,robust,2015,Recognition rates for the basic emotions were generally lower than have been previously found in the United States and higher than recognition rates found in Burkina Faso [24][22].
T0024,C0848,ordinary,,,0.5,refuted,2014,"Specifically, low Disinhibition via FFM Agreeableness and Conscientiousness as well as low Negative Emotionality or FFM Neuroticism is captured by Alpha/Stability whereas Positive Emotionality or FFM Extraversion is captured by Beta/Plasticity [17,4]."
T0025,C1396,ordinary,,,0.75,refuted,2011,"Liefooghe and colleagues (Liefooghe et al., 2008) concluded that the effect of task-switching on concurrent maintenance of information in working memory did not necessarily rely on specific task reconfiguration processes but instead from a combination of simple and more fundamental attention demanding processes."
T0026,C3030,ordinary,,,0.5,refuted,2025,"Executives in the moral cleansing mode tend to direct their attention toward the interests and welfare of those who were harmed by their excessive pay (e.g., employees, shareholders, and society in general) (Carnevale & Gangloff, 2023; Shnabel & Nadler, 2008)."
T0027,C2572,ordinary,,,0.5,refuted,2009,"Another known effect is that if there is a blank in the T1+1 position instead of a distractor, the AB is decreased, but not when it is in the T1+2 position ( Chun & Potter, 1995; Raymond et al., 1992)."
T0028,C1754,ordinary,,,0.8,refuted,2021,"The greater the cognitive ability, the more systematic the information processing whereas the lower the cognitive ability, the higher the possibility of heuristic-based information processing [61]."
T0029,C3567,ordinary,,,0.5,refuted,2020,"The concept was brought to attention by Monin and Miller (2001), and takes into account the fact that a person is able to have behaviors of dubious morality as a result of a first value / moral behavior."
T0030,C4131,ordinary,,,0.5,refuted,2014,"Dual-process theories (Oberauer, 2008; Yonelinas, 2002) assume that recognition is based on two sources of information: familiarity and recollection."
T0031,C3738,ordinary,,,0.75,refuted,2024,"In fact, past perpetration can substantially increase the need of perpetrator group members to be (morally) accepted by the victim group (Shnabel & Nadler, 2008), potentially intensifying the fear of (moral) rejection."
T0032,C1831,ordinary,,,0.5,refuted,2011,"Indeed, the role of inhibitory control in the AB has also been also demonstrated in a recent bilingual study (Colzato et al., 2008)."
T0033,C0619,ordinary,,,0.5,refuted,2009,"Recent terror management research has found that family c n temper the affect of mortality salience (Cox et al., 2008; Zhou, Liu, Chen, & Yu, 2008)."
T0034,C2147,ordinary,,,0.5,robust,2021,"For example, late middle childhood appears to be the lower bound for obtaining psychometrically sound self-reports on most trait measures (Allik et al. 2004, Capaldi & Rothbart 1992, De Fruyt et al. 2000, Soto et al. 2008)."
T0035,C0527,ordinary,,,0.75,refuted,2015,"People tend to be more critical of a distant past self than a recent past self (Wilson & Ross, 2001), and research shows that the subjective feeling of temporal distance can be more powerful than actual clock or calendar time (Ross & Wilson, 2002; Wilson & Ross, 2003)."
T0036,C4270,ordinary,,,0.8,refuted,2012,"These attachments to early caregivers become a proxy for existential safety well into adulthood, protecting individuals from existential anxieties and promoting feelings of self-worth (Cox et al., 2008)."
T0037,C5212,ordinary,,,0.8,refuted,2011,"Findings also suggest that people project their own felt communal responsiveness onto partners, thus perceiving partners to be just as caring and supportive as they themselves are (Lemay & Clark, 2008)."
T0038,C3493,ordinary,,,0.8,robust,2023,"A growing body of evidence shows that round listing prices (or offers) usually put the seller at a disadvantaged position in negotiations compared to precise listing prices (Janiszewski and Uy 2008; Loschelder, Stuppi, and Trotschel 2014; Mason et al. 2013)."
T0039,C5184,ordinary,,,0.8,refuted,2014,"Schwarz et al. (1985) lieten zien dat de respondent uit de antwoordcategorieën afleidde wat ‘normaal’ was, wat de onderzoeker als antwoord verwachtte."
T0040,C5556,ordinary,,,0.8,refuted,2020,"Emotional expressions provide information to wrongdoers that can be used as feedback to make inferences about their past behaviors, and motivate them to correct their future behavior (Van Kleef 2009)."
T0041,C1194,ordinary,,,0.8,refuted,2011,"Amodio et al. (2008) found that, compared to other individuals, high IMS–low EMS individuals showed heightened conflict detection following stereotypical errors on the Weapons Identification Task (Payne, 2001)."
T0042,C4845,ordinary,,,0.8,robust,2023,"Prior research based on single goal contexts suggests that it is critical to engage in background monitoring to prevent interference and proactively detect task-irrelevant stimuli that may lead to interruptions (Goschke & Dreisbach, 2008)."
T0043,C5143,ordinary,,,0.5,refuted,2020,"For example, lay theories regarding other people do not view them as evolving into better people (Ross & Wilson, 2002)."
T0044,C3533,ordinary,,,0.8,refuted,2011,"As expected, and in accordance with Janssen et al. (2008), we obtained a robust frequency effect in immediate naming, which disappeared in delayed naming (Frequency SOA interaction in the analysis of naming latencies): F1(1, 30) 39.58, p .001, MSE 1,608.33; F2(1, 38) 11.75, p .01, MSE 6,712.10."
T0045,C0068,ordinary,,,0.5,refuted,2013,"Additionally, Mundy et al. (2007) suggest that comparison driven differentiation is the result of short term adaptation or habituation and Mitchell et al. (2008) assert that higher level memory mechanisms are involved in the representation of a stimulus."
T0046,C0638,ordinary,,,0.8,refuted,2017,"Experimental studies have demonstrated the effect of reference point formation on effort provision ((Abeler et al., 2011)), the pricing of securities ((Kahneman et al., 1991)) and consumer products ((Ericson and Fuster, 2011))."
T0047,C0708,ordinary,,,0.8,refuted,2023,"On the one hand, Rule and Ambady (2008) found inferences from CEOs’ facial appearance do not only provide information about objective performance but are also significantly related to company profits."
T0048,C2548,duplicate,,,0.8,refuted,2024,"A conceptual metaphor mapping is typically unidirectional [40] and moves from a concrete or physical source to a more abstract target [9,24,40] (Fig."
T0049,C2368,ordinary,,,0.5,robust,2014,"This also supports the idea that differences in measurement alone cannot account for the automatic–reflective distinction (e.g., Cunningham et al., 2001; Greenwald & Farnham, 2000; Hofmann et al., 2005; Nosek & Smith, 2007; Payne et al., 2008; Schultheiss, Yankova, Dirlikov, & Schad, 2009)."
T0050,C0767,ordinary,,,0.5,robust,2019,"In turn, this idea led to the theory (Vul and Pashler, 2008) that when we observe the wisdom of the crowd, what we are witness to is not a phenomenon working on a judgment distribution formed by people who are certain, and who would form the same distribution if asked to judge again."
T0051,C1727,ordinary,,,0.7,refuted,2014,It is interesting to note that related speech produced more intrusions from the irrelevant speech when presented during the presentation phase of the task in comparison to the test phase of the task in the study by Marsh et al. (2008).
T0052,C3716,ordinary,,,0.5,robust,2024,"Some of them found a negative (e.g., Soto et al., 2008) correlation, and others a positive correlation (e.g., Costello & Roodenburg, 2015; Meisenberg & Williams, 2008) between these two variables."
T0053,A122,gold_nonassert,0,,,,,"To test this, we calculated the benefit of averaging by subtracting the square error of average estimates from the square error of first estimates (similar procedures have been used before; Herzog & Hertwig, 2009; Steegen et al., 2014; Vul & Pashler, 2008)."
T0054,C4892,gold_hedged,1,0.0,0.0,refuted,2023,They concluded that subjects answering the scale might be using the response alternatives as a comparison for their answer instead of the actual meaning of hours in the options [18].
T0055,C2194,ordinary,,,0.5,robust,2012,"In other circumstances, the unchosen option can (slightly or heavily) attract the hand movement, and so the curvature of trajectories increases (Grant & Spivey, 2003; McKinstry et al., 2008; Song & Nakayama, 2009)."
T0056,C3861,ordinary,,,0.7,refuted,2022,"In this paper I argue that among the psychological roots of this lack of confidence there is a kind of intuitive thinking that can be traced back to a specific superstitious belief: the superstitious belief that “it is bad luck to tempt fate” (Risen & Gilovich, 2007, 2008)."
T0057,C4999,ordinary,,,0.0,robust,2016,"For instance, it has been suggested that there is no clear dissociation between explicit and implicit memory systems (Berry et al. 2008; Dew and Cabeza 2011) and that consciousness does not always accompany episodic memory retrieval (Hannula and Ranganath 2009; Henke 2010)."
T0058,C2113,ordinary,,,0.8,refuted,2026,Ifcher and Zarghamee (2011) finds a positive effect on time preferences—happier people tend to be more patient.
T0059,C4462,ordinary,,,0.5,refuted,2011,"In contrast, Janssen et al. (2008) obtained semantic interference in delayed naming when participants had to decide between naming the picture or reading the distractor word aloud depending on its ink colour."
T0060,C0350,ordinary,,,0.8,robust,2016,"In this respect, tests administered to samples of low educational levels, low intelligence or adolescents and pre-adolescents have the worst fi ts to the fi ve factor model of personality (Meisenberg & Williams, 2008; Rammstedt et al., 2010; Rammstedt & Kemper, 2011; Soto et al., 2008)."
T0061,C1539,ordinary,,,0.8,refuted,2013,"Finally, Ifcher and Zarghamee (2011) find that inducing mild positive affect using a video clip leads to more patient decisions involving income receipt over time."
T0062,C4179,ordinary,,,0.5,refuted,2015,"Similarly, holding a heavy (vs. light) Frontiers in Psychology | www.frontiersin.org July 2015 | Volume 6 | Article 9402 object heightens the perceived significance of an object or the weight of a topic (Jostmann et al., 2009; Schneider et al., 2011)."
T0063,C2282,ordinary,,,0.8,refuted,2017,"Goff, Steele, and Davies (2008) show that whites experience a lot of anxiety about 41 appearing racist and that this effect is lessened only when they can perceive the interaction as a safe, learning opportunity."
T0064,C0965,ordinary,,,0.5,robust,2014,"However, as we show later, encoding conditions exist in which SOB and C-SOB predict a nonmonotonic rather than a monotonic primacy gradient."
T0065,C3024,ordinary,,,0.5,refuted,2002,"It has been demonstrated that the self-inferences that participants make can then influence later self-judgments—for example, “I might not do well in school this term” (Haddock, 1998; Olson & Ross, 1984; Schwarz et al., 1985; Schwarz & Scheuring, 1989)."
T0066,C5832,ordinary,,,0.5,robust,2014,"Since C-SOB appears to be the only existing theory that provides a principled, quantitative account of the mixed-sequence advantage, we conclude that in verbal short-term memory item similarity effects involve a combination of similarity-sensitive encoding and similarity-sensitive retrieval."
T0067,C2943,ordinary,,,0.5,robust,2019,"Physicians are commonly assumed to be better informed than their patients (e.g., Dulleck and Kerschbamer, 2006; Dulleck et al., 2011), allowing for moral hazard (e."
T0068,C0874,ordinary,,,0.5,refuted,2009,"Murray et al. (2008), people with low self-esteem prioritize self-protection goals in close relationships."
T0069,C1631,ordinary,,,0.8,robust,2025,"Second, patients lack the expertise to assess service quality independently because medical services are typical credence goods [14], and the inherent information asymmetry makes it difficult for patients to evaluate the utility of these services both before and after consumption [55]."
T0070,C4606,ordinary,,,0.8,refuted,2009,"Existing research has shown that positive, pleasant and successful experiences are stored temporally closer to the present (Dickson & Bates, 2005; Ross & Wilson, 2002)."
T0071,C3309,ordinary,,,0.5,robust,2017,"Such age-related changes in constructing the future have been correlated with episodic (e.g., memory deficits, Addis et al., 2008) and non-episodic factors (e.g., narrative style, Gaesser et al., 2011)."
T0072,C5668,ordinary,,,0.5,refuted,2015,"In situations that put trust in the partner’s caring in question, unfulfilled desires for connection should heighten low self-esteem people’s attention to internal cues that suggest connecting to the partner is still possible (DeWall, Maner, & Rouby, 2009; Gardner, Pickett, & Brewer, 2000; Murray et al., 2008)."
T0073,C1479,ordinary,,,0.5,refuted,2012,"Förster, Liberman, and Kuschel (2008) proposed that since high level construals facilitate the use of broad inclusive categories, such construals should make one likely to include the context and the target in the same category, with assimilation as a result."
T0074,C4522,ordinary,,,0.5,refuted,2024,"The varying degrees of involvement determine a consumer’s route choice when processing information, according to Cacioppo et al. (1983)."
T0075,C2274,ordinary,,,0.5,refuted,2020,"Indeed, a great deal of research has shown, for example, that whether responses or preferences are assessed with different formats or endpoint labeling can bias judgments in systematic ways (Fischer and Hawkins 1993; Schwarz et al. 1985; Slovic, Griffin, and Tversky 1990; Spence 1990; Thomas and Kyung 2019)."
T0076,A018,gold_nonassert,0,,,,,"In the previous section, we discussed how we set up the experiment resembling the design by Kirchler et al. (2012)."
T0077,C4015,ordinary,,,0.5,refuted,2020,"By contrast, if a past self is evaluated negatively, people often try to contrast away from it by construing their past self as dissimilar to their present self (e.g., Ross & Wilson, 2002; Wilson et al., 2009; Wilson & Ross, 2001)."
T0078,C2712,ordinary,,,0.7,refuted,2010,"This is because the information to be expressed in the noun and in the adjective is presented in the same location and is therefore likely to be attended in parallel (e.g., DeSchepper & Treisman, 1996; Roelofs, 2008b; Wühr & Frings, 2008)."
T0079,C0252,ordinary,,,0.5,refuted,2021,"Finally, numeric group representation directly affects collective and intergroup outcomes, such as trust [14] and intergroup integration preferences [38]."
T0080,C0346,gold_hedged,1,0.0,0.0,refuted,2005,"Tversky and Kahneman (1973, 1974) have suggested that ideas that come to mind first or most easily may influence judgment."
T0081,C0178,ordinary,,,0.75,refuted,2014,"Parental, spousal, romantic, and friendly relationships act as buffering mechanisms against death anxiety (Cox et al., 2008; Florian et al., 2002; Mikulincer et al., 2003), so it is reasonable to assume that the therapeutic dyad also acts as a potential factor in the diminishment of death anxiety."
T0082,C0443,ordinary,,,0.5,refuted,2014,"But the ostraphobia (Eriksson & Simpson, 2011) and last place aversion (Kuziemko et al., 2011) arguments on which we based our predictions posit an aversion to being alone at the bottom of a rank or distribution."
T0083,C1984,ordinary,,,0.5,refuted,2010,"Masicampo and Baumeister (2008) found the effect of a sugary drink was greatest when both groups started with lower glucose levels, and the Stroop test depletes glucose (Gailliot et al., 2007)."
T0084,C4243,ordinary,,,0.5,robust,2021,"This finding is consistent with that of Fischer et al. (2008), who report that the effect of selective exposure is more pronounced when more signals are available."
T0085,C4649,ordinary,,,0.5,refuted,2014,"Even more important for the current set of studies is that one of the effects that failed to replicate was the impact of the American flag on conservatism 69 (re: Carter et al., 2011a)."
T0086,C4889,ordinary,,,0.8,refuted,2011,"Thus, with regard to the critical delayed naming condition, we obtained the same data pattern with the English materials taken from Janssen et al. (2008) as we had observed with German materials in Experiments 1 through 4."
T0087,C2744,ordinary,,,0.5,refuted,2012,"For instance, Chartrand and Bargh (1996) demonstrated that a general impression formation goal could be primed; Albarracin et al. (2008) also demonstrated that activating general action or inaction goals influenced behavioral outcome (doodling on a piece of paper) as well as cognitive outcomes (recall performance; problem solving)."
T0088,C0416,ordinary,,,0.5,robust,2024,"Some studies, which more directly manipulated attention, have shown that when attention is directed away, ensemble coding of low-level features can still be established [4, 12, 13]."
T0089,C3452,ordinary,,,0.75,robust,2024,"Essentially, the idea is that a non-conflict process such as contingency learning will not be merely additive with conflict-induced ones (Schmidt & Besner, 2008) but its availability in MI conditions may actually determine whether conflict-induced processes are used at all in those conditions."
T0090,C4146,ordinary,,,0.7,refuted,2015,"Given the experimental evidence indicating mild positive affect reduces time preference with respect to money (Ifcher and Zarghamee 2011) and the link between physical activity and psychological well-being, it is crucial to control for some measure of psychological well-being."
T0091,C3143,ordinary,,,0.75,refuted,2014,"The tendency to perceive similarity between oneself and one’s close partners is motivated by a desire to feel positively about one’s close relationships in the face of an imperfect reality (Lemay & Clark, 2008; Murray et al., 2002)."
T0092,C4652,ordinary,,,0.5,refuted,2024,"In fact, sad or negative endings may enhance meaningfulness, and thereby appreciation, by encouraging rumination of one’s mortality (Ersner-Hershfield et al., 2008; Hofer, 2013)."
T0093,C0265,ordinary,,,0.5,robust,2019,"Importantly, the assumption that contingency learning is the only source of PC effects (Schmidt & Besner, 2008) implies that no PC effects should be observed in PC manipulations that control for contingency learning operations."
T0094,C1351,ordinary,,,0.5,robust,2023,"Interestingly, similar to studies of recognition memory, recall performance in aging has been characterized by loss of specific details and emphasis on information that capture the central idea of an experience (Addis et al. 2008)."
T0095,C4540,ordinary,,,0.5,refuted,2024,"In particular, the need for agency, has been found to be deprived in group members that suffered from violent or structural forms of victimization 16–18 ."
T0096,A114,gold_nonassert,0,,,,,"An alternative way to capture future thinking is to use performance-based assessments that capture the quality of each individual future thought imagined, as often done within cognitive psychology (e.g., Addis et al., 2008; Levine et al., 2002)."
T0097,C2769,ordinary,,,0.0,refuted,2016,"For instance, participants in three of the five experiments reported by Caruso et al. (2013) may have been more inclined to have positive views about money because they were enrolled at the University of Chicago, an institution with a reputation for achievements in economics."
T0098,C0069,ordinary,,,0.8,robust,2010,"For instance, Alvarez and Oliva (2008) asked subjects to perform a difficult multiple-object tracking task and found that observers were much more accurate at localizing the centroid of the distracter objects than reporting on the position of any individual distracter."
T0099,C0680,ordinary,,,0.75,refuted,2024,"We argue that LGBTQ + individuals will be more attracted to organizations with an identity-conscious approach compared to an identity-blind approach because this will signal a more identity safe environment to them (Chaney et al., 2016; Howansky et al., 2021; Purdie-Vaughns et al., 2008)."
T0100,C3315,ordinary,,,0.5,refuted,2021,"When elaboration is relatively moderate, the multiple roles framework suggests that variables will likely influence the amount of processing, such as was observed when important values were paired with a message (Blankenship & Wegener, 2008)."
T0101,C5445,ordinary,,,0.5,refuted,2022,Communicating explicitly that diversity is valued is another strategy that can lessen stereotype threat and promote inclusivity (10).
T0102,C0282,ordinary,,,0.4,refuted,2024,"This perception of precarious positionality within and between groups may activate fears of being in last place (i.e., last place aversion 19 ) and may stoke a general sense of victimization that others have argued can lead to hierarchy-enhancing efforts 20,21 ."
T0103,C4836,ordinary,,,0.5,robust,2015,"Similarly, studies measuring hand and eye movements show that attitudes and preferences are dynamically constructed over the course of a trial (20, 29, 30)."
T0104,C4562,ordinary,,,1.0,robust,2020,Alvarez and Oliva (2008) even found that all presented items had to be included in their average to achieve the observed precision of observers ’ averaging performance.
T0105,C3695,ordinary,,,0.5,refuted,2022,"The risk regulation model proposes that, although having a satisfying relationship requires accepting dependence and risking rejection, people are motivated to minimize the pain such rejection can bring (Murray et al., 2008)."
T0106,C5579,gold_definitive,1,1.0,1.0,robust,2021,"For example, it is well established that people can simultaneously track only a limited number of moving objects and that attending to the moving objects makes it harder to detect changes in other parts of a display (Alvarez & Franconeri, 2007; Alvarez & Oliva, 2008, 2009; Tombu & Seiffert, 2008)."
T0107,C5274,ordinary,,,0.5,robust,2011,"Research supports the possibility that there are individual differences in discounting; differences in working memory capacity impact susceptibility to a cognitive load manipulation (Cokely, Kelley, Gilchrist, 2006) and cognitive load influences discounting (Oppenheimer & Monin, 2009)."
T0108,C4495,ordinary,,,0.3,robust,2019,"Studies of the influence of reputation systems on moral hazard in credence goods markets show that reputational information may have deterrent effects on agent’s fraudulent behavior (Dulleck et al., 2011; Grosskopf and Sarin, 2010; Mimra et al., 2013)."
T0109,C1562,ordinary,,,0.5,refuted,2021,"Empirical studies have documented the importance of organizational signals of inclusion for employees with marginalized identities (e.g., Apfelbaum et al., 2016; Hall et al., 2018; Kaiser et al., 2013; Purdie-Vaughns et al., 2008)."
T0110,C2924,ordinary,,,0.5,refuted,2019,"First, their correlation with intelligence is generally either low or non-existent (Stanovich, 2009; Stanovich & West, 2008, 2014; Stanovich, West, & Toplak, 2013, 2016)."
T0111,C2738,ordinary,,,0.8,refuted,2017,"For example, positive emotions enhance productivity (Ifcher and Zarghamee, 2011), loss aversion (Isen, Nygren and Ashby, l988), and cognitive flexibility (Isen, 2008)."
T0112,C0597,gold_hedged,1,0.0,0.0,refuted,2018,"Whites may attempt to avoid interracial interactions altogether (Plant & Devine, 2003) or increase the physical distance between themselves and their non-White partners (Goff et al., 2008; Stern & West, 2014)."
T0113,C5520,ordinary,,,0.8,refuted,2011,"When speakers name pictures in homogeneous and heterogeneous trial blocks (Task 1) and manually respond to arrows or tones (Task 2), phonological encoding for word production delays the manual responses to the arrows (Roelofs, 2008a; Experiments 1–3) but not to the tones (Experiment 4)."
T0114,C0407,ordinary,,,0.5,refuted,2018,"Findings from previous studies indicate that the degree of in-group bias is positively correlated with the salience of group identity (e.g. Mullen et al., 1992; Eckel and Grossman, 2005; Charness et al., 2007; Rand et al., 2009; Chen and Chen, 2011; Shayo and Zussman, 2011)."
T0115,C3684,ordinary,,,1.0,refuted,2026,Tversky and Kahneman (1973) established that decision-making under uncertainty is driven by the availability of recent examples rather than by systematic evaluation of historical outcomes.
T0116,C4981,ordinary,,,0.5,refuted,2023,"Studies have found that negotiators concede to angry ex-pressers [11], [28], suggesting that anger encodes high limits."
T0117,C0272,gold_definitive,1,1.0,1.0,robust,2019,"Together, these results clearly demonstrate that it is not the case that PC effects are unobservable when those factors are controlled for (Schmidt, 2013b; Schmidt & Besner, 2008)."
T0118,C3364,ordinary,,,0.5,refuted,2017,"A third explanation is based on the temporal self-appraisal theory (TSA; Wilson and Ross, 2001; Ross and Wilson, 2002) that people evaluate their past self in a way that serves the self-enhancement motive."
T0119,C1116,ordinary,,,0.3,robust,2021,"In one study, Demany et al. (2008) suggested that there may be an auditory equivalent of iconic memory, a high-capacity auditory memory storing raw spectral information."
T0120,C1155,ordinary,,,0.8,refuted,2015,"Consumers who rate high in need for cognition expend more cognitive effort and recall more about messages than those who score low in need for cognition (Cacioppo et al., 1983)."
T0121,C0791,gold_definitive,1,1.0,1.0,robust,2014,"It is now well established that varying the proportion of congruent and incongruent trials encountered over the course of an experiment influences performance in interference tasks (Jacoby et al., 2003; Logan & Zbrodoff, 1979; Schmidt & Besner, 2008)."
T0122,C0781,ordinary,,,0.75,robust,2023,"However, older adults’ episodic future thoughts have been found to be less detailed and specific compared with their younger counterparts (Addis et al., 2008)."
T0123,C2876,ordinary,,,0.5,refuted,2017,"Consistent with existing literature, clothing style plays an important role in the perception of sexual intent (Abbey et al., 1987; Farris et al., 2008)."
T0124,C3354,ordinary,,,0.5,robust,2012,"Furthermore, people are sometimes motivated to increase unpleasant emotions (e.g., Tamir & Ford, 2009; Tamir et al., 2008)."
T0125,C0524,gold_definitive,1,1.0,1.0,refuted,2014,"It is well established that initial and final stimuli are represented better in memory then those in between (Monsell, 1978; Oberauer, 2008; Ratcliff & Murdock, 1976)."
T0126,C5051,ordinary,,,0.5,refuted,2021,"Indeed, previous research suggests that manipulating psychological distance metacognitively could accomplish this (Alter & Oppenheimer, 2008)."
T0127,C3035,ordinary,,,0.5,robust,2023,"To promote gender equality in science, it is important that the media ’ s portrayal of women in STEM serves as a counter-stereotype to the notion that women are ill-ﬁ tted for STEM ﬁ elds (e.g., Carli et al., 2016; Leslie et al., 2015; Nosek et al., 2002)."
T0128,C4691,ordinary,,,0.5,refuted,2018,"They concentrate on just one attribute (e.g. the lowest price), use only partial information, succumb to the dominance effect, or simply preserve the status quo and do not make a selection (Masicampo & Baumeister, 2008)."
T0129,C1682,ordinary,,,0.8,refuted,2010,"According to the extended contact hypothesis learning that an ingroup member has a close relationship with an outgroup member can vicariously improve one’s own attitudes towards the outgroup (Wright, IMAGINED CONTACT 191 Aron, McLaughlin-Volpe, & Ropp, 1997)."
T0130,C3020,duplicate,,,0.5,refuted,2018,"Ample research has already shown that when people are in a more deliberative mindset, they show very different judgment and decision-making processes (e.g. Frederick, 2005; Stanovich & West, 2000, 2008)."
T0131,C2899,ordinary,,,0.5,robust,2015,"For example, a previous study argued that it takes less attention to perceive statistical properties [6], and another study made a more explicit claim that it is “cost-free” to perceive the statistical summary of stimuli that are out of attentional focus [8]."
T0132,A118,gold_nonassert,0,,,,,Lei et al. [2001] achieve a similar purpose by preventing subjects from reselling their assets.
T0133,C1623,ordinary,,,0.8,robust,2016,"Furthermore, extraversion and agreeableness showed a balanced percentage of participants with lower and higher values for the RC indices, but conscientiousness presented the largest difference (more than a 30% decrease and less than a 2% increase)."
T0134,C3714,ordinary,,,0.5,robust,2012,"Vuilleumier, Schwartz, Duhoux, Dolan, and Driver (2005) and Butler and Klein (2009) found evidence of pure implicit memory using a rapid serial visual presentation (RSVP) procedure at encoding."
T0135,C0320,ordinary,,,0.8,refuted,2026,"Nondominant groups experience threats to power and status, whereas dominant groups experience threats to moral identity (Shnabel & Nadler, 2008)."
T0136,C4918,ordinary,,,0.0,refuted,2019,People may be thinking about TIME as SPACE when talking about pushing long meetings back.
T0137,C1290,gold_definitive,1,1.0,1.0,refuted,2021,"This is because more distant (closer) stimuli cause people to have higher (lower) levels of construal, regardless of whether the psychological distance is physical, temporal, social, or probabilistic (Alter and Oppenheimer 2008; Trope, Liberman, and Wakslak 2007)."
T0138,C0434,duplicate,,,0.5,robust,2008,"Relatedly, Farrell (2008) recently reported an isolation effect in forward serial recall in one experiment (but not in another similar one) in which people had to explicitly group the list on some trials and had to recall the timing of input items (rather than their identity) on some other trials."
T0139,C0983,ordinary,,,0.8,robust,2012,"There also exists strong evidence for the measure’s predictive validity because it predicts judgment and behavioral outcomes above and beyond self-report measures (Payne et al., 2008, 2009; Payne, McClernon, & Dobbins, 2007)."
T0140,C1901,ordinary,,,0.8,refuted,2021,Chen and Chen (2011) show that ingroup identification influences equilibrium selection in minimum-effort games.
T0141,C0569,ordinary,,,0.5,robust,2020,"Previous studies have posited that this domain would cover the facets most bound by psychological maturity in youth (Mervielde, Buyst, & De Fruyt, 1995; Soto et al., 2008)."
T0142,C4310,ordinary,,,0.5,refuted,2011,"Individuals with exhausted mental resources experience greater difﬁ-culty with deliberation and rule-based analyses (DeWall, et al., 2008; Masicampo & Baumeister, 2008)."
T0143,C4372,ordinary,,,0.5,refuted,2018,"Third, the probability of explosion in the classic BART increases with each successful pump (Pleskac, 2008)."
T0144,C0337,ordinary,,,0.8,robust,2015,"On the contrary, there is ample evidence to show that even effortful, persistent, and highly conscious and controlled attempts to solve logical problems can produce strong biases (Fiedler, 2008; Le Mens & Denrell, 2011) of the same type as the classical heuristics (e."
T0145,C2007,ordinary,,,1.0,refuted,2015,"That is, semantically unrelated targets elicited the spatial interference effect (Bergen et al., 2007; Estes et al., 2008; Gozli et al., 2013; Richardson et al., 2003; Verges & Duffy, 2009)."
T0146,C4432,ordinary,,,0.5,robust,2023,"A study 14 indicated that by providing a timespan between two estimates (e.g. 2 weeks), people can exploit the wisdom of the inner crowd."
T0147,C4091,ordinary,,,0.5,refuted,2015,"Rugg, 1941; Schwarz et al, 1985), we know that question wording and response format affect responses even within one mode; for an overview, see Sudman et al (1974). Therefore, changing the question format when changing mode may add to the net effect of mode and result in considerable overall differences between modes in mixed mode surveys (cf."
T0148,C3270,ordinary,,,0.7,robust,2024,"Gill and Prowse (2016) find a negative association between neuroticism and performance in a repeated p-beauty contest game, Al-Ubaydli et al."
T0149,C3722,ordinary,,,0.0,robust,2014,"However, recent studies have cast doubt on the validity of this dissimilar immunity finding (Farrell, 2006; Farrell & Lewandowsky, 2003; Lewandowsky & Farrell, 2008a)."
T0150,C5821,gold_hedged,1,0.0,0.0,refuted,2022,"On the other hand, as with White third-party observers, studies of moral attribution and licensing suggest that Black people may perceive this behavior as honest criticism meant to help not harm the group and thus may reward the candidate (Monin and Miller 2001)."
T0151,C3761,ordinary,,,0.0,refuted,2013,"First, counterparts’ emotions may evoke reciprocal or complementary emotions (Friedman et al., 2004; Van Dijk et al., 2008; Van Kleef, De Dreu, & Manstead, 2004) that influence deception directly and indirectly."
T0152,C2633,ordinary,,,0.8,refuted,2017,Victims also experience adverse events as threats to their social status and power (Shnabel and Nadler 2008).
T0153,C0175,ordinary,,,0.8,robust,2020,"Thus, these results strongly suggest that serial order is represented with absolute positional codes and support event-based theories of serial order (Henson, 1998; Lewandowsky & Farrell, 2008)."
T0154,A042,gold_nonassert,0,,,,,"In Dulleck et al. (2011) – the study on the impact of liability and verifiability on the performance of credence goods markets – we also had an experimental condition where sellers were identifiable for buyers, allowing the latter to keep track of their experiences with a given seller."
T0155,C1022,ordinary,,,0.5,robust,2015,"In this respect, it also relates to findings that decision makers ascribe non-pecuniary value to possessing control or power, which has only recently gained attention in economics (Fehr et al., 2013; Bartling et al., 2014)."
T0156,C5814,ordinary,,,0.5,refuted,2016,"For instance, evidence shows that individuals can be loss averse regarding items they own or expect to eceive (Kahneman et al., 1990; Ericson and Fuster, 2011)."
T0157,C5362,ordinary,,,0.8,refuted,2015,"An additional explanation is that the retrocue works by reducing probe interference – specifically, focusing attention on a critical item during the maintenance period helps to solidify memory for that item, which makes it more resistant to interference from the probe array (Makovski et al., 2008)."
T0158,C4234,ordinary,,,0.5,refuted,2014,"These findings are attributed to the depletion of glucose by both tasks, resulting in a shortage of resources to complete both of them efficiently (see e.g. Gaillot et al., 2007; Masicampo and Baumeister, 2008)."
T0159,C1185,ordinary,,,0.8,refuted,2008,Schwarz et al. (1985) show that respondents gain information about the researcher’s expectations using numerical labels as frames of reference.
T0160,C2939,ordinary,,,0.5,refuted,2011,"What Study 1 suggests, especially when combined with similar results from several earlier studies (Exline et al., 2008; Exline & Zell, 2009), is that a simple prime of relational or empathic motives does not seem sufficient to increase women’s forgiveness."
T0161,C4080,ordinary,,,0.5,refuted,2008,"In addition, a recent study [19] found that items in fragile VSTM are not stored in a retinotopic way, but in a spatiotopic way."
T0162,C5954,ordinary,,,0.5,refuted,2017,", research seems to support the view that bilingualism positively influences mechanisms of cognition in terms of mental flexibility (Colzato et al. 2008; Prior & MacWhinney 2010), executive control (Costa et al."
T0163,C2717,ordinary,,,0.5,robust,2010,"These predictions were supported by the current data and are therefore compatible with the Jacoby et al. (2003) view that both item-specific control and contingency learning mechanisms play a role in ISPC effects, and are incompatible with a pure contingency account (Schmidt & Besner, 2008)."
T0164,C1368,ordinary,,,0.8,refuted,2020,"For instance, after having expressed their disagreement with racist comments or after having expressed a preference to vote for the first Black U.S. President Barack Obama, people were more likely to endorse a White person for the job (Effron et al., 2009; Monin & Miller, 2001)."
T0165,C1091,ordinary,,,0.0,refuted,2011,"If they stay below this threshold, they may facilitate lexical selection because they boost the activation of the picture name through spreading activation via the conceptual network (Roelofs, 2008c)."
T0166,C1142,ordinary,,,0.5,refuted,2013,"Nevertheless, Husnu and Crisp (2010a) recently used an enhanced version of these instructions, reporting that it boosted the effects of imagined contact on subsequent attitudes."
T0167,C3888,ordinary,,,0.5,refuted,2012,"Research has shown that securely attached individuals exaggerate perceived regard from their romantic partner following mortality salience, and anxiousambivalent individuals exaggerate perceived regard from their parents (Cox et al., 2008)."
T0168,C0435,ordinary,,,0.5,refuted,2010,"This alternative hypothesis is in line with recent work by Masicampo and Baumeister (2008), which showed that decision biases can be induced by depleting cognitive resources."
T0169,C3497,ordinary,,,0.5,robust,2016,"Contrary to intuition (but in accordance to the theoretical analysis we develop below) subjects tend to punish more when information becomes more noisy (Grechenig, Nicklisch, & Thöni, 2010; Ambrus & Greiner, 2012).3 All three problems are closely related."
T0170,C2536,ordinary,,,0.8,refuted,2009,"Dai, Wertenbroch, and Brendl (2008) recently demonstrated that the link between scarcity and value is so overlearned that its converse also holds."
T0171,C1134,ordinary,,,0.3,refuted,2011,"Perhaps the ease with which the brand name is processed leads to a biased judgment (Tversky & Kahneman, 1973)."
T0172,C3863,ordinary,,,0.3,refuted,2010,"Another possible explanation is that this effect could be the consequence of resource allocation competition, as the two tasks were concurrently performed (see Baddeley et al., 2001; Liefooghe et al., 2008)."
T0173,C3985,ordinary,,,0.5,robust,2020,"Under this interpretation, our work not only provides support for Fehr, Herz, and Wilkening (2013), albeit in a different setting, but also offers behavioral explanations for this apparent desire to retain authority over decision-making."
T0174,C2446,ordinary,,,0.5,robust,2026,"Framing theory argues that communicators shape interpretation by selecting and emphasizing particular aspects of reality (Ent-man et al., 1993), while decision-framing studies show that equivalent descriptions can systematically alter judgments (Tversky and Kahneman, 1981)."
T0175,C0073,gold_definitive,1,1.0,1.0,refuted,2013,"Specifically, Ifcher and Zarghamee (2011) demonstrated that mild positive affect significantly reduced impulsivity in intertemporal choice."
T0176,C2855,ordinary,,,0.0,refuted,2024,"This may imply that the level of acceptance of dynamic pricing by consumers might differ depending on the extent to which they perceive the product as being essential (Cacioppo, Petty and Morris, 1983)."
T0177,C3512,ordinary,,,0.5,refuted,2020,"Following one’s own wrongdoing, we argue, there is a twin threat to one’s social acceptance by valued others and to one’s own sense of moral self-integrity (Shnabel & Nadler, 2008)."
T0178,C4054,ordinary,,,0.75,refuted,2021,"Importantly, non-stereotyped group members also commonly experience threat responses during interactions with negatively stereotyped others, particularly when they first meet (e.g., Blascovich et al. 2001, Goff et al. 2008)."
T0179,C4074,ordinary,,,0.3,refuted,2020,"Thus, although elaboration can be a useful tool in experimental imagined contact research (Husnu & Crisp, 2010), it may be less central in everyday intergroup situations."
T0180,C5390,ordinary,,,0.5,robust,2014,", excitement), and instead choose to listen to music that will increase their anger (Tamir et al., 2008)."
T0181,C1358,ordinary,,,0.5,refuted,2022,"Although the concept of time can be grasped with relative difficulty because of the lack of a dedicated sensory system, converging evidence indicates that time is often mapped onto the more concrete and experiencebased concept of space (see Boroditsky, 2000)."
T0182,C4475,ordinary,,,0.8,refuted,2015,"Regarding the former, research on adults reveals that the physical distance between participants and members of an outgroup is indicative of participants’ attitudes toward the outgroup (Kawakami et al., 2007; Goff et al., 2008)."
T0183,C4584,ordinary,,,0.8,robust,2017,"In an earlier contribution, Ambrus and Greiner (2012) find in a repeated public goods game that in a perfect monitoring environment, increasing the severity of the potential punishment monotonically increases efficiency, while with imperfect monitoring the relationship is U-shaped."
T0184,C0506,ordinary,,,0.0,robust,2017,"Nevertheless, Kirchler et al. (2012); Huber and Kirchler (2012) argue that the nonfundamental outcomes in these experiments are due tomisunderstanding: subjects may be simply confused by the declining fundamental price."
T0185,C1930,ordinary,,,0.5,refuted,2012,"Today, recognition of the interpersonal function of emotions (e.g., Morris and Keltner 2002; Van Kleef, De Dreu, and Manstead 2004; Van Kleef et al. 2006; Van Dijk et al. 2008) suggests that expressions of guilt—conveying empathy, taking responsibility, and apologizing—can constructively influence the other side and accelerate reconciliation."
T0186,C0555,ordinary,,,0.7,refuted,2019,"Thus, the subordinate details associated with each specific unit must be considered, even independent of more abstract or global details at this stage (Förster et al., 2008)."
T0187,C1686,ordinary,,,0.0,robust,2023,"The absence of invariance in this scale may be due to the presence of extreme mean scores [86] for heterosexual, bisexual, and gay people."
T0188,C1672,ordinary,,,0.8,refuted,2013,"Previous research has demonstrated that texts that are disfluent (difficult to read) can increase abstract construal of the text itself (Alter & Oppenheimer, 2008) and a more critical, careful analysis of its content (Song & Schwarz, 2008)."
T0189,C0318,ordinary,,,0.5,refuted,2013,"Predictions from SES theory have been supported in experimental, longitudinal and cross-sectional research (Ersner-Hershfield et al. 2008; Charles and Carstensen 2009)."
T0190,C3148,ordinary,,,0.5,robust,2015,Farrell (2008) also claims that rhythm is a type of information readily processed and retained in short-term memory.
T0191,C3337,ordinary,,,0.8,refuted,2021,"Moreover, Boroditsky (2000) empirically demonstrated that individuals’ understanding of time (abstract concept) is shaped by a metaphorical mapping that relies on spatial tropes (concrete metaphor)."
T0192,C4250,ordinary,,,0.5,refuted,2022,"Task switching due to repair activities (e.g., trying to re-connect to the VC system, changing of window size or camera angle) create further mental load [102,103] that can contribute to fatigue, can also negatively impact the person’s impression."
T0193,C4602,ordinary,,,0.8,robust,2019,"Previous work on the construct validity of the AMP has thus done much to establish that the responses it measures vis-à-vis the primes are unintentional (Gawronski & Ye, 2014, 2015; Payne et al., 2008; Payne et al., 2013)."
T0194,C0940,ordinary,,,0.75,robust,2011,"The study demonstrated that even though the local details were poorly represented and identified at chance levels, the pooling of local features to obtain statistical information could be achieved, resulting in better performance (Alvarez & Oliva, 2008)."
T0195,C5869,ordinary,,,0.5,robust,2016,Kill-joy thinking correlates with reductions in well-being (Schwartz et al. 2002; Larsen and McKibban 2008; Polman 2010).
T0196,C1510,ordinary,,,0.8,refuted,2012,"In fact, Storm et al. (2008) found that forgetting can be repeatedly induced and eliminated with successive retrieval practice and reexposure trials and that reexposure led to larger increments in the recall of Rp items than of Nrp items."
T0197,C1024,ordinary,,,0.5,robust,2022,"As a result, responses in the trust game might map better onto explicit evaluations given their similarity in structure and processing characteristics (Payne et al., 2008)."
T0198,C5588,ordinary,,,0.0,robust,2017,Soto et al. (2008) found that personality questionnaires may be challenging to comprehend for youths and therefore demonstrate problematic psychometric properties.
T0199,C3034,ordinary,,,0.8,refuted,2020,"For example, Fischer et al. (2008) show that individuals with depleted self-regulatory resources engage in more confirmatory information processing, or preferencing information supporting pre-existing views, than non-depleted individuals."
T0200,C5355,ordinary,,,0.5,refuted,2010,"A further twist to this story is that the list-strength effect has been observed only with spaced repetitions (Malmberg & Shiffrin, 2005; Sahakyan et al., 2008)."
T0201,C4526,ordinary,,,0.8,refuted,2019,"Since n m is the inverse of market tightness, workers are offered almost the entire match surplus when market tightness becomes very high, but would be offered nothing when market tightness is very low if it were not for the second expression in equation (17)."
T0202,C5589,ordinary,,,0.5,robust,2021,", 2002), and response latency is longer at the beginning of groups (Farrell, 2008; Maybery et al., 2002)."
T0203,C4725,ordinary,,,0.5,robust,2023,"2,9 In the domain of medical image perception, global visual processing is thought to enable radiologists to sense the possible abnormality in medical images such as mammograms before localizing the focal signs of the abnormality (e.g., malignant lesions)."
T0204,C0285,ordinary,,,0.5,robust,2017,One explanation is that ‘dual learning’ of both the correct responses and errors may occur in Hebb repetition tasks (Couture et al. (2008).
T0205,C4871,ordinary,,,0.5,robust,2016,This is comparable to Kessler and Roth (2012) where 36 percent register as a donor in the baseline treatment and 74 percent in the priority treatment.
T0206,A044,gold_nonassert,0,,,,,Richeson and Trawalter (2008) examined visual attention to Black faces with either happy or neutral expressions among White people varying in their level of external motivation to respond without prejudice.
T0207,C3030,duplicate,,,0.5,refuted,2025,"Executives in the moral cleansing mode tend to direct their attention toward the interests and welfare of those who were harmed by their excessive pay (e.g., employees, shareholders, and society in general) (Carnevale & Gangloff, 2023; Shnabel & Nadler, 2008)."
T0208,C3134,ordinary,,,0.8,robust,2018,"In particular, hand reaching or mouse cursor trajectories can expose the degree of attraction towards an option which was not eventually chosen, or vacillation experienced prior to making the final decision (Freeman et al., 2011; McKinstry et al., 2008; Resulaj et al., 2009; Spivey & Dale, 2006)."
T0209,C0067,ordinary,,,0.3,refuted,2008,"On the other hand, as graduation drew even nearer, all participants may have been similarly and increasingly struck by the powerful cues that accompany the end of a college career, such as picking up a cap and gown and taking final exams (Ersner-Hershfield et al., 2008)."
T0210,C4531,ordinary,,,0.75,refuted,2018,", 2009); learning goals tend to make people partner-focused, which attenuates identity threat (Goff et al., 2008) and corresponds to increased positive other directed actions (Vorauer, Gagnon, & Sasaki, 2009), whereas performance goals tend to produce self-focus, which exacerbates identity threat and leads to more negative exchanges (Goff et al."
T0211,C5340,ordinary,,,0.5,refuted,2012,"Moreover, the discrete-ﬂow model is challenged by evidence that suggests that context pictures yield phonological facilitation effects on naming target pictures (Morsella & Miozzo, 2002; Navarette & Costa, 2005; Roelofs, 2008a)."
T0212,C2587,ordinary,,,0.5,refuted,2011,"As general action and inaction goals can be satisfied by a wide variety of means, selecting specific means is the hallmark of general goals (see Albarracı́n et al., 2008)."
T0213,C4960,ordinary,,,0.0,refuted,2015,"The priming effect was not statistically significant and in the opposite direction of the effect observed in the original study, t(154) 0.36, p .72 (Table 1, Figure 3)."
T0214,C0942,ordinary,,,0.8,refuted,2025,"Specifically, Experiment 1 showed that exposure to the word “meeting” in red (vs. black) font led to higher levels of arousal, which in turn reduced perceived temporal distance, aligning with the time-moving perspective whereby the event had been moved earlier to next Monday ."
T0215,C5197,ordinary,,,0.3,refuted,2017,"(*+0*)$%*,)4#'-.*)1*4&+)4$;/*44*) la fluence peut être intégrée et traitée par le système indépendamment de la manière avec laquelle elle est générée (Alter & Oppenheimer, 2009)."
T0216,C1790,ordinary,,,0.5,robust,2012,"Accordingly, we assume that intention deactivation failures are a relatively direct indication of how individuals balance the trade-off between monitoring and shielding depending on the current task context (Goschke & Dreisbach, 2008)."
T0217,C0381,ordinary,,,0.8,refuted,2026,"By having gender bias individuals make two consecutive hiring decisions, Monin and Miller ( 2001 ) found that the first decision affects the second one and that if an individual chooses a male the first time, they prefer to choose a female when making the second decision."
T0218,C2175,gold_hedged,1,0.0,0.0,refuted,2016,"Relatedly, if a buyer expects a trade to go through, her willingness to pay for the good may increase (Ericson and Fuster, 2011)."
T0219,C3924,ordinary,,,0.5,refuted,2012,"Interestingly, these effects are not limited to humans [14–16], they increase after lesion of the medial orbitofrontal cortex in macaques [17], and they can be mitigated by improving self-control or increasing blood glucose [18]."
T0220,C0208,ordinary,,,0.5,refuted,2015,"Based on that model, Ericson and Fuster (2011) [33] point out that that people seem to be loss averse around their expected outcomes, and that “expectation-based” loss aversion could compel agents to react to otherwise neutral actions."
T0221,C3375,ordinary,,,0.5,refuted,2019,"Past studies have shown that several interventions are effective in reducing intergroup biases, such as self-affirmation (Čehajić-Clancy et al., 2011), secure attachment (Saleem et al., 2015), and cognitive dissonance (Exline et al., 2008)."
T0222,C5304,gold_hedged,1,0.0,0.0,refuted,2013,"Instead, it has been suggested that mechanisms related to monitoring and goal maintenance might underpin the bilinguals’ superior performance in attentional tasks (Colzato et al., 2008; Costa et al., 2009)."
T0223,C4506,ordinary,,,0.5,robust,2009,"Evidence of a 'pull' from competing response alternatives during a reaching task (McKinstry et al., 2008) provides further indication that decision making might not be its own a single, clear-cut phase, but operates, rather, in continuity with planning and execution."
T0224,C1495,ordinary,,,0.8,refuted,2024,"This theory is empirically supported by the work of Boroditsky (2000) who showed that people employ spatial metaphors to represent time both cognitively and linguistically, but not the other way around."
T0225,C3563,ordinary,,,0.0,refuted,2011,"However, judgments may be formed not only on the basis of content information, but also on the basis of the ease or difficulty associated with the retrieval of information from memory (ease-of-retrieval; see Schwarz, 1998, 2004; Schwarz & Clore, 2007; Tversky & Kahneman, 1973)."
T0226,C4770,ordinary,,,0.5,refuted,2018,"A related explanation was proposed by Asch (1948): Based on the findings of Lorge and Curtiss (1936), Asch argued that the perceived prestige of authors plays a role in how statements are assessed."
T0227,C3429,gold_definitive,1,1.0,1.0,robust,2018,"(1988), mispricing is caused by subjects’ confusion about the declining fundamental value of the asset (Huber and Kirchler, 2012; Kirchler et al., 2012)."
T0228,C1548,ordinary,,,0.5,robust,2014,"Conversely, upward counterfactual thoughts reduce persistence and effort when they serve to excuse failure (McCrea, 2008)."
T0229,C5098,ordinary,,,0.5,robust,2021,"We also replicated the typical transposition gradients and were able to analyse response latencies, the latter being characterised by a shape similar to what is usually reported in the verbal domain (Hurlstone et al., 2014; Lewandowsky & Farrell, 2008)."
T0230,C3780,ordinary,,,0.8,robust,2012,"In the behavioral studies (Mirman, 2011; Mirman & Magnuson, 2008), the term many meant a quite different number for near and distant neighbors: For near neighbors, it was around four, but for distant neighbors it was over 200."
T0231,C2544,ordinary,,,0.5,refuted,2023,"Poignancy is a mixed affective state that is often labeled as being “moved” or “touched” (Zickfeld et al., 2019) and involves the feeling of bittersweet mixed affect that arises upon the recognition that a meaningful experience is ending or has ended (Ersner-Hershfield et al., 2008)."
T0232,C3518,gold_definitive,1,1.0,0.9,robust,2015,"It is well known that information asymmetries present in credence goods markets lead to inefficiencies (Dulleck et al., 2011)."
T0233,C2538,ordinary,,,0.8,refuted,2017,"Cacioppo et al. (1983) have shown that those with higher need for cognition put more cognitive effort into tasks and, as a result, are better able to focus their attention on the most relevant information."
T0234,C0248,ordinary,,,0.5,refuted,2014,"Additionally, interventions that restore depleted resources also improve System 2 processing (Masicampo & Baumeister, 2008), which suggests that caffeine may bolster executive control via increased System 2 processing."
T0235,C0627,ordinary,,,0.75,refuted,2025,Kuziemko et al. (2014) provide survey evidence that low (but above minimum) wage workers are more likely to oppose minimum wage increases.
T0236,C4783,ordinary,,,0.8,refuted,2017,"And, De Fruyt had shown that novelty seeking is strongly associated with extraversion (De Fruyt et al., 2000), so that the results of both studies are in line."
T0237,C2381,ordinary,,,0.8,robust,2023,"The finding is that when people estimate a number after being given another number, their estimates are overly close to the first number (Jacowitz & Kahneman, 1995)."
T0238,C5208,ordinary,,,0.3,refuted,2012,"Recent research by Henderson, de Liver, and Gollwitzer (2008) suggests that the beneficial effects of the implemental mindset on task performance might also be mediated by changes in respective attitude strength."
T0239,C1087,ordinary,,,0.8,robust,2018,"Prior research has shown that individuals readily recognize, identify, and distinguish such an expression of pride as a signal of social superiority (e.g., Cheng, 2013; Lang & Crusius, 2015; McFerran, Aquino, & Tracey, 2014; Tracey & Robins, 2008)."
T0240,C2548,ordinary,,,0.8,refuted,2024,"A conceptual metaphor mapping is typically unidirectional [40] and moves from a concrete or physical source to a more abstract target [9,24,40] (Fig."
T0241,C4908,ordinary,,,0.5,refuted,2015,"This finding was surprising as it has been shown that interleaving of trials can facilitate learning versus blocking of trials in many different types of category learning (see Rohrer, 2012 for a review) but also in perceptual learning (Mitchell et al., 2008; Wang and Mitchell, 2011)."
T0242,C5893,ordinary,,,0.8,refuted,2023,"Both CRT and Whiteness analyses signal the centrality of race as a constant motive by which numerous practices, polices, and legislation have been, and continue to be created, presented, and set forth."
T0243,C5640,ordinary,,,0.5,refuted,2023,"According to the literature, the abstract concept of time is expressed in terms of a more concrete domain as space, assuming a metaphorical mapping view (Boroditsky, 2000; Lakoff & Johnson, 2003)."
T0244,C3960,ordinary,,,0.7,robust,2015,"The ACC appears to be involved in monitoring conflicts between intended and actual responses (Inzlicht & Gutsell, 2007)."
T0245,C4241,ordinary,,,0.5,refuted,2014,"Physical temperature has also been found to influence trust behavior in an economic trust game (Kang et al., 2011), and as mentioned above, focusing on a target persons’ psychological warmth increases estimates of ambient room temperature (Szymkow et al., 2013)."
T0246,C4714,ordinary,,,0.5,refuted,2023,"It has been suggested that retrocued items are protected from visual interference (Makovski et al., 2008; Shepardson et al., 2018; Souza et al., 2016) and have a ‘head-start’ preparation for the response probe (Niklaus et al., 2019; Shepardson et al., 2018; Souza et al., 2016)."
T0247,C4261,ordinary,,,0.5,refuted,2025,"For example, time is often conceptualised in terms of space, with the future ahead and the past behind us; this is why we can say that a deadline is approaching (Boroditsky, 2000)."
T0248,C2091,ordinary,,,0.5,robust,2017,"We also predicted that older adults would rate their future simulations as more emotionally arousing than younger adults, which has been found previously (e.g. Addis et al., 2008; Addis et al., 2010; Addis, Roberts, & Schacter, 2011)."
T0249,C1787,ordinary,,,0.0,robust,2016,"For instance, participants may be retrieving the response that was most frequently associated with the irrelevant dimension (i.e., the flanking arrows in a flanker task) for a given stimulus in a particular location (cf. Schmidt & Besner, 2008)."
T0250,C3394,ordinary,,,0.8,refuted,2015,"For example, simply cueing subjects in an experiment to think ofmoney can lead them to offer less help to others, solicit less help from others, engage in more solitary activities and accept greater inequality (Caruso et al., 2013; Vohs et al., 2006)."
T0251,C3690,ordinary,,,1.0,robust,2014,"Combining results with Kirchler et al. (2012)(74), this study reveals that both de nitely lived and inde nitely lived markets have price convergences for an asset supported by a buy back value."
T0252,C4364,ordinary,,,0.3,refuted,2015,"One explanation may be found in prior ﬁndings that indicate that when individuals are asked to think about their past selves in an unfavorable light, they attempt to psychologically distance their current selves from their past selves (Ross & Wilson, 2002)."
T0253,C5093,ordinary,,,0.5,refuted,2021,"Whereas motivation has been found to draw positive past events psychologically closer (Ross & Wilson, 2002), we find that the opposite occurs for future events."
T0254,C4069,ordinary,,,0.5,refuted,2013,"Therefore, they rely less heavily on ease of processing as a cue to assess future memory performance (cf. Alter & Oppenheimer, 2008)."
T0255,C0727,ordinary,,,0.5,refuted,2012,"In the last few years, however, change detection research has shown that more changes can be detected when using a partial-report paradigm [12,13,14,15,16,17]."
T0256,C0103,gold_hedged,1,0.0,0.0,robust,2025,"For instance, individuals may prefer to experience emotions such as anger or anxiety to enhance their performance in certain tasks [59, 112]."
T0257,C5193,ordinary,,,0.7,robust,2022,"Finally, this research (Soto et al. 2008) has shown that there is a high variability in the acquiescent responding among younger study participants."
T0258,C2915,ordinary,,,0.5,robust,2018,"Furthermore, these positional representations are assumed to be multidimensional in nature, with separate positional codes representing order over coarser and finer time scales (Brown et al., 2007, 2000; Burgess & Hitch, 1999; Farrell, 2012; Henson, 1998; Lewandowsky & Farrell, 2008)."
T0259,C4946,ordinary,,,0.5,robust,2023,"First, according to the contingency learning account (Schmidt & Besner, 2008), manipulating the levels of proactive control by manipulating the proportion of the congruency conditions results in a contingency learning of specific colour-word associations."
T0260,C0178,duplicate,,,0.75,refuted,2014,"Parental, spousal, romantic, and friendly relationships act as buffering mechanisms against death anxiety (Cox et al., 2008; Florian et al., 2002; Mikulincer et al., 2003), so it is reasonable to assume that the therapeutic dyad also acts as a potential factor in the diminishment of death anxiety."
T0261,C2432,ordinary,,,0.5,refuted,2016,"In contrast, events are perceived to be temporally proximal when they are concrete (Agerstrom & Bkorklunch, 2009; Kyung et al., 2010); contain information about success (Ross & Wilson, 2002); and are perceived to be more positive in valence (Gebauer et al. 2015)."
T0262,C4155,ordinary,,,0.5,refuted,2025,"For example, Kuziemko et al. (2014) ﬁnd that a back-of-queue policy produces results akin to having no penalty, but this conclusion assumes no behavioral change."
T0263,C1098,ordinary,,,0.5,refuted,2026,"Mere reminders of, or exposure to, money have been found to promote materialism, although some of these results have not been replicated (e.g.,Caruso et al., 2013; Rohrer et al., 2015)."
T0264,C1833,ordinary,,,0.5,refuted,2021,"This creates the expectation that their treatment is contingent on their URM status (13, 30)."
T0265,C1332,ordinary,,,0.5,refuted,2014,"Similarly, Herrmann et al (2008) find differences in antisocial punishment2 in public goods games across cities."
T0266,C4126,ordinary,,,0.3,robust,2014,"Speaking out may lead to a sense of strength and pride (Aramovich, Lytle, & Skitka, 2010; Morrison & Miller, 2008) but could also arouse fears of isolation or social rejection (Pool, Wood, & Leck, 1998)."
T0267,C2116,ordinary,,,0.5,refuted,2023,"These negative expectancies are shared even by low-prejudice individuals (Gaertner & Dovidio, 1986) and predict how far they sit away from minority group members during intergroup interactions (Goff et al., 2008)."
T0268,C2068,ordinary,,,0.5,refuted,2017,"As observed in previous research (Schwarz et al., 1985), participants infer their likely placement in the distribution from their placement on the scale."
T0269,A045,gold_nonassert,0,,,,,"The asset market featurs a dividend-bearing asset with decreasing fundamental value over ten trading periods in a continuous double-auction market design with open order books, following Kirchler et al. (2012)."
T0270,C4146,duplicate,,,0.7,refuted,2015,"Given the experimental evidence indicating mild positive affect reduces time preference with respect to money (Ifcher and Zarghamee 2011) and the link between physical activity and psychological well-being, it is crucial to control for some measure of psychological well-being."
T0271,C4060,ordinary,,,0.8,refuted,2023,"It accounts for the bulk of variance in face impressions across world regions and portends a variety of downstream social consequences, ranging from criminal sentencing, to electoral success, to career attainment (Blair et al., 2004; Jones et al., 2021; Rule & Ambady, 2008; Todorov et al., 2005)."
T0272,C4111,ordinary,,,0.5,refuted,2021,"The unidirectionality of metaphoric association has been empirically supported (e.g. Boot & Pecher, 2010; Boroditsky, 2000; Casasanto & Boroditsky, 2008; Huang & Tse, 2015)."
T0273,C1622,ordinary,,,0.8,robust,2014,"Anger also significantly affects behavior in the repeated prisoner’s dilemma games (18, 19) and power-to-take games (20)."
T0274,C0600,ordinary,,,0.8,refuted,2011,"In fact, research has shown that when Whites expect to have an interaction with a Black individual on issues of race, they experience stereotype threat due to the fear of confirming the negative stereotype that they will appear racist to the other individual (Goff, Steele, & Davies, 2008 )."
T0275,C1351,duplicate,,,0.5,robust,2023,"Interestingly, similar to studies of recognition memory, recall performance in aging has been characterized by loss of specific details and emphasis on information that capture the central idea of an experience (Addis et al. 2008)."
T0276,C5323,ordinary,,,0.5,robust,2016,"Semantic associations have been found to be a predictor in processing for both healthy and aphasic individuals before (cf. Buchanan, Westbury, & Burgess, 2001; Mirman & Magnuson, 2008; Mirman, Yee, Blumstein, & Magnuson, 2011)."
T0277,C0957,ordinary,,,0.8,refuted,2015,", 2015) and visual working memory performance (Griffin and Nobre, 2003; Makovski et al., 2008; Sligte et al., 2008; Kuo et al., 2009), a retrocue providing valid information about the upcoming probe led to faster and more accurate responses than uninformative neutral cue trials."
T0278,C2029,ordinary,,,0.8,refuted,2012,Chen and Chen (2011) demonstrate that creating a deep sense of common identity can motivate people to exert more effort to reach a more efficient outcome.
T0279,C4143,ordinary,,,0.5,refuted,2017,This technique is in keeping with Cobb-Clark and Schurer in their study of the FFM from HILDA and their demonstration that personality traits are stable for working-age adults [41].
T0280,C4240,ordinary,,,0.5,robust,2017,"These effects have mainly been found in samples with little education and in children or adolescents (Meisenberg & William, 2008; Rammstedt al., 2010; Rammstedt & Farmer, 2013; Soto et al., 2008, 2011)."
T0281,C5678,ordinary,,,0.5,refuted,2020,"Third, studies in psychology and economics have shown that people tend to be last-place averse (Kuziemko et al., 2014), meaning teachers and administrators in high-stakes accountability contexts may put increased effort into avoiding being categorized as failing."
T0282,C1102,ordinary,,,0.5,refuted,2016,"Contrary to expectations and our prior work (e.g., Farris et al., 2006, 2008b, 2010; Treat et al., 2015a), all six bivariate interactions among the cues were unreliable and small in magnitude."
T0283,C4631,ordinary,,,0.5,robust,2011,"This result corresponds with recent descriptions of a prototypical expression of pride that includes a ‘‘small smile’’ (Tracy & Robins, 2004, 2008)."
T0284,C5066,ordinary,,,0.3,refuted,2015,"NS is associated with impulsivity, exploratory behavior, and excitability (Battaglia et al. 1996; Svrakic et al. 2002) and HA reflects introversion and inhibition and contains elements of anxiety and negative affect that are related to neuroticism (De Fruyt et al. 2000)."
T0285,C2880,ordinary,,,0.3,refuted,2024,"It appears that for the Jewish kindergarten teachers, to emphasize their professional identity contributed to coping with their sense of ambivalence towards the role of representation of their majority group in the context of asymmetric con ﬂ ict (Shnabel & Nadler, 2008)."
T0286,C4031,ordinary,,,0.5,refuted,2011,"Tversky and Kahneman (1973, 1982) developed a reasoning theory suggesting that reasoning is a decision making operation where premises are judged according to a restricted number of heuristics."
T0287,C3262,ordinary,,,0.5,refuted,2023,"Correll (2008) found smaller IPL indices 𝛽 in participants who reported a high level of effort to avoid racial bias while responding to black versus white target stimuli under threat/no-threat conditions (see also Grigolini et al., 2009 for a theoretical explanation)."
T0288,C2205,ordinary,,,1.0,refuted,2013,"In addition, they also found that ingesting a glucose solution replenished selfcontrol capacity (Gailliot et al., 2007), a finding that has been subsequently replicated in numerous studies (e.g., DeWall, Baumeister, Gailliot, & Maner, 2008; Dvorak & Simons, 2009; Masicampo & Baumeister, 2008)."
T0289,C3298,ordinary,,,0.5,refuted,2010,"Palmer and Ghose (2008) provided the first empirical evidence of the efficacy of EEs in figural depth perception, but they were careful to eliminate all other known configural cues from their displays."
T0290,C2042,ordinary,,,0.5,refuted,2018,Research shows that forgiveness is more likely to be offered if the victim is able to empathize with the transgressor (Exline et al. 2008).
T0291,C1342,gold_definitive,1,1.0,1.0,refuted,2014,"Thus, the offended individual’s higher perceived similarity of transgression causes higher tendency to understand and forgive (Exline et al., 2008)."
T0292,C0392,ordinary,,,0.5,refuted,2010,Action and Inaction Goals and Attitude Change Much research indicates that individuals’ default tendency is to activate a pre- existing attitude (should one exist) when they are asked to report that attitude or encounter information on the attitude object.
T0293,C0998,ordinary,,,0.5,refuted,2009,"For example, poor source memory can lead to increased interference in working memory (Hedden & Park, 2001) , false recognition (Piguet et al., 2008 ), cryptomnesia (Brown & Halliday, 1991 ; Marsh & Bower, 1993 ), and an overreliance on stereotypes during recollection (Dodson et al., 2008 )."
T0294,C4495,duplicate,,,0.3,robust,2019,"Studies of the influence of reputation systems on moral hazard in credence goods markets show that reputational information may have deterrent effects on agent’s fraudulent behavior (Dulleck et al., 2011; Grosskopf and Sarin, 2010; Mimra et al., 2013)."
T0295,C3988,ordinary,,,0.8,robust,2020,"As expected given their proposed difference in attention (Alvarez and Oliva, 2008, 2009), the dualtask demands impaired individuation (single vs dual: t(23) = 7.4, p 1.6 10 7), while it had only negligible effects on ensemble-averaging (t(23) = 1.1, p 0.28)."
T0296,C0614,ordinary,,,0.8,robust,2017,"Jacowitz and Kahneman (1995) ask students a number of general knowledge questions (like length of Mississippi or height of Everest), and report that participants who are given high anchors provide higher estimates than those who are given low anchors."
T0297,C5581,ordinary,,,0.5,refuted,2014,"Gawronski et al. (2003), and Stangor and McMillan (1992) supported this connection between expectancy strength and the occurrence of inconsistency effects."
T0298,C4498,ordinary,,,0.5,robust,2025,"Past research has shown that individuals some-times have negative attitudes toward activities associated with the opposite sex (Nosek et al., 2002)."
T0299,C3137,ordinary,,,0.75,refuted,2008,"” Indeed, Exline et al. (2008) found in that people are more forgiving toward others who have harmed them if they see themselves as capable of committing a similar offense."
T0300,C1911,ordinary,,,0.5,refuted,2009,We replicate the findings of Schwarz et al. (1985) and Winter (2002a) that response scales are perceived as informative.
T0301,C5120,ordinary,,,0.8,robust,2018,"Demany et al. (2008) found that change detection performance declined as the number of pure tones within each chord increased and as the delay between chords increased, indicating important roles for processing capacity and information loss over time, respectively."
T0302,C3007,ordinary,,,0.7,refuted,2021,"But interestingly, these effects are not only associated with the decision at hand but create a frame of mind that carries over to issues irrelevant to one’s immediate goal concern (Henderson, de Liver, & Gollwitzer, 2008)."
T0303,C3831,ordinary,,,1.0,robust,2020,"23 For instance, Dulleck et al. (2011) find that the combination of consumer choice, endogenous price-setting and public reporting of price information with multiple sellers in a lab setting stimulated price competition and lowered market prices."
T0304,C4345,ordinary,,,0.8,refuted,2012,"Moreover, the phonological effect of context pictures in picture naming was present across the RT distribution (Roelofs, 2008a)."
T0305,C5482,ordinary,,,0.8,refuted,2014,"With research demonstrating the strong positive link between empathic perspective-taking and forgiveness (Exline et al., 2008; Exline & Zell, 2009; Takaku, 2001; Takaku, Weiner, & Ohbuchi, 2001; Zechmeister & Romero, 2002), the variable should be negatively related to the BTF barriers."
T0306,C2767,ordinary,,,0.5,robust,2018,"Measures typically are not “process pure”, but rather capture multiple ways of combining, weighting, and transposing information (Bishara & Payne, 2009; Conrey, Sherman, Gawronski, Hugenberg, & Groom, 2005; Cunningham & Zelazo, 2007; Payne, 2005; Payne et al., 2008; Sherman, 2006, 2009; Sloman, 1996)."
T0307,C4931,ordinary,,,0.7,robust,2014,"Therefore, the averaging gains due to error cancelation are likely to be larger for real crowds than for simulated “crowds within” (Ariely et al., 2000; Herzog & Hertwig, 2009; Rauhut & Lorenz, 2011; Vul & Pashler, 2008; Winkler & Clemen, 2004)."
T0308,C2206,ordinary,,,0.8,refuted,2020,"However, even after the death-related thoughts are removed from their top-of-mind awareness, they remain highly accessible at the subconscious level, which automatically triggers a variety of symbolic defenses including relational strivings (Cox et al., 2008; Mikulincer et al., 2003)."
T0309,C4691,duplicate,,,0.5,refuted,2018,"They concentrate on just one attribute (e.g. the lowest price), use only partial information, succumb to the dominance effect, or simply preserve the status quo and do not make a selection (Masicampo & Baumeister, 2008)."
T0310,C2978,ordinary,,,0.75,robust,2014,"So if a principal can plausibly convey her motives to her agent, she can very well change his beliefs and perceptions (see also Fehr et al. 2013)."
T0311,C5630,ordinary,,,0.3,refuted,2010,"Also, the more personally consequential the decision, the less likely people may be to stray from the “safety” of the normative option (Miller & Taylor, 1995; Risen & Gilovich, 2007, 2008)."
T0312,C2951,ordinary,,,0.5,robust,2010,"However, it is important to note that there is increasing understanding that task demands and the units over which learning operates affects performance (Ludden & Gupta, 2000; Turk-Browne et al., 2008)."
T0313,C5702,ordinary,,,0.5,refuted,2022,"In particular, the impact of exchange rate appreciation on prices is significantly different from the impact of depreciation (Shintani et al. 2013; Yanamandra 2015; Brun-Aguerre et al. 2012, 2017; Baharumshah et al. 2017)."
T0314,C0221,ordinary,,,0.5,refuted,2012,"For example, anger connotes dominance, men (vs. women) are stereotyped as dominant, and judgments of leadership potential are related to dominance (e.g., Rule & Ambady, 2008b, 2009; Todorov, Mandisodza, Goren, & Hall, 2005)."
T0315,C3413,ordinary,,,0.0,refuted,2019,"Indeed, some studies did not find initial attitudes to play any role in the licensing effect (e.g., Effron, Miller, & Monin, 2012; Monin & Miller, 2001), whereas other studies yielded seemingly opposite results."
T0316,C2329,ordinary,,,0.0,robust,2014,"Some generations of investors may not form rational expectations, and even if all generations of investors do, rational expectations may not be common knowledge across or even within the generations."
T0317,C3020,ordinary,,,0.5,refuted,2018,"Ample research has already shown that when people are in a more deliberative mindset, they show very different judgment and decision-making processes (e.g. Frederick, 2005; Stanovich & West, 2000, 2008)."
T0318,C1997,ordinary,,,0.8,refuted,2012,"However, a closer look shows that higher levels of intrinsic motivation led to lower expression of prejudice (Amodio, Devine, and Harmon-Jones 2008 ; Devine et al."
T0319,C4747,gold_hedged,1,0.0,0.0,robust,2012,"In addition, individuals in strong motivational states may reduce rational thought and caution in information seeking and decision making [20], [31]."
T0320,C1581,ordinary,,,0.7,refuted,2014,"As affirmed by Husnu and Crisp, ‘while there may be facilitating conditions that improve its effectiveness, contact basically works’ (Husnu and Crisp 2010: 943, italics in original)."
T0321,C1813,ordinary,,,0.5,refuted,2018,Served with 125 mL of milk Between (overnight fast) −a O a Episodic: no effect on verbal learning.
T0322,C4575,ordinary,,,0.75,refuted,2012,"That is, because stereotypes are activated more in threatened than non-threatened individuals (Goff et al., 2008; Steele & Aronson, 1995), evidence of stereotype activation is suggestive of stereotype threat."
T0323,C4846,ordinary,,,0.8,robust,2013,"By contrast, as Dulleck et al. (2011) have shown, ’liability’ is a quite robust institution in markets for credence goods."
T0324,C2796,ordinary,,,0.8,refuted,2020,"Philosophers and psychologists agree that because anger promotes aggressive behavior, it is a costly strategy for addressing social challenges (Hutcherson and Gross 2011, 720; Nichols 2007, 417; Pereboom 2009, 172), and risks backfiring when trying to change a wrongdoer’s behavior (Van Dijk et al. 2008; Wubben, De Cremer, and Van Dijk 2011)."
T0325,C4732,ordinary,,,0.5,refuted,2017,Post hoc analysis revealed higher tryptophan levels after the high-carb/protein breakfast for all postprandial samples [1045 hours: t(17) = 2.
T0326,C4786,ordinary,,,0.5,refuted,2020,"Guided by research on imagined contact, we had hypothesised that the more people elabo‐ rate on their imagined interactions, the more favourable they will be toward the outgroup (see Husnu & Crisp, 2010)."
T0327,C5925,ordinary,,,0.8,robust,2019,"However, in line with previous studies (Mõttus, Briley, et al., in press; Soto et al., 2008), the variance of acquiescence was larger for the younger cohort (average age 11 years) compared with the two older cohorts (mean ages 17 and 23 years): VAR11 = 0.44 versus VAR17 = 0.26 and VAR23 = 0.28."
T0328,C1050,ordinary,,,0.5,robust,2020,"Several studies have shown that modelling AC as a method factor and removing its effects seem to mitigate at least the poor fi t to the expected model in personality measures which combine direct and reversed items (Morales-Vives, Lorenzo-Seva, & Vigil-Colet, 2017; Navarro-González et al., 2016; Rammstedt & Farmer, 2013; Soto et al., 2008)."
T0329,C0434,ordinary,,,0.5,robust,2008,"Relatedly, Farrell (2008) recently reported an isolation effect in forward serial recall in one experiment (but not in another similar one) in which people had to explicitly group the list on some trials and had to recall the timing of input items (rather than their identity) on some other trials."
T0330,C1734,ordinary,,,0.5,refuted,2013,"Past research indicates that these types of questions are reliable measures of cognitive activity and priming an action goal enhances performance on these questions (Albarracin & Hart, 2011; Albarracin et al., 2008)."
T0331,C2260,ordinary,,,1.0,refuted,2018,"The level of trust one has for another person is the key determinant of one’s decision to connect with or self-protect from that person (Murray et al., 2006, 2008)."
T0332,C4318,ordinary,,,0.75,robust,2025,"However, as observed in previous work (Goschke & Dreisbach, 2008), despite differing intercepts, participants tend to exhibit similar slopes across experimental conditions (i.e. faster RTs in congruent and focal task trials, and slower RTs in incongruent and non-focal task trials)."
T0333,C1401,ordinary,,,0.8,refuted,2021,"Need for cognition distinguishes individuals who characteristically engage in and enjoy effortful analytical activities from those who do not (Cacioppo et al., 1983)."
T0334,C2484,ordinary,,,0.5,refuted,2017,One study argued that argument quality will influence message receivers’ attitudes in a social media context [7].
T0335,C4024,ordinary,,,0.75,refuted,2025,"This trade ‐ off of attributes can increase cognitive depletion (Masicampo and Baumeister 2008), as consumers must integrate heterogeneous information while reconciling competing goals (personal health vs. collective well ‐ being)."
T0336,C1369,ordinary,,,0.5,refuted,2003,"For example Asch's (Asch, 1948) reinterpretation of Lorge's (Lorge, 1936) data on prestige, showed that message-recipients altered their level of agreement with an opinion, depending on whom they believed the author was."
T0337,C3761,duplicate,,,0.0,refuted,2013,"First, counterparts’ emotions may evoke reciprocal or complementary emotions (Friedman et al., 2004; Van Dijk et al., 2008; Van Kleef, De Dreu, & Manstead, 2004) that influence deception directly and indirectly."
T0338,C1088,ordinary,,,0.5,refuted,2019,"(2011) suggested that language proficiency is positively related to focusing and selective attention, thus to convergent rather than divergent thinking (Colzato et al., 2008)."
T0339,C3428,ordinary,,,0.5,robust,2024,"Previous studies suggested that the specificity and number of internal details for autobiographical memory and EFT decreased with age (Addis et al., 2008), therefore, age of participants might affect the intervention effect on EFT."
T0340,C1827,ordinary,,,0.5,refuted,2018,"(Shnabel and Nadler 2008; Shnabel et al. 2009) argue that parties to interpersonal wrongdoing have different needs, and satisfying those needs is an important aspect of promoting reconciliation."
T0341,C5467,ordinary,,,0.8,robust,2020,Janiszewski and Uy (2008) have also observed that precise price anchors led individuals to overestimate costs of a wide range of products more than rounded anchors.
T0342,C5260,ordinary,,,0.5,refuted,2025,The last-place-aversion hypothesis of Kuziemko et al. (2014) also provides an explanation for a motivated behaviour of very low ranked individuals.
T0343,C0331,ordinary,,,0.5,robust,2010,", 2008), such that later familiarity depends on complete input patterns (Fiser and Aslin, 2005; Turk-Browne et al., 2008)."
T0344,C5407,ordinary,,,0.5,refuted,2015,"Similarly, while experimental research supports the relationship between perceived endings and mixed emotions postulated by SST (Ersner-Hershfield et al., 2008), little is known about the extent to which developmental changes in the awareness of time as limited mediate age-related changes in mixed emotions in natural contexts."
T0345,C3416,ordinary,,,0.75,refuted,2023,"Research examining how to maximize these advantages found that organizations that emphasized the value of having employees across a variety of sociocultural backgrounds increased systemically marginalized employees’ feelings of comfort and trust within their workplaces (Purdie-Vaughns et al., 2008), as well as overall workplace performance (e."
T0346,C4272,ordinary,,,0.5,refuted,2018,"The message recipients will also maintain their previous attitude towards the subject of the message, and this will affect their perception of the rest of the message (e.g. Cacioppo et al., 1983)."
T0347,C1656,ordinary,,,0.3,robust,2024,"Such broader activations may stem from stronger connections between the lexical representations, which may lead to faster and wider semantic “basins” being formed (see Mirman & Magnuson, 2008, 2009)."
T0348,C3484,ordinary,,,0.8,refuted,2023,"These experiences can lead to many harmful organizational outcomes, including increased concerns about fit (Murphy et al., 2007; Purdie-Vaughns et al., 2008), decreased intentions to remain in the setting (Lewis et al., 2017), and higher turnover rates (Hausknecht & Trevor, 2011)."
T0349,C2680,ordinary,,,0.5,refuted,2011,"As general action and inaction prompts have been shown to promote general action and inaction goals (Albarracin et al., 2008), moods may exert interactive, motivational effects on behavior."
T0350,C0993,ordinary,,,0.75,robust,2017,In these studies overpricing can develop because FVs decline and market prices stay relatively constant until the second half of trading before they crash towards zero (see the baseline treatment of Kirchler et al. (2012) as an example).
T0351,C3640,ordinary,,,0.5,refuted,2017,"As Makovski, Sussman, and Jiang (2008) argued, the test pattern, as a taskrelevant stimulus, provides a potential cause of interference."
T0352,C0805,ordinary,,,0.75,refuted,2021,"They are more likely to evaluate the quality of arguments contained in a message than those who are lower in NFC (Cacioppo et al., 1983, 1996)."
T0353,C4448,ordinary,,,0.3,refuted,2026,"Through restorative exchanges between victim and perpetrator this need may be met (Shnabel & Adler, 2008; Shnabel & Nadler, 2015)."
T0354,C2900,ordinary,,,0.75,refuted,2012,"While this process occurs in almost everyone, individuals who do not feel secure in their partner’s love are more likely to prioritize self-protection goals at the cost of inhibiting connectedness goals (Murray et al., 2008, Murray et al., 2006)."
T0355,C1436,ordinary,,,0.7,refuted,2023,"These studies collectively show that such traits “ associated with the evaluation of leadership overlap with traits that can be judged reliably from the face ” (Rule & Ambady, 2008: 109)."
T0356,C2948,ordinary,,,0.8,robust,2010,"Pride-recognition rates are typically around 80–90%, comparable to recognition rates found for the more established basic emotions; and, like the basic emotions, pride can be recognized quickly and efficiently from a single snapshot image (Tracy & Robins, 2008a)."
T0357,C3381,ordinary,,,1.0,refuted,2011,"We ﬁnd that the set of individual covariates (race, gender, marriage status, education, and income) are strong predictors of identifying with the Republicans and voting in presidential elections."
T0358,A066,gold_nonassert,0,,,,,"Near and distant neighbors were defined based on cosine similarity between feature vectors, as in Mirman and Magnuson (2008), with near neighbors defined as having cosine greater than 0.4 and distant neighbors defined as having cosine greater than 0.0 and less than 0.25."
T0359,C4409,ordinary,,,0.7,robust,2024,"The factor that makes the difference seems to be the value of doing so for the power holder’s personal interests (Fehr, Herz, and Wilkening 2013)."
T0360,C3519,ordinary,,,0.5,refuted,2004,"By focusing on subjective distance, temporal selfappraisal theory ( Ross & Wilson, 2002; Wilson & Ross, 2001) follows research indicating that experiences of time (Brown et al., 1985; Schacter, 1996; Walker et al., 2003) are not accounted for by only objective distance."
T0361,C1709,ordinary,,,0.5,refuted,2016,"Individuals, thereore, learn to associate such weight with bodily and mental effort ospitality Management 53 (2016) 42–48 (Jostmann et al., 2009)."
T0362,C4860,ordinary,,,0.8,refuted,2011,"Furthermore, the threat of appearing racist has been shown to trigger stereotype threat for Whites, resulting in higher levels of stereotype-confirming behavior (Goff et al., 2008)."
T0363,C5350,ordinary,,,0.5,robust,2023,"This mechanism of fatigue, however, has been challenged by evidence that motion-aftereffect storage persists beyond the expected time course for neural fatigue (Watamaniuk and Heinen, 2007) and that it can be generated from still photos with suggested motion (Winawer et al., 2008)."
T0364,C3647,ordinary,,,0.5,refuted,2024,"Our findings support the needs-based model of reconciliation 16 , the first time for an intergenerational conflict."
T0365,C3588,ordinary,,,0.5,refuted,2014,"The wording effect has been empirically examined since 1940, and several response styles, such as response acquiescence, overgeneralization, socially desirable, are found to be related to the wording effect (Cantril, 1940; Jackson & Messick, 1958; Roper, 1940; Rugg, 1941)."
T0366,C4084,ordinary,,,0.5,refuted,2012,"In these studies, avoidant participants did not show increased relational strivings (Cox et al., 2008) or positive regard (Cox & Arndt, 2012) for attachment figures following mortality salience."
T0367,C4168,ordinary,,,0.8,refuted,2010,"Several earlier studies (Meyer et al., 2003; Roelofs, 2007, 2008a) that used the same combination of tasks— object naming followed by symbol categorization—showed that participants only initiated the eye movement to the symbol after they had retrieved the phonological form of the object name."
T0368,C2575,ordinary,,,0.5,robust,2022,"” Research has found that internally focused counterfactuals are more helpful for performance improvement (McCrea, 2008)."
