analysis_claim_id,source_id,year,latest_year,assertion,text_view,n_texts,n_tokens,n_characters,token_possibly,context_possibly,token_perhaps,context_perhaps,token_probably,context_probably,token_replicate,context_replicate,token_replicates,context_replicates,token_replicated,context_replicated,token_replicating,context_replicating,token_replication,context_replication,token_replications,context_replications,token_may,context_may,token_might,context_might,token_could,context_could,token_epistemic_adverb_tokens,context_epistemic_adverb_tokens,token_replication_word_tokens,context_replication_word_tokens,token_lowercase_modal_tokens,context_lowercase_modal_tokens,excluded_modal_case,excluded_may_numeric,excluded_case_may,excluded_case_might,excluded_case_could
v3_distinguishing_between_silent_and_vocal_,rpp.73,2009,2009,0,first1200_complete_tokens,1,31,218,0,0,0,0,0,0,0,0,0,0,0,0,0,0,0,0,0,0,0,0,0,0,0,0,0,0,0,0,0,0,0,0,0,0,0
v3_distinguishing_between_silent_and_vocal_,rpp.73,2009,2009,0,first700_complete_tokens,1,31,218,0,0,0,0,0,0,0,0,0,0,0,0,0,0,0,0,0,0,0,0,0,0,0,0,0,0,0,0,0,0,0,0,0,0,0
v3_distinguishing_between_silent_and_vocal_,rpp.73,2009,2009,0,full,1,31,218,0,0,0,0,0,0,0,0,0,0,0,0,0,0,0,0,0,0,0,0,0,0,0,0,0,0,0,0,0,0,0,0,0,0,0
v3_distinguishing_between_silent_and_vocal_,rpp.73,2009,2009,1,first1200_complete_tokens,2,90,575,0,0,0,0,0,0,0,0,0,0,0,0,0,0,0,0,0,0,0,0,0,0,0,0,0,0,0,0,0,0,0,0,0,0,0
v3_distinguishing_between_silent_and_vocal_,rpp.73,2009,2009,1,first700_complete_tokens,2,90,575,0,0,0,0,0,0,0,0,0,0,0,0,0,0,0,0,0,0,0,0,0,0,0,0,0,0,0,0,0,0,0,0,0,0,0
v3_distinguishing_between_silent_and_vocal_,rpp.73,2009,2009,1,full,2,90,575,0,0,0,0,0,0,0,0,0,0,0,0,0,0,0,0,0,0,0,0,0,0,0,0,0,0,0,0,0,0,0,0,0,0,0
v3_distinguishing_between_silent_and_vocal_,rpp.73,2010,2010,1,first1200_complete_tokens,1,33,240,0,0,0,0,0,0,0,0,0,0,0,0,0,0,0,0,0,0,0,0,0,0,1,1,0,0,0,0,1,1,0,0,0,0,0
v3_distinguishing_between_silent_and_vocal_,rpp.73,2010,2010,1,first700_complete_tokens,1,33,240,0,0,0,0,0,0,0,0,0,0,0,0,0,0,0,0,0,0,0,0,0,0,1,1,0,0,0,0,1,1,0,0,0,0,0
v3_distinguishing_between_silent_and_vocal_,rpp.73,2010,2010,1,full,1,33,240,0,0,0,0,0,0,0,0,0,0,0,0,0,0,0,0,0,0,0,0,0,0,1,1,0,0,0,0,1,1,0,0,0,0,0
v3_distinguishing_between_silent_and_vocal_,rpp.73,2011,2011,0,first1200_complete_tokens,1,7,61,0,0,0,0,0,0,0,0,0,0,0,0,0,0,0,0,0,0,0,0,0,0,0,0,0,0,0,0,0,0,0,0,0,0,0
v3_distinguishing_between_silent_and_vocal_,rpp.73,2011,2011,0,first700_complete_tokens,1,7,61,0,0,0,0,0,0,0,0,0,0,0,0,0,0,0,0,0,0,0,0,0,0,0,0,0,0,0,0,0,0,0,0,0,0,0
v3_distinguishing_between_silent_and_vocal_,rpp.73,2011,2011,0,full,1,7,61,0,0,0,0,0,0,0,0,0,0,0,0,0,0,0,0,0,0,0,0,0,0,0,0,0,0,0,0,0,0,0,0,0,0,0
v3_distinguishing_between_silent_and_vocal_,rpp.73,2011,2011,1,first1200_complete_tokens,2,74,569,0,0,0,0,0,0,0,0,0,0,0,0,0,0,0,0,0,0,1,1,0,0,1,1,0,0,0,0,2,2,0,0,0,0,0
v3_distinguishing_between_silent_and_vocal_,rpp.73,2011,2011,1,first700_complete_tokens,2,74,569,0,0,0,0,0,0,0,0,0,0,0,0,0,0,0,0,0,0,1,1,0,0,1,1,0,0,0,0,2,2,0,0,0,0,0
v3_distinguishing_between_silent_and_vocal_,rpp.73,2011,2011,1,full,2,74,569,0,0,0,0,0,0,0,0,0,0,0,0,0,0,0,0,0,0,1,1,0,0,1,1,0,0,0,0,2,2,0,0,0,0,0
v3_distinguishing_between_silent_and_vocal_,rpp.73,2013,2013,1,first1200_complete_tokens,1,42,269,0,0,0,0,0,0,0,0,0,0,0,0,0,0,0,0,0,0,0,0,0,0,0,0,0,0,0,0,0,0,0,0,0,0,0
v3_distinguishing_between_silent_and_vocal_,rpp.73,2013,2013,1,first700_complete_tokens,1,42,269,0,0,0,0,0,0,0,0,0,0,0,0,0,0,0,0,0,0,0,0,0,0,0,0,0,0,0,0,0,0,0,0,0,0,0
v3_distinguishing_between_silent_and_vocal_,rpp.73,2013,2013,1,full,1,42,269,0,0,0,0,0,0,0,0,0,0,0,0,0,0,0,0,0,0,0,0,0,0,0,0,0,0,0,0,0,0,0,0,0,0,0
v3_distinguishing_between_silent_and_vocal_,rpp.73,2014,2014,0,first1200_complete_tokens,2,72,521,0,0,0,0,0,0,0,0,0,0,0,0,0,0,0,0,0,0,0,0,0,0,0,0,0,0,0,0,0,0,0,0,0,0,0
v3_distinguishing_between_silent_and_vocal_,rpp.73,2014,2014,0,first700_complete_tokens,2,72,521,0,0,0,0,0,0,0,0,0,0,0,0,0,0,0,0,0,0,0,0,0,0,0,0,0,0,0,0,0,0,0,0,0,0,0
v3_distinguishing_between_silent_and_vocal_,rpp.73,2014,2014,0,full,2,72,521,0,0,0,0,0,0,0,0,0,0,0,0,0,0,0,0,0,0,0,0,0,0,0,0,0,0,0,0,0,0,0,0,0,0,0
v3_distinguishing_between_silent_and_vocal_,rpp.73,2014,2014,1,first1200_complete_tokens,1,29,203,0,0,0,0,0,0,0,0,0,0,0,0,0,0,0,0,0,0,1,1,0,0,1,1,0,0,0,0,2,1,0,0,0,0,0
v3_distinguishing_between_silent_and_vocal_,rpp.73,2014,2014,1,first700_complete_tokens,1,29,203,0,0,0,0,0,0,0,0,0,0,0,0,0,0,0,0,0,0,1,1,0,0,1,1,0,0,0,0,2,1,0,0,0,0,0
v3_distinguishing_between_silent_and_vocal_,rpp.73,2014,2014,1,full,1,29,203,0,0,0,0,0,0,0,0,0,0,0,0,0,0,0,0,0,0,1,1,0,0,1,1,0,0,0,0,2,1,0,0,0,0,0
v3_distinguishing_between_silent_and_vocal_,rpp.73,2015,2015,1,first1200_complete_tokens,1,30,192,0,0,0,0,0,0,0,0,0,0,0,0,0,0,0,0,0,0,0,0,0,0,0,0,0,0,0,0,0,0,0,0,0,0,0
v3_distinguishing_between_silent_and_vocal_,rpp.73,2015,2015,1,first700_complete_tokens,1,30,192,0,0,0,0,0,0,0,0,0,0,0,0,0,0,0,0,0,0,0,0,0,0,0,0,0,0,0,0,0,0,0,0,0,0,0
v3_distinguishing_between_silent_and_vocal_,rpp.73,2015,2015,1,full,1,30,192,0,0,0,0,0,0,0,0,0,0,0,0,0,0,0,0,0,0,0,0,0,0,0,0,0,0,0,0,0,0,0,0,0,0,0
v3_distinguishing_between_silent_and_vocal_,rpp.73,2017,2017,1,first1200_complete_tokens,1,16,125,0,0,0,0,0,0,0,0,0,0,0,0,0,0,0,0,0,0,0,0,0,0,0,0,0,0,0,0,0,0,0,0,0,0,0
v3_distinguishing_between_silent_and_vocal_,rpp.73,2017,2017,1,first700_complete_tokens,1,16,125,0,0,0,0,0,0,0,0,0,0,0,0,0,0,0,0,0,0,0,0,0,0,0,0,0,0,0,0,0,0,0,0,0,0,0
v3_distinguishing_between_silent_and_vocal_,rpp.73,2017,2017,1,full,1,16,125,0,0,0,0,0,0,0,0,0,0,0,0,0,0,0,0,0,0,0,0,0,0,0,0,0,0,0,0,0,0,0,0,0,0,0
v3_distinguishing_between_silent_and_vocal_,rpp.73,2019,2019,0,first1200_complete_tokens,1,41,279,0,0,0,0,0,0,0,0,0,0,0,0,0,0,0,0,0,0,0,0,0,0,0,0,0,0,0,0,0,0,0,0,0,0,0
v3_distinguishing_between_silent_and_vocal_,rpp.73,2019,2019,0,first700_complete_tokens,1,41,279,0,0,0,0,0,0,0,0,0,0,0,0,0,0,0,0,0,0,0,0,0,0,0,0,0,0,0,0,0,0,0,0,0,0,0
v3_distinguishing_between_silent_and_vocal_,rpp.73,2019,2019,0,full,1,41,279,0,0,0,0,0,0,0,0,0,0,0,0,0,0,0,0,0,0,0,0,0,0,0,0,0,0,0,0,0,0,0,0,0,0,0
v3_distinguishing_between_silent_and_vocal_,rpp.73,2019,2019,1,first1200_complete_tokens,4,99,838,0,0,0,0,0,0,0,0,0,0,0,0,0,0,0,0,0,0,0,0,0,0,0,0,0,0,0,0,0,0,0,0,0,0,0
v3_distinguishing_between_silent_and_vocal_,rpp.73,2019,2019,1,first700_complete_tokens,4,99,838,0,0,0,0,0,0,0,0,0,0,0,0,0,0,0,0,0,0,0,0,0,0,0,0,0,0,0,0,0,0,0,0,0,0,0
v3_distinguishing_between_silent_and_vocal_,rpp.73,2019,2019,1,full,4,99,838,0,0,0,0,0,0,0,0,0,0,0,0,0,0,0,0,0,0,0,0,0,0,0,0,0,0,0,0,0,0,0,0,0,0,0
v3_distinguishing_between_silent_and_vocal_,rpp.73,2021,2021,0,first1200_complete_tokens,1,36,289,0,0,0,0,0,0,0,0,0,0,0,0,0,0,0,0,0,0,0,0,0,0,0,0,0,0,0,0,0,0,0,0,0,0,0
v3_distinguishing_between_silent_and_vocal_,rpp.73,2021,2021,0,first700_complete_tokens,1,36,289,0,0,0,0,0,0,0,0,0,0,0,0,0,0,0,0,0,0,0,0,0,0,0,0,0,0,0,0,0,0,0,0,0,0,0
v3_distinguishing_between_silent_and_vocal_,rpp.73,2021,2021,0,full,1,36,289,0,0,0,0,0,0,0,0,0,0,0,0,0,0,0,0,0,0,0,0,0,0,0,0,0,0,0,0,0,0,0,0,0,0,0
v3_distinguishing_between_silent_and_vocal_,rpp.73,2022,2022,1,first1200_complete_tokens,1,37,292,0,0,0,0,0,0,0,0,0,0,0,0,0,0,0,0,0,0,0,0,0,0,0,0,0,0,0,0,0,0,0,0,0,0,0
v3_distinguishing_between_silent_and_vocal_,rpp.73,2022,2022,1,first700_complete_tokens,1,37,292,0,0,0,0,0,0,0,0,0,0,0,0,0,0,0,0,0,0,0,0,0,0,0,0,0,0,0,0,0,0,0,0,0,0,0
v3_distinguishing_between_silent_and_vocal_,rpp.73,2022,2022,1,full,1,37,292,0,0,0,0,0,0,0,0,0,0,0,0,0,0,0,0,0,0,0,0,0,0,0,0,0,0,0,0,0,0,0,0,0,0,0
v3_distinguishing_between_silent_and_vocal_,rpp.73,2024,2024,1,first1200_complete_tokens,1,41,260,0,0,0,0,0,0,0,0,0,0,0,0,0,0,0,0,0,0,0,0,0,0,0,0,0,0,0,0,0,0,0,0,0,0,0
v3_distinguishing_between_silent_and_vocal_,rpp.73,2024,2024,1,first700_complete_tokens,1,41,260,0,0,0,0,0,0,0,0,0,0,0,0,0,0,0,0,0,0,0,0,0,0,0,0,0,0,0,0,0,0,0,0,0,0,0
v3_distinguishing_between_silent_and_vocal_,rpp.73,2024,2024,1,full,1,41,260,0,0,0,0,0,0,0,0,0,0,0,0,0,0,0,0,0,0,0,0,0,0,0,0,0,0,0,0,0,0,0,0,0,0,0
v3_distinguishing_between_silent_and_vocal_,rpp.73,2026,2026,1,first1200_complete_tokens,1,28,241,0,0,0,0,0,0,0,0,0,0,0,0,0,0,0,0,0,0,1,1,0,0,0,0,0,0,0,0,1,1,0,0,0,0,0
v3_distinguishing_between_silent_and_vocal_,rpp.73,2026,2026,1,first700_complete_tokens,1,28,241,0,0,0,0,0,0,0,0,0,0,0,0,0,0,0,0,0,0,1,1,0,0,0,0,0,0,0,0,1,1,0,0,0,0,0
v3_distinguishing_between_silent_and_vocal_,rpp.73,2026,2026,1,full,1,28,241,0,0,0,0,0,0,0,0,0,0,0,0,0,0,0,0,0,0,1,1,0,0,0,0,0,0,0,0,1,1,0,0,0,0,0
