"annotation_id","annotator","assert","certainty","created_at","id","lead_time","note","sentence","task_id","updated_at"
52,"1","1","0.75","2026-07-15T11:57:14.449532Z",185,73.04599999999999,"转述情绪表达在和解中的功能，中性报告研究发现","Empirical studies have documented the importance of organizational signals of inclusion for employees with marginalized identities (e.g., Apfelbaum et al., 2016; Hall et al., 2018; Kaiser et al., 2013; Purdie-Vaughns et al., 2008).","T0109","2026-07-16T07:26:52.119482Z"
53,"1","1","1","2026-07-15T11:57:53.210224Z",186,35.463,"转述加工阶段需考虑从属细节的研究结论，中性语气","First, their correlation with intelligence is generally either low or non-existent (Stanovich, 2009; Stanovich & West, 2008, 2014; Stanovich, West, & Toplak, 2013, 2016).","T0110","2026-07-16T07:27:11.105465Z"
54,"1","1","1","2026-07-15T11:58:15.169877Z",187,30.668,"	 ""may be due to""为谨慎暗示，转述量表缺乏不变性的可能原因","For example, positive emotions enhance productivity (Ifcher and Zarghamee, 2011), loss aversion (Isen, Nygren and Ashby, l988), and cognitive flexibility (Isen, 2008).","T0111","2026-07-16T07:27:29.372991Z"
55,"1","1","0","2026-07-15T11:58:39.133478Z",188,35.067,"""can increase abstract construal...a more critical, careful analysis""为中性报告阅读流畅性效应","Whites may attempt to avoid interracial interactions altogether (Plant & Devine, 2003) or increase the physical distance between themselves and their non-White partners (Goff et al., 2008; Stern & West, 2014).","T0112","2026-07-16T07:27:44.892083Z"
56,"1","1","1","2026-07-15T11:58:51.053557Z",189,27.859,"""have been supported in experimental, longitudinal and cross-sectional research""为中性报告SES理论的支持证据","When speakers name pictures in homogeneous and heterogeneous trial blocks (Task 1) and manually respond to arrows or tones (Task 2), phonological encoding for word production delays the manual responses to the arrows (Roelofs, 2008a; Experiments 1–3) but not to the tones (Experiment 4).","T0113","2026-07-16T07:28:02.717347Z"
57,"1","1","0.75","2026-07-15T11:59:09.355470Z",190,39.256,"""claims that rhythm is a type of information readily processed and retained in short-term memory""为中性报告研究主张","Findings from previous studies indicate that the degree of in-group bias is positively correlated with the salience of group identity (e.g. Mullen et al., 1992; Eckel and Grossman, 2005; Charness et al., 2007; Rand et al., 2009; Chen and Chen, 2011; Shayo and Zussman, 2011).","T0114","2026-07-16T07:28:28.935698Z"
58,"1","1","1","2026-07-15T11:59:27.769033Z",191,32.612,"""empirically demonstrated that individuals’ understanding of time is shaped by a metaphorical mapping""为肯定语气","Tversky and Kahneman (1973) established that decision-making under uncertainty is driven by the availability of recent examples rather than by systematic evaluation of historical outcomes.","T0115","2026-07-16T07:28:45.307688Z"
59,"1","1","0.5","2026-07-15T11:59:44.023169Z",192,45.594,"描述在线会议疲劳的现象，未转述先前研究的具体结论","Studies have found that negotiators concede to angry ex-pressers [11], [28], suggesting that anger encodes high limits.","T0116","2026-07-16T07:29:16.613236Z"
60,"1","1","0.75","2026-07-15T11:59:58.344199Z",193,28.924,"""done much to establish that the responses it measures vis-à-vis the primes are unintentional""为中性报告AMP的测量特性","Together, these results clearly demonstrate that it is not the case that PC effects are unobservable when those factors are controlled for (Schmidt, 2013b; Schmidt & Besner, 2008).","T0117","2026-07-16T07:29:34.092869Z"
61,"1","0","","2026-07-15T12:00:14.959235Z",194,71.287,"""the pooling of local features to obtain statistical information could be achieved, resulting in better performance""为中性报告统计信息加工特征","A third explanation is based on the temporal self-appraisal theory (TSA; Wilson and Ross, 2001; Ross and Wilson, 2002) that people evaluate their past self in a way that serves the self-enhancement motive.","T0118","2026-07-16T07:30:30.940523Z"
62,"1","1","0.5","2026-07-15T12:00:32.538662Z",195,11.336,"""found that forgetting can be repeatedly induced and eliminated""为中性报告遗忘的可塑性特征","In one study, Demany et al. (2008) suggested that there may be an auditory equivalent of iconic memory, a high-capacity auditory memory storing raw spectral information.","T0119","2026-07-15T12:00:32.538677Z"
63,"1","1","1","2026-07-15T12:00:46.761854Z",196,28.239,"""might map better onto explicit evaluations given their similarity in structure""为谨慎暗示，转述信任博弈与明确评价的潜在关联","Consumers who rate high in need for cognition expend more cognitive effort and recall more about messages than those who score low in need for cognition (Cacioppo et al., 1983).","T0120","2026-07-16T07:31:15.855075Z"
64,"1","1","1","2026-07-15T12:00:59.429618Z",197,37.585,"""found that personality questionnaires may be challenging to comprehend for youths""为肯定语气","It is now well established that varying the proportion of congruent and incongruent trials encountered over the course of an experiment influences performance in interference tasks (Jacoby et al., 2003; Logan & Zbrodoff, 1979; Schmidt & Besner, 2008).","T0121","2026-07-16T07:31:42.370179Z"
65,"1","1","0.5","2026-07-15T12:01:11.789707Z",198,36.677,"""show that individuals with depleted self-regulatory resources engage in more confirmatory information processing""为肯定语气（与T0006标注一致）","However, older adults’ episodic future thoughts have been found to be less detailed and specific compared with their younger counterparts (Addis et al., 2008).","T0122","2026-07-16T07:32:11.869405Z"
66,"1","1","1","2026-07-15T12:01:29.355208Z",199,30.334,"""has been observed only with spaced repetitions""为中性报告序列强度效应的发生条件","Consistent with existing literature, clothing style plays an important role in the perception of sexual intent (Abbey et al., 1987; Farris et al., 2008).","T0123","2026-07-16T07:32:32.879858Z"
67,"1","1","1","2026-07-15T12:01:37.320977Z",200,22.930999999999997,"	 公式推导，不属于经验研究结论转述","Furthermore, people are sometimes motivated to increase unpleasant emotions (e.g., Tamir & Ford, 2009; Tamir et al., 2008).","T0124","2026-07-16T07:32:50.160230Z"
68,"1","1","1","2026-07-15T12:01:48.859418Z",201,26.665,"""response latency is longer at the beginning of groups""为中性报告组块启动的反应时特征","It is well established that initial and final stimuli are represented better in memory then those in between (Monsell, 1978; Oberauer, 2008; Ratcliff & Murdock, 1976).","T0125","2026-07-16T07:33:10.068242Z"
69,"1","1","0.5","2026-07-15T12:02:00.526064Z",202,9.754,"""global visual processing is thought to enable radiologists to sense the possible abnormality""为中性报告放射科医生的整体加工优势","Indeed, previous research suggests that manipulating psychological distance metacognitively could accomplish this (Alter & Oppenheimer, 2008).","T0126","2026-07-15T12:02:00.526081Z"
70,"1","0","","2026-07-15T12:02:10.835243Z",203,26.292,"""'dual learning' of both the correct responses and errors may occur in Hebb repetition tasks""为谨慎暗示，转述Hebb重复任务的潜在学习机制","To promote gender equality in science, it is important that the media ’ s portrayal of women in STEM serves as a counter-stereotype to the notion that women are ill-ﬁ tted for STEM ﬁ elds (e.g., Carli et al., 2016; Leslie et al., 2015; Nosek et al., 2002).","T0127","2026-07-16T07:33:42.644264Z"
71,"1","1","1","2026-07-15T12:02:27.924198Z",204,28.715,"	 同T0021/T021，直接报告基线和处理组的捐赠率结果，中性语气","They concentrate on just one attribute (e.g. the lowest price), use only partial information, succumb to the dominance effect, or simply preserve the status quo and do not make a selection (Masicampo & Baumeister, 2008).","T0128","2026-07-16T07:33:59.694527Z"
72,"1","1","0.5","2026-07-15T12:02:37.426755Z",205,8.528,"""examined visual attention to Black faces with either happy or neutral expressions""为中性报告研究内容，隐含关注外动机对注意的影响结论","According to the extended contact hypothesis learning that an ingroup member has a close relationship with an outgroup member can vicariously improve one’s own attitudes towards the outgroup (Wright, IMAGINED CONTACT 191 Aron, McLaughlin-Volpe, & Ropp, 1997).","T0129","2026-07-15T12:02:37.426771Z"
73,"1","1","0.75","2026-07-15T12:02:53.002690Z",206,24.677,"同T0026/T026，中性报告道德净化模式下高管的注意偏向","Ample research has already shown that when people are in a more deliberative mindset, they show very different judgment and decision-making processes (e.g. Frederick, 2005; Stanovich & West, 2000, 2008).","T0130","2026-07-16T07:34:34.299212Z"
74,"1","1","0.5","2026-07-15T12:03:13.785853Z",207,16.013,"""can expose the degree of attraction towards an option which was not eventually chosen""为中性报告手部/鼠标轨迹的行为学意义","For example, a previous study argued that it takes less attention to perceive statistical properties [6], and another study made a more explicit claim that it is “cost-free” to perceive the statistical summary of stimuli that are out of attentional focus [8].","T0131","2026-07-15T12:03:13.785870Z"
75,"1","0","","2026-07-15T12:03:25.068684Z",208,29.811999999999998,"	 ""may have been similarly and increasingly struck by the powerful cues""为谨慎暗示，转述毕业前的情境线索影响","Lei et al. [2001] achieve a similar purpose by preventing subjects from reselling their assets.","T0132","2026-07-16T07:35:09.835979Z"
76,"1","1","1","2026-07-15T12:03:49.267748Z",209,47.18600000000001,"	 ""learning goals tend to make people partner-focused...whereas performance goals tend to produce self-focus""为中性报告不同目标的互动差异","Furthermore, extraversion and agreeableness showed a balanced percentage of participants with lower and higher values for the RC indices, but conscientiousness presented the largest difference (more than a 30% decrease and less than a 2% increase).","T0133","2026-07-16T07:35:36.748351Z"
77,"1","1","0.75","2026-07-15T12:04:04.939012Z",210,32.283,"""yield phonological facilitation effects on naming target pictures""为中性报告语境图片的音韵促进效应","Vuilleumier, Schwartz, Duhoux, Dolan, and Driver (2005) and Butler and Klein (2009) found evidence of pure implicit memory using a rapid serial visual presentation (RSVP) procedure at encoding.","T0134","2026-07-16T07:35:55.638274Z"
78,"1","1","1","2026-07-15T12:04:15.585888Z",211,25.774,"""selecting specific means is the hallmark of general goals""为中性报告一般目标的特征","Nondominant groups experience threats to power and status, whereas dominant groups experience threats to moral identity (Shnabel & Nadler, 2008).","T0135","2026-07-16T07:36:13.307318Z"
79,"1","0","","2026-07-15T12:04:23.139379Z",212,22.012,"	 ""The priming effect was not statistically significant and in the opposite direction""为中性报告启动效应的复制失败结果","People may be thinking about TIME as SPACE when talking about pushing long meetings back.","T0136","2026-07-16T07:36:29.872569Z"
80,"1","1","1","2026-07-15T12:04:33.660067Z",213,28.921,"	 ""led to higher levels of arousal, which in turn reduced perceived temporal distance""为中性报告红色""会议""词的启动效应","This is because more distant (closer) stimuli cause people to have higher (lower) levels of construal, regardless of whether the psychological distance is physical, temporal, social, or probabilistic (Alter and Oppenheimer 2008; Trope, Liberman, and Wakslak 2007).","T0137","2026-07-16T07:36:50.337965Z"
81,"1","1","0.75","2026-07-15T12:04:40.737993Z",214,42.525999999999996,"法语内容：""信息可以被系统整合并加工，独立于其产生方式""，为中性报告研究结论","Relatedly, Farrell (2008) recently reported an isolation effect in forward serial recall in one experiment (but not in another similar one) in which people had to explicitly group the list on some trials and had to recall the timing of input items (rather than their identity) on some other trials.","T0138","2026-07-16T07:37:28.064076Z"
82,"1","1","0.75","2026-07-15T12:04:48.328828Z",215,41.940999999999995,"	 ""intention deactivation failures are a relatively direct indication of how individuals balance the trade-off""为中性报告意向去激活失败的指标意义","There also exists strong evidence for the measure’s predictive validity because it predicts judgment and behavioral outcomes above and beyond self-report measures (Payne et al., 2008, 2009; Payne, McClernon, & Dobbins, 2007).","T0139","2026-07-16T07:38:04.221789Z"
83,"1","1","0.75","2026-07-15T12:05:05.858500Z",216,37.989,"""found that the first decision affects the second one and that if an individual chooses a male the first time, they prefer to choose a female when making the second decision""为中性报告连续招聘决策的补偿效应","Chen and Chen (2011) show that ingroup identification influences equilibrium selection in minimum-effort games.","T0140","2026-07-16T07:38:30.991001Z"
84,"1","1","0.5","2026-07-15T12:05:13.770624Z",217,27.556,"	 ""may increase""为试探性语气，转述买方支付意愿的潜在变化","Previous studies have posited that this domain would cover the facets most bound by psychological maturity in youth (Mervielde, Buyst, & De Fruyt, 1995; Soto et al., 2008).","T0141","2026-07-16T07:38:52.999529Z"
85,"1","1","1","2026-07-15T12:05:23.684417Z",218,21.354999999999997,"	 ""these effects are not limited to humans...can be mitigated by improving self-control or increasing blood glucose""为中性报告自我控制的跨物种普遍性及调节因素","Individuals with exhausted mental resources experience greater difﬁ-culty with deliberation and rule-based analyses (DeWall, et al., 2008; Masicampo & Baumeister, 2008).","T0142","2026-07-16T07:39:11.458020Z"
86,"1","1","1","2026-07-15T12:05:38.890509Z",219,29.311999999999998,"	 ""point out that people seem to be loss averse around their expected outcomes""为中性报告预期依赖的损失厌恶特征","Third, the probability of explosion in the classic BART increases with each successful pump (Pleskac, 2008).","T0143","2026-07-16T07:39:29.867008Z"
87,"1","1","0.75","2026-07-15T12:05:50.493143Z",220,32.176,"""several interventions are effective in reducing intergroup biases""为中性报告群际偏见干预的有效性","On the contrary, there is ample evidence to show that even effortful, persistent, and highly conscious and controlled attempts to solve logical problems can produce strong biases (Fiedler, 2008; Le Mens & Denrell, 2011) of the same type as the classical heuristics (e.","T0144","2026-07-16T07:39:52.904497Z"
88,"1","1","1","2026-07-15T12:05:57.882966Z",221,26.203000000000003,"	 ""has been suggested that mechanisms related to monitoring and goal maintenance might underpin""为谨慎暗示，转述双语者注意优势的潜在机制","That is, semantically unrelated targets elicited the spatial interference effect (Bergen et al., 2007; Estes et al., 2008; Gozli et al., 2013; Richardson et al., 2003; Verges & Duffy, 2009).","T0145","2026-07-16T07:40:14.114800Z"
89,"1","1","0.75","2026-07-15T12:06:08.177790Z",222,21.393,"""provides further indication that decision making might not be its own a single, clear-cut phase""为谨慎暗示，转述决策与执行的连续性特征","A study 14 indicated that by providing a timespan between two estimates (e.g. 2 weeks), people can exploit the wisdom of the inner crowd.","T0146","2026-07-16T07:40:30.121180Z"
90,"1","0","","2026-07-15T12:06:17.898365Z",223,52.836,"	 ""who showed that people employ spatial metaphors to represent time both cognitively and linguistically""为肯定语气","Rugg, 1941; Schwarz et al, 1985), we know that question wording and response format affect responses even within one mode; for an overview, see Sudman et al (1974). Therefore, changing the question format when changing mode may add to the net effect of mode and result in considerable overall differences between modes in mixed mode surveys (cf.","T0147","2026-07-16T07:41:15.300825Z"
91,"1","1","1","2026-07-15T12:06:28.866211Z",224,26.884999999999998,"	 ""judgments may be formed not only on the basis of content information, but also on the basis of the ease or difficulty associated with the retrieval of information""为中性报告可得性启发式与提取流畅性的判断依据","Gill and Prowse (2016) find a negative association between neuroticism and performance in a repeated p-beauty contest game, Al-Ubaydli et al.","T0148","2026-07-16T07:41:36.134836Z"
92,"1","1","0.5","2026-07-15T12:06:39.309581Z",225,6.863,"""argued that the perceived prestige of authors plays a role in how statements are assessed""为中性报告作者声望对观点评估的影响","However, recent studies have cast doubt on the validity of this dissimilar immunity finding (Farrell, 2006; Farrell & Lewandowsky, 2003; Lewandowsky & Farrell, 2008a).","T0149","2026-07-15T12:06:39.309605Z"
93,"1","1","0.5","2026-07-15T12:06:49.799639Z",226,9.645,"	 ""mispricing is caused by subjects’ confusion about the declining fundamental value""为中性报告资产错误定价的成因","On the other hand, as with White third-party observers, studies of moral attribution and licensing suggest that Black people may perceive this behavior as honest criticism meant to help not harm the group and thus may reward the candidate (Monin and Miller 2001).","T0150","2026-07-15T12:06:49.799655Z"
94,"1","1","0.5","2026-07-15T12:06:58.037652Z",227,6.262,"""reduce persistence and effort when they serve to excuse failure""为中性报告上行反事实思维的功能","First, counterparts’ emotions may evoke reciprocal or complementary emotions (Friedman et al., 2004; Van Dijk et al., 2008; Van Kleef, De Dreu, & Manstead, 2004) that influence deception directly and indirectly.","T0151","2026-07-15T12:06:58.037669Z"
95,"1","1","0.5","2026-07-15T12:07:07.078126Z",228,7.887,"	 ""were able to analyse response latencies, the latter being characterised by a shape similar to what is usually reported""为中性报告言语领域 transposition梯度的反应时特征","Victims also experience adverse events as threats to their social status and power (Shnabel and Nadler 2008).","T0152","2026-07-15T12:07:07.078146Z"
96,"1","1","0.5","2026-07-15T12:07:14.454737Z",229,5.719,"	 ""the term many meant a quite different number for near and distant neighbors""为中性报告邻近/远距离邻居的数量词理解差异","Thus, these results strongly suggest that serial order is represented with absolute positional codes and support event-based theories of serial order (Henson, 1998; Lewandowsky & Farrell, 2008).","T0153","2026-07-15T12:07:14.454756Z"
97,"1","0","","2026-07-15T12:07:25.107813Z",230,32.478,"	 ""involves the feeling of bittersweet mixed affect that arises upon the recognition that a meaningful experience is ending""为中性报告poignancy情绪的核心特征","In Dulleck et al. (2011) – the study on the impact of liability and verifiability on the performance of credence goods markets – we also had an experimental condition where sellers were identifiable for buyers, allowing the latter to keep track of their experiences with a given seller.","T0154","2026-07-16T07:43:25.971843Z"
98,"1","1","1","2026-07-15T12:07:35.506392Z",231,7.505,"	 ""It is well known that information asymmetries present in credence goods markets lead to inefficiencies""为公认论断，无限定修饰","In this respect, it also relates to findings that decision makers ascribe non-pecuniary value to possessing control or power, which has only recently gained attention in economics (Fehr et al., 2013; Bartling et al., 2014).","T0155","2026-07-15T12:07:35.506403Z"
99,"1","1","0.75","2026-07-15T12:07:45.859033Z",232,7.556,"	 ""have shown that those with higher need for cognition put more cognitive effort into tasks""为肯定语气","For instance, evidence shows that individuals can be loss averse regarding items they own or expect to eceive (Kahneman et al., 1990; Ericson and Fuster, 2011).","T0156","2026-07-15T12:07:45.859049Z"
100,"1","1","1","2026-07-15T12:07:55.365796Z",233,24.451,"""interventions that restore depleted resources also improve System 2 processing""为中性报告资源恢复对系统2加工的促进作用","An additional explanation is that the retrocue works by reducing probe interference – specifically, focusing attention on a critical item during the maintenance period helps to solidify memory for that item, which makes it more resistant to interference from the probe array (Makovski et al., 2008).","T0157","2026-07-16T07:44:22.251307Z"
101,"1","1","0.75","2026-07-15T12:08:11.685473Z",234,9.701,"""provide survey evidence that low (but above minimum) wage workers are more likely to oppose minimum wage increases""为肯定语气","These findings are attributed to the depletion of glucose by both tasks, resulting in a shortage of resources to complete both of them efficiently (see e.g. Gaillot et al., 2007; Masicampo and Baumeister, 2008).","T0158","2026-07-15T12:08:11.685491Z"
102,"1","1","0.75","2026-07-15T12:08:20.791124Z",235,33.238,"	 ""novelty seeking is strongly associated with extraversion""为中性报告新奇寻求与外向性的关联","Schwarz et al. (1985) show that respondents gain information about the researcher’s expectations using numerical labels as frames of reference.","T0159","2026-07-16T07:45:06.469925Z"
103,"1","1","0.5","2026-07-15T12:08:28.287288Z",236,30.610999999999997,"	 ""their estimates are overly close to the first number""为肯定语气，报告锚定效应的经典结果","What Study 1 suggests, especially when combined with similar results from several earlier studies (Exline et al., 2008; Exline & Zell, 2009), is that a simple prime of relational or empathic motives does not seem sufficient to increase women’s forgiveness.","T0160","2026-07-16T07:45:31.580259Z"
104,"1","1","0.75","2026-07-15T12:08:50.600148Z",237,60.965,"	 ""suggests that the beneficial effects...might also be mediated by changes in respective attitude strength""为谨慎暗示，转述实施心态对任务表现的潜在中介机制","In addition, a recent study [19] found that items in fragile VSTM are not stored in a retinotopic way, but in a spatiotopic way.","T0161","2026-07-16T07:46:18.277457Z"
105,"1","1","0.5","2026-07-15T12:09:07.631325Z",238,10.372,"	 ""individuals readily recognize, identify, and distinguish such an expression of pride as a signal of social superiority""为中性报告骄傲表情的社会信号功能",", research seems to support the view that bilingualism positively influences mechanisms of cognition in terms of mental flexibility (Colzato et al. 2008; Prior & MacWhinney 2010), executive control (Costa et al.","T0162","2026-07-15T12:09:07.631344Z"
106,"1","1","0.5","2026-07-15T12:09:16.941486Z",239,27.404,"同T0048/T018，介绍概念隐喻的结构特征，非经验研究发现","These predictions were supported by the current data and are therefore compatible with the Jacoby et al. (2003) view that both item-specific control and contingency learning mechanisms play a role in ISPC effects, and are incompatible with a pure contingency account (Schmidt & Besner, 2008).","T0163","2026-07-16T07:47:00.956216Z"
107,"1","1","0.5","2026-07-15T12:09:24.808888Z",240,6.969,"	 ""it has been shown that interleaving of trials can facilitate learning""为中性报告交错学习的优势","For instance, after having expressed their disagreement with racist comments or after having expressed a preference to vote for the first Black U.S. President Barack Obama, people were more likely to endorse a White person for the job (Effron et al., 2009; Monin & Miller, 2001).","T0164","2026-07-15T12:09:24.808906Z"
108,"1","1","0.5","2026-07-15T12:09:33.529049Z",241,26.863,"介绍CRT和Whiteness分析的理论视角，非具体经验研究结论","If they stay below this threshold, they may facilitate lexical selection because they boost the activation of the picture name through spreading activation via the conceptual network (Roelofs, 2008c).","T0165","2026-07-16T07:47:46.647616Z"
109,"1","1","1","2026-07-15T12:09:41.713563Z",242,27.529,"	 ""assuming a metaphorical mapping view""为中性报告时间-空间隐喻的理论框架","Nevertheless, Husnu and Crisp (2010a) recently used an enhanced version of these instructions, reporting that it boosted the effects of imagined contact on subsequent attitudes.","T0166","2026-07-16T07:48:08.404164Z"
110,"1","1","0.75","2026-07-15T12:09:50.200205Z",243,25.819000000000003,"	 ""appears to be involved in monitoring conflicts between intended and actual responses""为中性报告ACC的冲突监测功能","Research has shown that securely attached individuals exaggerate perceived regard from their romantic partner following mortality salience, and anxiousambivalent individuals exaggerate perceived regard from their parents (Cox et al., 2008).","T0167","2026-07-16T07:48:28.589911Z"
111,"1","1","0.75","2026-07-15T12:09:59.328285Z",244,34.499,"	 ""has also been found to influence trust behavior in an economic trust game""为中性报告物理温度对信任行为的影响","This alternative hypothesis is in line with recent work by Masicampo and Baumeister (2008), which showed that decision biases can be induced by depleting cognitive resources.","T0168","2026-07-16T07:48:55.607933Z"
112,"1","1","0.5","2026-07-15T12:10:16.911052Z",245,35.849,"	 ""has been suggested that retrocued items are protected from visual interference""为谨慎暗示，转述回溯线索的潜在保护机制","Contrary to intuition (but in accordance to the theoretical analysis we develop below) subjects tend to punish more when information becomes more noisy (Grechenig, Nicklisch, & Thöni, 2010; Ambrus & Greiner, 2012).3 All three problems are closely related.","T0169","2026-07-16T07:49:15.499915Z"
113,"1","1","0.75","2026-07-15T12:10:25.441418Z",246,19.472,"	 ""why we can say that a deadline is approaching""为中性报告时间-空间隐喻的语言实证证据","Dai, Wertenbroch, and Brendl (2008) recently demonstrated that the link between scarcity and value is so overlearned that its converse also holds.","T0170","2026-07-16T07:49:40.559830Z"
114,"1","1","0.75","2026-07-15T12:10:32.020167Z",247,19.031,"	 ""has been found previously that older adults would rate their future simulations as more emotionally arousing""为中性报告老化对未来模拟情绪唤醒度的影响","Perhaps the ease with which the brand name is processed leads to a biased judgment (Tversky & Kahneman, 1973).","T0171","2026-07-16T07:49:55.765228Z"
115,"1","1","0.5","2026-07-15T12:10:37.911475Z",248,25.592,"""participants may be retrieving the response that was most frequently associated with the irrelevant dimension""为谨慎暗示，转述Flanker任务中的潜在反应提取机制","Another possible explanation is that this effect could be the consequence of resource allocation competition, as the two tasks were concurrently performed (see Baddeley et al., 2001; Liefooghe et al., 2008).","T0172","2026-07-16T07:50:17.672013Z"
116,"1","0","","2026-07-15T12:11:01.033344Z",249,46.588,"	 ""can lead them to offer less help to others, solicit less help from others""为中性报告金钱启动的亲社会行为抑制效应","Under this interpretation, our work not only provides support for Fehr, Herz, and Wilkening (2013), albeit in a different setting, but also offers behavioral explanations for this apparent desire to retain authority over decision-making.","T0173","2026-07-16T07:50:45.379823Z"
117,"1","1","0.5","2026-07-15T12:11:17.035822Z",250,13.2,"	 ""this study reveals that both definitely lived and indefinitely lived markets have price convergences""为中性报告不同市场类型的定价收敛特征","Framing theory argues that communicators shape interpretation by selecting and emphasizing particular aspects of reality (Ent-man et al., 1993), while decision-framing studies show that equivalent descriptions can systematically alter judgments (Tversky and Kahneman, 1981).","T0174","2026-07-15T12:11:17.035844Z"
118,"1","1","0.75","2026-07-15T12:11:29.367310Z",251,31.497,"""when individuals are asked to think about their past selves in an unfavorable light, they attempt to psychologically distance their current selves""为中性报告负面过去自我的心理距离调节策略","Specifically, Ifcher and Zarghamee (2011) demonstrated that mild positive affect significantly reduced impulsivity in intertemporal choice.","T0175","2026-07-16T07:51:35.222949Z"
119,"1","1","0.5","2026-07-15T12:11:36.249970Z",252,6.033,"	 ""we find that the opposite occurs for future events""为中性报告动机对未来事件时间距离的反向影响","This may imply that the level of acceptance of dynamic pricing by consumers might differ depending on the extent to which they perceive the product as being essential (Cacioppo, Petty and Morris, 1983).","T0176","2026-07-15T12:11:36.249993Z"
120,"1","1","0.5","2026-07-15T12:11:43.207608Z",253,6.167,"	 ""rely less heavily on ease of processing as a cue to assess future memory performance""为中性报告元记忆判断的依据差异","Following one’s own wrongdoing, we argue, there is a twin threat to one’s social acceptance by valued others and to one’s own sense of moral self-integrity (Shnabel & Nadler, 2008).","T0177","2026-07-15T12:11:43.207626Z"
121,"1","1","1","2026-07-15T12:11:54.185771Z",254,24.383000000000003,"	 ""more changes can be detected when using a partial-report paradigm""为中性报告部分报告范式对变化检测的提升效应","Importantly, non-stereotyped group members also commonly experience threat responses during interactions with negatively stereotyped others, particularly when they first meet (e.g., Blascovich et al. 2001, Goff et al. 2008).","T0178","2026-07-16T07:52:30.681071Z"
122,"1","1","0.5","2026-07-15T12:12:03.986816Z",255,25.073,"	 ""individuals may prefer to experience emotions such as anger or anxiety to enhance their performance""为谨慎暗示，转述情绪的工具性功能","Thus, although elaboration can be a useful tool in experimental imagined contact research (Husnu & Crisp, 2010), it may be less central in everyday intergroup situations.","T0179","2026-07-16T07:52:50.320250Z"
123,"1","1","1","2026-07-15T12:12:19.545546Z",256,36.166,"	 ""there is a high variability in the acquiescent responding among younger study participants""为中性报告年轻被试的默认应答偏差特征",", excitement), and instead choose to listen to music that will increase their anger (Tamir et al., 2008).","T0180","2026-07-16T07:53:12.589728Z"
124,"1","1","0.75","2026-07-15T12:12:28.413910Z",257,24.857999999999997,"	 ""these positional representations are assumed to be multidimensional in nature""为中性报告位置表征的多维性假设","Although the concept of time can be grasped with relative difficulty because of the lack of a dedicated sensory system, converging evidence indicates that time is often mapped onto the more concrete and experiencebased concept of space (see Boroditsky, 2000).","T0181","2026-07-16T07:53:31.735295Z"
125,"1","1","0.75","2026-07-15T12:12:38.475434Z",258,27.101,"	 ""manipulating the levels of proactive control...results in a contingency learning of specific colour-word associations""为中性报告主动性控制对 contingence学习的促进作用","Regarding the former, research on adults reveals that the physical distance between participants and members of an outgroup is indicative of participants’ attitudes toward the outgroup (Kawakami et al., 2007; Goff et al., 2008).","T0182","2026-07-16T07:53:53.052530Z"
126,"1","1","1","2026-07-15T12:12:47.073321Z",259,32.296,"	 同T0081/T0181，中性报告依恋关系的死亡焦虑缓冲作用","In an earlier contribution, Ambrus and Greiner (2012) find in a repeated public goods game that in a perfect monitoring environment, increasing the severity of the potential punishment monotonically increases efficiency, while with imperfect monitoring the relationship is U-shaped.","T0183","2026-07-16T07:54:18.825541Z"
127,"1","1","0.5","2026-07-15T12:12:56.765985Z",260,6.326,"""events are perceived to be temporally proximal when they are concrete""为中性报告事件具体性对时间距离的影响","Nevertheless, Kirchler et al. (2012); Huber and Kirchler (2012) argue that the nonfundamental outcomes in these experiments are due tomisunderstanding: subjects may be simply confused by the declining fundamental price.","T0184","2026-07-15T12:12:56.766000Z"
51,"1","1","0.5","2026-07-15T11:52:06.321042Z",261,1235.875,"本文作者自述结果，非先前研究发现","Today, recognition of the interpersonal function of emotions (e.g., Morris and Keltner 2002; Van Kleef, De Dreu, and Manstead 2004; Van Kleef et al. 2006; Van Dijk et al. 2008) suggests that expressions of guilt—conveying empathy, taking responsibility, and apologizing—can constructively influence the other side and accelerate reconciliation.","T0185","2026-07-16T07:55:01.945530Z"
128,"1","1","1","2026-07-15T12:13:08.472414Z",262,30.144000000000002,"""find that a back-of-queue policy produces results akin to having no penalty""为中性报告排队政策的等效性结果","Thus, the subordinate details associated with each specific unit must be considered, even independent of more abstract or global details at this stage (Förster et al., 2008).","T0186","2026-07-16T07:55:22.978265Z"
129,"1","1","0.5","2026-07-15T12:13:15.234884Z",263,5.868,"	 ""have been found to promote materialism""为中性报告金钱启动的物质主义效应","The absence of invariance in this scale may be due to the presence of extreme mean scores [86] for heterosexual, bisexual, and gay people.","T0187","2026-07-15T12:13:15.234900Z"
130,"1","1","0.75","2026-07-15T12:13:24.008494Z",264,24.103,"描述制度预期，非先前研究结论转述","Previous research has demonstrated that texts that are disfluent (difficult to read) can increase abstract construal of the text itself (Alter & Oppenheimer, 2008) and a more critical, careful analysis of its content (Song & Schwarz, 2008).","T0188","2026-07-16T07:55:59.781875Z"
131,"1","1","0.75","2026-07-15T12:13:33.675503Z",265,8.616,"	 ""find differences in antisocial punishment in public goods games across cities""为肯定语气","Predictions from SES theory have been supported in experimental, longitudinal and cross-sectional research (Ersner-Hershfield et al. 2008; Charles and Carstensen 2009).","T0189","2026-07-15T12:13:33.675521Z"
132,"1","1","0.5","2026-07-15T12:13:40.613870Z",266,40.929,"""may lead to a sense of strength and pride but could also arouse fears of isolation""为谨慎暗示，转述发声的双重潜在后果","Farrell (2008) also claims that rhythm is a type of information readily processed and retained in short-term memory.","T0190","2026-07-16T07:56:58.476013Z"
133,"1","1","0.75","2026-07-15T12:13:52.326350Z",267,33.968,"	 ""predict how far they sit away from minority group members during intergroup interactions""为中性报告偏见的预测效度","Moreover, Boroditsky (2000) empirically demonstrated that individuals’ understanding of time (abstract concept) is shaped by a metaphorical mapping that relies on spatial tropes (concrete metaphor).","T0191","2026-07-16T07:57:24.368460Z"
134,"1","1","0.5","2026-07-15T12:14:02.880202Z",268,9.708,"	 ""participants infer their likely placement in the distribution from their placement on the scale""为中性报告量表使用的推理逻辑","Task switching due to repair activities (e.g., trying to re-connect to the VC system, changing of window size or camera angle) create further mental load [102,103] that can contribute to fatigue, can also negatively impact the person’s impression.","T0192","2026-07-15T12:14:02.880231Z"
135,"1","1","1","2026-07-15T12:14:10.071002Z",269,40.400000000000006,"	 介绍实验资产市场的设计细节，未转述研究结论","Previous work on the construct validity of the AMP has thus done much to establish that the responses it measures vis-à-vis the primes are unintentional (Gawronski & Ye, 2014, 2015; Payne et al., 2008; Payne et al., 2013).","T0193","2026-07-16T07:58:17.120499Z"
136,"1","1","1","2026-07-15T12:14:16.724137Z",270,30.926000000000002,"	 同T0090/T021，说明控制变量的必要性，非转述研究结论","The study demonstrated that even though the local details were poorly represented and identified at chance levels, the pooling of local features to obtain statistical information could be achieved, resulting in better performance (Alvarez & Oliva, 2008).","T0194","2026-07-16T07:58:43.039429Z"
137,"1","1","1","2026-07-15T12:14:28.213418Z",271,25.394000000000002,"	 ""accounts for the bulk of variance in face impressions...portends a variety of downstream social consequences""为肯定语气","Kill-joy thinking correlates with reductions in well-being (Schwartz et al. 2002; Larsen and McKibban 2008; Polman 2010).","T0195","2026-07-16T07:59:00.945632Z"
138,"1","1","1","2026-07-15T12:14:42.315167Z",272,42.483000000000004,"	 ""has been empirically supported""为中性报告隐喻单向性的证据","In fact, Storm et al. (2008) found that forgetting can be repeatedly induced and eliminated with successive retrieval practice and reexposure trials and that reexposure led to larger increments in the recall of Rp items than of Nrp items.","T0196","2026-07-16T07:59:33.270747Z"
139,"1","1","1","2026-07-15T12:14:50.850939Z",273,20.633000000000003,"	 ""significantly affects behavior in the repeated prisoner’s dilemma games""为中性报告愤怒对重复囚徒困境行为的影响","As a result, responses in the trust game might map better onto explicit evaluations given their similarity in structure and processing characteristics (Payne et al., 2008).","T0197","2026-07-16T07:59:48.263880Z"
140,"1","1","0.5","2026-07-15T12:15:00.097522Z",274,7.806,"	 ""Whites experience stereotype threat due to the fear of confirming the negative stereotype""为中性报告种族间互动中刻板印象威胁的触发机制","Soto et al. (2008) found that personality questionnaires may be challenging to comprehend for youths and therefore demonstrate problematic psychometric properties.","T0198","2026-07-15T12:15:00.097539Z"
141,"1","1","0.75","2026-07-15T12:15:08.873589Z",275,27.355999999999998,"	 同T0094/T0122，中性报告老化回忆的细节丢失特征","For example, Fischer et al. (2008) show that individuals with depleted self-regulatory resources engage in more confirmatory information processing, or preferencing information supporting pre-existing views, than non-depleted individuals.","T0199","2026-07-16T08:00:26.141882Z"
142,"1","1","0.75","2026-07-15T12:15:15.712922Z",276,26.413,"	 ""have been found to be a predictor in processing for both healthy and aphasic individuals""为中性报告语义联想的加工预测作用","A further twist to this story is that the list-strength effect has been observed only with spaced repetitions (Malmberg & Shiffrin, 2005; Sahakyan et al., 2008).","T0200","2026-07-16T08:00:47.904081Z"
143,"1","0","","2026-07-15T12:15:24.350513Z",277,34.854,"	 ""a retrocue providing valid information...led to faster and more accurate responses than uninformative neutral cue trials""为中性报告回溯线索的注意准备优势","Since n m is the inverse of market tightness, workers are offered almost the entire match surplus when market tightness becomes very high, but would be offered nothing when market tightness is very low if it were not for the second expression in equation (17).","T0201","2026-07-16T08:01:15.819635Z"
144,"1","1","1","2026-07-15T12:15:33.006487Z",278,36.013999999999996,"	 ""demonstrate that creating a deep sense of common identity can motivate people to exert more effort""为肯定语气",", 2002), and response latency is longer at the beginning of groups (Farrell, 2008; Maybery et al., 2002).","T0202","2026-07-16T08:01:47.003456Z"
145,"1","1","0.5","2026-07-15T12:15:42.250350Z",279,35.452,"	 介绍人格稳定性的研究方法，未转述具体研究结论","2,9 In the domain of medical image perception, global visual processing is thought to enable radiologists to sense the possible abnormality in medical images such as mammograms before localizing the focal signs of the abnormality (e.g., malignant lesions).","T0203","2026-07-16T08:02:15.020487Z"
146,"1","1","0.5","2026-07-15T12:15:52.897206Z",280,9.093,"	 ""mainly been found in samples with little education and in children or adolescents""为中性报告人格测量偏差的适用人群特征","One explanation is that ‘dual learning’ of both the correct responses and errors may occur in Hebb repetition tasks (Couture et al. (2008).","T0204","2026-07-15T12:15:52.897224Z"
147,"1","1","1","2026-07-15T12:16:03.867661Z",281,32.391000000000005,"	 ""people tend to be last-place averse, meaning teachers and administrators...may put increased effort into avoiding being categorized as failing""为中性报告最后一名厌恶的教育场景行为后果","This is comparable to Kessler and Roth (2012) where 36 percent register as a donor in the baseline treatment and 74 percent in the priority treatment.","T0205","2026-07-16T08:03:02.031664Z"
148,"1","0","","2026-07-15T12:16:11.185452Z",282,35.461,"	 ""all six bivariate interactions among the cues were unreliable and small in magnitude""为中性报告线索交互效应的零结果","Richeson and Trawalter (2008) examined visual attention to Black faces with either happy or neutral expressions among White people varying in their level of external motivation to respond without prejudice.","T0206","2026-07-16T08:03:32.572456Z"
149,"1","1","0.5","2026-07-15T12:16:20.590752Z",283,8.368,"	 ""corresponds with recent descriptions of a prototypical expression of pride that includes a ‘‘small smile’’""为中性报告骄傲表情的原型特征","Executives in the moral cleansing mode tend to direct their attention toward the interests and welfare of those who were harmed by their excessive pay (e.g., employees, shareholders, and society in general) (Carnevale & Gangloff, 2023; Shnabel & Nadler, 2008).","T0207","2026-07-15T12:16:20.590778Z"
150,"1","1","0.5","2026-07-15T12:16:27.623730Z",284,6.356,"	 ""NS is associated with impulsivity...HA reflects introversion and inhibition""为中性报告气质维度的核心特征","In particular, hand reaching or mouse cursor trajectories can expose the degree of attraction towards an option which was not eventually chosen, or vacillation experienced prior to making the final decision (Freeman et al., 2011; McKinstry et al., 2008; Resulaj et al., 2009; Spivey & Dale, 2006).","T0208","2026-07-15T12:16:27.623741Z"
151,"1","1","0.5","2026-07-15T12:16:44.242794Z",285,28.317,"	  ""to emphasize their professional identity contributed to coping with their sense of ambivalence""为中性报告职业认同的冲突应对作用","On the other hand, as graduation drew even nearer, all participants may have been similarly and increasingly struck by the powerful cues that accompany the end of a college career, such as picking up a cap and gown and taking final exams (Ersner-Hershfield et al., 2008).","T0209","2026-07-15T12:17:27.623146Z"
152,"1","1","0.5","2026-07-15T12:17:37.473135Z",286,103.172,"	 ""developed a reasoning theory suggesting that reasoning is a decision making operation""为谨慎暗示，转述Tversky和Kahneman的推理理论",", 2009); learning goals tend to make people partner-focused, which attenuates identity threat (Goff et al., 2008) and corresponds to increased positive other directed actions (Vorauer, Gagnon, & Sasaki, 2009), whereas performance goals tend to produce self-focus, which exacerbates identity threat and leads to more negative exchanges (Goff et al.","T0210","2026-07-16T08:06:39.754086Z"
153,"1","1","0.5","2026-07-15T12:17:59.373489Z",287,20.776,"	 ""found smaller IPL indices in participants who reported a high level of effort to avoid racial bias""为中性报告种族偏见调控的神经指标结果","Moreover, the discrete-ﬂow model is challenged by evidence that suggests that context pictures yield phonological facilitation effects on naming target pictures (Morsella & Miozzo, 2002; Navarette & Costa, 2005; Roelofs, 2008a).","T0211","2026-07-15T12:17:59.373500Z"
154,"1","1","1","2026-07-15T12:18:06.446797Z",288,29.229,"	 ""found that ingesting a glucose solution replenished selfcontrol capacity""为肯定语气","As general action and inaction goals can be satisfied by a wide variety of means, selecting specific means is the hallmark of general goals (see Albarracı́n et al., 2008).","T0212","2026-07-16T08:07:23.442921Z"
155,"1","0","","2026-07-15T12:18:19.048425Z",289,27.724,"	 ""provided the first empirical evidence of the efficacy of EEs in figural depth perception""为中性报告主观轮廓的深度知觉有效性证据","The priming effect was not statistically significant and in the opposite direction of the effect observed in the original study, t(154) 0.36, p .72 (Table 1, Figure 3).","T0213","2026-07-16T08:07:40.849339Z"
156,"1","0","","2026-07-15T12:18:26.362971Z",290,33.272,"	 ""forgiveness is more likely to be offered if the victim is able to empathize with the transgressor""为中性报告共情对宽恕的预测作用","Specifically, Experiment 1 showed that exposure to the word “meeting” in red (vs. black) font led to higher levels of arousal, which in turn reduced perceived temporal distance, aligning with the time-moving perspective whereby the event had been moved earlier to next Monday .","T0214","2026-07-16T08:08:08.803538Z"
157,"1","1","0.5","2026-07-15T12:18:36.116124Z",291,8.525,"	 ""higher perceived similarity of transgression causes higher tendency to understand and forgive""为中性报告冒犯相似性的宽恕促进效应","(*+0*)$%*,)4#'-.*)1*4&+)4$;/*44*) la fluence peut être intégrée et traitée par le système indépendamment de la manière avec laquelle elle est générée (Alter & Oppenheimer, 2009).","T0215","2026-07-15T12:18:36.116176Z"
158,"1","1","0.5","2026-07-15T12:18:43.593382Z",292,6.166,"	 ""Much research indicates that individuals’ default tendency is to activate a pre-existing attitude""为中性报告大量研究的共识结论","Accordingly, we assume that intention deactivation failures are a relatively direct indication of how individuals balance the trade-off between monitoring and shielding depending on the current task context (Goschke & Dreisbach, 2008).","T0216","2026-07-15T12:18:43.593398Z"
159,"1","1","1","2026-07-15T12:18:55.760325Z",293,28.904,"	 ""poor source memory can lead to increased interference in working memory...false recognition""为中性报告来源记忆不良的系列认知后果","By having gender bias individuals make two consecutive hiring decisions, Monin and Miller ( 2001 ) found that the first decision affects the second one and that if an individual chooses a male the first time, they prefer to choose a female when making the second decision.","T0217","2026-07-16T08:09:14.765108Z"
160,"1","1","0.5","2026-07-15T12:19:02.943409Z",294,6.464,"	 同T0108/T0107，中性报告声誉信息对欺诈行为的威慑效应","Relatedly, if a buyer expects a trade to go through, her willingness to pay for the good may increase (Ericson and Fuster, 2011).","T0218","2026-07-15T12:19:02.943421Z"
161,"1","1","1","2026-07-15T12:19:11.966165Z",295,30.889,"""the dualtask demands impaired individuation...while it had only negligible effects on ensemble-averaging""为肯定语气","Interestingly, these effects are not limited to humans [14–16], they increase after lesion of the medial orbitofrontal cortex in macaques [17], and they can be mitigated by improving self-control or increasing blood glucose [18].","T0219","2026-07-16T08:10:07.384886Z"
162,"1","1","0.5","2026-07-15T12:19:18.094808Z",296,20.747,"	 ""report that participants who are given high anchors provide higher estimates than those who are given low anchors""为肯定语气，锚定效应的经典结果","Based on that model, Ericson and Fuster (2011) [33] point out that that people seem to be loss averse around their expected outcomes, and that “expectation-based” loss aversion could compel agents to react to otherwise neutral actions.","T0220","2026-07-16T08:10:25.743556Z"
163,"1","1","0.75","2026-07-15T12:19:28.386659Z",297,23.969,"	 ""supported this connection between expectancy strength and the occurrence of inconsistency effects""为中性报告预期强度与不一致效应的关联","Past studies have shown that several interventions are effective in reducing intergroup biases, such as self-affirmation (Čehajić-Clancy et al., 2011), secure attachment (Saleem et al., 2015), and cognitive dissonance (Exline et al., 2008).","T0221","2026-07-16T08:10:44.336517Z"
164,"1","1","0.5","2026-07-15T12:19:41.007431Z",298,11.519,"	 ""individuals sometimes have negative attitudes toward activities associated with the opposite sex""为中性报告性别态度的刻板特征","Instead, it has been suggested that mechanisms related to monitoring and goal maintenance might underpin the bilinguals’ superior performance in attentional tasks (Colzato et al., 2008; Costa et al., 2009).","T0222","2026-07-15T12:19:41.007447Z"
165,"1","1","0.5","2026-07-15T12:19:51.639371Z",299,6.225,"	 ""people are more forgiving toward others who have harmed them if they see themselves as capable of committing a similar offense""为中性报告相似性的宽恕效应","Evidence of a 'pull' from competing response alternatives during a reaching task (McKinstry et al., 2008) provides further indication that decision making might not be its own a single, clear-cut phase, but operates, rather, in continuity with planning and execution.","T0223","2026-07-15T12:19:51.639389Z"
166,"1","1","0.75","2026-07-15T12:19:59.189698Z",300,6.505,"	 ""replicate the findings of Schwarz et al. (1985) that response scales are perceived as informative""为肯定语气","This theory is empirically supported by the work of Boroditsky (2000) who showed that people employ spatial metaphors to represent time both cognitively and linguistically, but not the other way around.","T0224","2026-07-15T12:19:59.189716Z"
167,"1","1","0.5","2026-07-15T12:20:08.113714Z",301,30.581,"""found that change detection performance declined as the number of pure tones...increased""为肯定语气","However, judgments may be formed not only on the basis of content information, but also on the basis of the ease or difficulty associated with the retrieval of information from memory (ease-of-retrieval; see Schwarz, 1998, 2004; Schwarz & Clore, 2007; Tversky & Kahneman, 1973).","T0225","2026-07-16T08:12:48.644206Z"
168,"1","1","0.5","2026-07-15T12:20:15.925974Z",302,6.85,"	 ""these effects...create a frame of mind that carries over to issues irrelevant to one’s immediate goal concern""为中性报告目标启动的溢出效应","A related explanation was proposed by Asch (1948): Based on the findings of Lorge and Curtiss (1936), Asch argued that the perceived prestige of authors plays a role in how statements are assessed.","T0226","2026-07-15T12:20:15.926008Z"
169,"1","1","1","2026-07-15T12:20:34.563963Z",303,29.951,"	 ""find that the combination of consumer choice, endogenous price-setting and public reporting...stimulated price competition and lowered market prices""为肯定语气","(1988), mispricing is caused by subjects’ confusion about the declining fundamental value of the asset (Huber and Kirchler, 2012; Kirchler et al., 2012).","T0227","2026-07-16T08:13:24.517230Z"
170,"1","1","1","2026-07-15T12:20:39.931417Z",304,22.548000000000002,"	 ""the phonological effect of context pictures in picture naming was present across the RT distribution""为中性报告语境图片音韵效应的全反应时分布特征","Conversely, upward counterfactual thoughts reduce persistence and effort when they serve to excuse failure (McCrea, 2008).","T0228","2026-07-16T08:13:43.834344Z"
171,"1","1","0.75","2026-07-15T12:20:49.232406Z",305,45.328,"	 ""the strong positive link between empathic perspective-taking and forgiveness""为中性报告共情视角采择与宽恕的稳定关联","We also replicated the typical transposition gradients and were able to analyse response latencies, the latter being characterised by a shape similar to what is usually reported in the verbal domain (Hurlstone et al., 2014; Lewandowsky & Farrell, 2008).","T0229","2026-07-16T08:14:24.212883Z"
172,"1","1","1","2026-07-15T12:20:56.344210Z",306,35.317,"	 ""Measures typically are not “process pure”, but rather capture multiple ways of combining, weighting, and transposing information""为中性报告心理测量的非纯净性特征","In the behavioral studies (Mirman, 2011; Mirman & Magnuson, 2008), the term many meant a quite different number for near and distant neighbors: For near neighbors, it was around four, but for distant neighbors it was over 200.","T0230","2026-07-16T08:14:54.630884Z"
173,"1","1","1","2026-07-15T12:21:06.336426Z",307,35.732,"	 ""the averaging gains due to error cancelation are likely to be larger for real crowds than for simulated “crowds within”""为中性报告真实群体与内部群体的智慧差异","Poignancy is a mixed affective state that is often labeled as being “moved” or “touched” (Zickfeld et al., 2019) and involves the feeling of bittersweet mixed affect that arises upon the recognition that a meaningful experience is ending or has ended (Ersner-Hershfield et al., 2008).","T0231","2026-07-16T08:15:22.490863Z"
174,"1","1","1","2026-07-15T12:21:13.916115Z",308,23.751,"""they remain highly accessible at the subconscious level, which automatically triggers a variety of symbolic defenses including relational strivings""为中性报告死亡提醒的无意识防御机制","It is well known that information asymmetries present in credence goods markets lead to inefficiencies (Dulleck et al., 2011).","T0232","2026-07-16T08:15:40.498402Z"
175,"1","1","0.75","2026-07-15T12:21:22.869136Z",309,32.168,"	 同T0127/T0128，中性报告决策偏差的典型特征","Cacioppo et al. (1983) have shown that those with higher need for cognition put more cognitive effort into tasks and, as a result, are better able to focus their attention on the most relevant information.","T0233","2026-07-16T08:16:05.446815Z"
176,"1","1","0.5","2026-07-15T12:21:30.628819Z",310,55.71,"	 ""she can very well change his beliefs and perceptions""为中性报告委托人信念传递的可能性","Additionally, interventions that restore depleted resources also improve System 2 processing (Masicampo & Baumeister, 2008), which suggests that caffeine may bolster executive control via increased System 2 processing.","T0234","2026-07-16T08:17:14.488828Z"
177,"1","1","0.75","2026-07-15T12:21:42.505416Z",311,42.385999999999996,"	 ""the less likely people may be to stray from the “safety” of the normative option""为谨慎暗示，转述决策重要性对规范选项选择的促进作用","Kuziemko et al. (2014) provide survey evidence that low (but above minimum) wage workers are more likely to oppose minimum wage increases.","T0235","2026-07-16T08:17:51.082845Z"
178,"1","1","0.75","2026-07-15T12:21:50.304007Z",312,20.447000000000003,"	 ""task demands and the units over which learning operates affects performance""为中性报告学习任务绩效的影响因素","And, De Fruyt had shown that novelty seeking is strongly associated with extraversion (De Fruyt et al., 2000), so that the results of both studies are in line.","T0236","2026-07-16T08:18:11.638057Z"
179,"1","1","1","2026-07-15T12:21:58.104326Z",313,25.349,"	 ""the impact of exchange rate appreciation on prices is significantly different from the impact of depreciation""为肯定语气","The finding is that when people estimate a number after being given another number, their estimates are overly close to the first number (Jacowitz & Kahneman, 1995).","T0237","2026-07-16T08:18:31.205120Z"
180,"1","1","0.5","2026-07-15T12:22:06.878990Z",314,7.938,"	 ""judgments of leadership potential are related to dominance""为中性报告领导力判断与支配性的稳定关联","Recent research by Henderson, de Liver, and Gollwitzer (2008) suggests that the beneficial effects of the implemental mindset on task performance might also be mediated by changes in respective attitude strength.","T0238","2026-07-15T12:22:06.879017Z"
181,"1","1","0.75","2026-07-15T12:22:17.421263Z",315,30.266,"	 ""some studies did not find initial attitudes to play any role...whereas other studies yielded seemingly opposite results""为中性报告道德许可效应的异质性结果","Prior research has shown that individuals readily recognize, identify, and distinguish such an expression of pride as a signal of social superiority (e.g., Cheng, 2013; Lang & Crusius, 2015; McFerran, Aquino, & Tracey, 2014; Tracey & Robins, 2008).","T0239","2026-07-16T08:19:13.411700Z"
182,"1","1","0.5","2026-07-15T12:22:24.764256Z",316,28.978,"	 介绍理性预期假设的局限性，非具体经验研究结论","A conceptual metaphor mapping is typically unidirectional [40] and moves from a concrete or physical source to a more abstract target [9,24,40] (Fig.","T0240","2026-07-16T08:19:36.998009Z"
183,"1","1","0.5","2026-07-15T12:22:33.509083Z",317,7.727,"	 同T0130/T0117，中性报告审慎思维对判断决策的差异影响","This finding was surprising as it has been shown that interleaving of trials can facilitate learning versus blocking of trials in many different types of category learning (see Rohrer, 2012 for a review) but also in perceptual learning (Mitchell et al., 2008; Wang and Mitchell, 2011).","T0241","2026-07-15T12:22:33.509101Z"
184,"1","1","1","2026-07-15T12:22:46.252005Z",318,41.378,"	 ""higher levels of intrinsic motivation led to lower expression of prejudice""为中性报告内在动机与偏见的负向关联","Both CRT and Whiteness analyses signal the centrality of race as a constant motive by which numerous practices, polices, and legislation have been, and continue to be created, presented, and set forth.","T0242","2026-07-16T08:20:27.462260Z"
185,"1","1","1","2026-07-15T12:23:00.028452Z",319,28.306,"","According to the literature, the abstract concept of time is expressed in terms of a more concrete domain as space, assuming a metaphorical mapping view (Boroditsky, 2000; Lakoff & Johnson, 2003).","T0243","2026-07-16T08:20:48.029700Z"
186,"1","1","0.5","2026-07-15T12:23:07.475438Z",320,6.554,"	 ""while there may be facilitating conditions that improve its effectiveness, contact basically works""为中性报告群际接触假说的核心结论","The ACC appears to be involved in monitoring conflicts between intended and actual responses (Inzlicht & Gutsell, 2007).","T0244","2026-07-15T12:23:07.475456Z"
187,"1","1","1","2026-07-15T12:23:19.662659Z",321,33.997,"实验设计描述（牛奶摄入量与言语学习的关系），无明确研究结论转述","Physical temperature has also been found to influence trust behavior in an economic trust game (Kang et al., 2011), and as mentioned above, focusing on a target persons’ psychological warmth increases estimates of ambient room temperature (Szymkow et al., 2013).","T0245","2026-07-16T08:21:31.129080Z"
188,"1","1","0.5","2026-07-15T12:23:27.109338Z",322,6.574,"	 ""stereotypes are activated more in threatened than non-threatened individuals, evidence of stereotype activation is suggestive of stereotype threat""为中性报告刻板印象威胁的激活证据","It has been suggested that retrocued items are protected from visual interference (Makovski et al., 2008; Shepardson et al., 2018; Souza et al., 2016) and have a ‘head-start’ preparation for the response probe (Niklaus et al., 2019; Shepardson et al., 2018; Souza et al., 2016).","T0246","2026-07-15T12:23:27.109352Z"
189,"1","1","0.5","2026-07-15T12:23:35.595262Z",323,27.129,"	 ""'liability' is a quite robust institution in markets for credence goods""为肯定语气","For example, time is often conceptualised in terms of space, with the future ahead and the past behind us; this is why we can say that a deadline is approaching (Boroditsky, 2000).","T0247","2026-07-16T08:22:13.247632Z"
190,"1","1","0.75","2026-07-15T12:23:43.565558Z",324,30.324,"	 ""anger promotes aggressive behavior, it is a costly strategy...risks backfiring""为中性报告愤怒的社会功能代价","We also predicted that older adults would rate their future simulations as more emotionally arousing than younger adults, which has been found previously (e.g. Addis et al., 2008; Addis et al., 2010; Addis, Roberts, & Schacter, 2011).","T0248","2026-07-16T08:22:37.616831Z"
191,"1","1","0.5","2026-07-15T12:23:50.839937Z",325,37.576,"生理指标结果描述（色氨酸水平变化），无引用研究结论","For instance, participants may be retrieving the response that was most frequently associated with the irrelevant dimension (i.e., the flanking arrows in a flanker task) for a given stimulus in a particular location (cf. Schmidt & Besner, 2008).","T0249","2026-07-16T08:23:09.787066Z"
192,"1","1","0.5","2026-07-15T12:23:58.656671Z",326,33.324,"	 ""had hypothesised that the more people elaborate on their imagined interactions, the more favourable they will be toward the outgroup""为谨慎暗示（假设语气）","For example, simply cueing subjects in an experiment to think ofmoney can lead them to offer less help to others, solicit less help from others, engage in more solitary activities and accept greater inequality (Caruso et al., 2013; Vohs et al., 2006).","T0250","2026-07-16T08:23:37.473960Z"
193,"1","1","0.75","2026-07-15T12:24:08.482830Z",327,34.358000000000004,"	 ""the variance of acquiescence was larger for the younger cohort""为中性报告应答偏差的年龄差异特征","Combining results with Kirchler et al. (2012)(74), this study reveals that both de nitely lived and inde nitely lived markets have price convergences for an asset supported by a buy back value.","T0251","2026-07-16T08:24:04.254515Z"
194,"1","1","0.75","2026-07-15T12:24:20.392817Z",328,40.341,"	 ""modelling AC as a method factor and removing its effects seem to mitigate at least the poor fit to the expected model""为中性报告测量模型修正的效果","One explanation may be found in prior ﬁndings that indicate that when individuals are asked to think about their past selves in an unfavorable light, they attempt to psychologically distance their current selves from their past selves (Ross & Wilson, 2002).","T0252","2026-07-16T08:24:34.278468Z"
195,"1","1","0.75","2026-07-15T12:24:29.440729Z",329,40.056,"同T0138/T0189，中性报告系列回忆的隔离效应","Whereas motivation has been found to draw positive past events psychologically closer (Ross & Wilson, 2002), we find that the opposite occurs for future events.","T0253","2026-07-16T08:25:07.641904Z"
196,"1","1","1","2026-07-15T12:24:41.185153Z",330,44.75,"	 ""these types of questions are reliable measures of cognitive activity and priming an action goal enhances performance on these questions""为中性报告目标启动的测量效度","Therefore, they rely less heavily on ease of processing as a cue to assess future memory performance (cf. Alter & Oppenheimer, 2008).","T0254","2026-07-16T08:25:44.379352Z"
197,"1","1","0.5","2026-07-15T12:24:48.585823Z",331,6.165,"	 ""the level of trust one has for another person is the key determinant of one’s decision to connect with or self-protect""为中性报告信任对人际决策的核心作用","In the last few years, however, change detection research has shown that more changes can be detected when using a partial-report paradigm [12,13,14,15,16,17].","T0255","2026-07-15T12:24:48.585846Z"
198,"1","1","0.5","2026-07-15T12:24:56.182779Z",332,6.406,"""despite differing intercepts, participants tend to exhibit similar slopes across experimental conditions""为中性报告反应时的条件差异特征","For instance, individuals may prefer to experience emotions such as anger or anxiety to enhance their performance in certain tasks [59, 112].","T0256","2026-07-15T12:24:56.182796Z"
199,"1","1","0.75","2026-07-15T12:25:05.040227Z",333,40.803,"	 ""distinguishes individuals who characteristically engage in and enjoy effortful analytical activities from those who do not""为中性报告需要认知的概念界定","Finally, this research (Soto et al. 2008) has shown that there is a high variability in the acquiescent responding among younger study participants.","T0257","2026-07-16T08:26:54.959165Z"
200,"1","1","0.5","2026-07-15T12:25:12.106646Z",334,29.618000000000002,"	 介绍社交媒体态度研究的假设，非引用具体研究结论","Furthermore, these positional representations are assumed to be multidimensional in nature, with separate positional codes representing order over coarser and finer time scales (Brown et al., 2007, 2000; Burgess & Hitch, 1999; Farrell, 2012; Henson, 1998; Lewandowsky & Farrell, 2008).","T0258","2026-07-16T08:27:19.407792Z"
201,"1","1","0.5","2026-07-15T12:25:23.346815Z",335,10.2,"	 ""can increase cognitive depletion, as consumers must integrate heterogeneous information""为中性报告健康决策的认知消耗特征","First, according to the contingency learning account (Schmidt & Besner, 2008), manipulating the levels of proactive control by manipulating the proportion of the congruency conditions results in a contingency learning of specific colour-word associations.","T0259","2026-07-15T12:25:23.346837Z"
202,"1","1","1","2026-07-15T12:25:31.624341Z",336,57.967999999999996,"	 ""message-recipients altered their level of agreement with an opinion, depending on whom they believed the author was""为中性报告作者声望对态度改变的影响","Parental, spousal, romantic, and friendly relationships act as buffering mechanisms against death anxiety (Cox et al., 2008; Florian et al., 2002; Mikulincer et al., 2003), so it is reasonable to assume that the therapeutic dyad also acts as a potential factor in the diminishment of death anxiety.","T0260","2026-07-16T08:28:44.526669Z"
203,"1","1","1","2026-07-15T12:25:38.334574Z",337,27.650999999999996,"	 同T0150/T0225，中性报告情绪互动的互补/互惠效应","In contrast, events are perceived to be temporally proximal when they are concrete (Agerstrom & Bkorklunch, 2009; Kyung et al., 2010); contain information about success (Ross & Wilson, 2002); and are perceived to be more positive in valence (Gebauer et al. 2015).","T0261","2026-07-16T08:29:07.366751Z"
204,"1","1","0.75","2026-07-15T12:25:53.811734Z",338,32.903,"	 ""suggested that language proficiency is positively related to focusing and selective attention""为谨慎暗示，转述语言熟练度与注意的关联","For example, Kuziemko et al. (2014) ﬁnd that a back-of-queue policy produces results akin to having no penalty, but this conclusion assumes no behavioral change.","T0262","2026-07-16T08:29:26.467090Z"
205,"1","1","0.5","2026-07-15T12:26:02.275094Z",339,7.181,"	 ""the specificity and number of internal details for autobiographical memory and EFT decreased with age""为中性报告老化对自传体记忆和未来思维细节的影响","Mere reminders of, or exposure to, money have been found to promote materialism, although some of these results have not been replicated (e.g.,Caruso et al., 2013; Rohrer et al., 2015).","T0263","2026-07-15T12:26:02.275115Z"
206,"1","1","1","2026-07-15T12:26:08.966515Z",340,24.607,"	 ""parties to interpersonal wrongdoing have different needs, and satisfying those needs is an important aspect of promoting reconciliation""为中性报告和解的需求差异理论","This creates the expectation that their treatment is contingent on their URM status (13, 30).","T0264","2026-07-16T08:30:13.259474Z"
207,"1","1","0.75","2026-07-15T12:26:14.523407Z",341,4.896,"	 ""observed that precise price anchors led individuals to overestimate costs of a wide range of products more than rounded anchors""为肯定语气","Similarly, Herrmann et al (2008) find differences in antisocial punishment2 in public goods games across cities.","T0265","2026-07-15T12:26:14.523438Z"
208,"1","1","0.5","2026-07-15T12:26:23.346938Z",342,5.548,"	 ""provides an explanation for a motivated behaviour of very low ranked individuals""为中性报告最后一名厌恶的行为解释","Speaking out may lead to a sense of strength and pride (Aramovich, Lytle, & Skitka, 2010; Morrison & Miller, 2008) but could also arouse fears of isolation or social rejection (Pool, Wood, & Leck, 1998).","T0266","2026-07-15T12:26:23.346959Z"
209,"1","1","1","2026-07-15T12:26:34.067921Z",343,30.735999999999997,"	 ""later familiarity depends on complete input patterns""为中性报告熟悉性的加工基础","These negative expectancies are shared even by low-prejudice individuals (Gaertner & Dovidio, 1986) and predict how far they sit away from minority group members during intergroup interactions (Goff et al., 2008).","T0267","2026-07-16T08:31:14.440588Z"
210,"1","1","1","2026-07-15T12:26:41.839316Z",344,22.555,"	 ""experimental research supports the relationship between perceived endings and mixed emotions""为中性报告结束感知与混合情绪的关联","As observed in previous research (Schwarz et al., 1985), participants infer their likely placement in the distribution from their placement on the scale.","T0268","2026-07-16T08:31:32.582687Z"
211,"1","0","","2026-07-15T12:26:50.137717Z",345,9.608,"""organizations that emphasized the value of having employees across a variety of sociocultural backgrounds increased...employees’ feelings of comfort and trust""为中性报告多样性氛围的组织效应","The asset market featurs a dividend-bearing asset with decreasing fundamental value over ten trading periods in a continuous double-auction market design with open order books, following Kirchler et al. (2012).","T0269","2026-07-16T08:32:08.454934Z"
212,"1","1","1","2026-07-15T12:26:58.577839Z",346,22.704,"	 ""this will affect their perception of the rest of the message""为中性报告初始态度对后续信息加工的影响","Given the experimental evidence indicating mild positive affect reduces time preference with respect to money (Ifcher and Zarghamee 2011) and the link between physical activity and psychological well-being, it is crucial to control for some measure of psychological well-being.","T0270","2026-07-16T08:32:24.654899Z"
213,"1","1","1","2026-07-15T12:27:10.607725Z",347,30.201,"	 ""may stem from stronger connections between the lexical representations, which may lead to faster and wider semantic “basins”""为中性报告语义激活的潜在机制","It accounts for the bulk of variance in face impressions across world regions and portends a variety of downstream social consequences, ranging from criminal sentencing, to electoral success, to career attainment (Blair et al., 2004; Jones et al., 2021; Rule & Ambady, 2008; Todorov et al., 2005).","T0271","2026-07-16T08:32:46.390039Z"
214,"1","1","0.75","2026-07-15T12:27:17.200261Z",348,25.819000000000003,"""can lead to many harmful organizational outcomes, including increased concerns about fit...higher turnover rates""为中性报告边缘化体验的组织后果","The unidirectionality of metaphoric association has been empirically supported (e.g. Boot & Pecher, 2010; Boroditsky, 2000; Casasanto & Boroditsky, 2008; Huang & Tse, 2015).","T0272","2026-07-16T08:33:07.606449Z"
215,"1","1","1","2026-07-15T12:27:23.965215Z",349,28.196,"	 ""moods may exert interactive, motivational effects on behavior""为中性报告情绪的动机效应","Anger also significantly affects behavior in the repeated prisoner’s dilemma games (18, 19) and power-to-take games (20).","T0273","2026-07-16T08:33:31.579013Z"
216,"1","1","0.75","2026-07-15T12:27:30.141922Z",350,29.283,"介绍实验资产市场的定价动态，未转述研究结论","In fact, research has shown that when Whites expect to have an interaction with a Black individual on issues of race, they experience stereotype threat due to the fear of confirming the negative stereotype that they will appear racist to the other individual (Goff, Steele, & Davies, 2008 ).","T0274","2026-07-16T08:33:56.397759Z"
217,"1","1","0.75","2026-07-15T12:27:38.619144Z",351,31.653,"	 ""argued that the test pattern, as a task-relevant stimulus, provides a potential cause of interference""为中性报告干扰源的潜在机制","Interestingly, similar to studies of recognition memory, recall performance in aging has been characterized by loss of specific details and emphasis on information that capture the central idea of an experience (Addis et al. 2008).","T0275","2026-07-16T08:34:21.297342Z"
218,"1","1","0.75","2026-07-15T12:27:46.454550Z",352,6.567,"	 ""are more likely to evaluate the quality of arguments contained in a message""为肯定语气","Semantic associations have been found to be a predictor in processing for both healthy and aphasic individuals before (cf. Buchanan, Westbury, & Burgess, 2001; Mirman & Magnuson, 2008; Mirman, Yee, Blumstein, & Magnuson, 2011).","T0276","2026-07-15T12:27:46.454570Z"
219,"1","1","1","2026-07-15T12:27:56.877643Z",353,33.916,"""this need may be met through restorative exchanges between victim and perpetrator""为中性报告需求满足的途径",", 2015) and visual working memory performance (Griffin and Nobre, 2003; Makovski et al., 2008; Sligte et al., 2008; Kuo et al., 2009), a retrocue providing valid information about the upcoming probe led to faster and more accurate responses than uninformative neutral cue trials.","T0277","2026-07-16T08:35:09.781558Z"
220,"1","1","0.75","2026-07-15T12:28:05.023699Z",354,41.449,"	 ""individuals who do not feel secure in their partner’s love are more likely to prioritize self-protection goals""为中性报告依恋安全感对目标优先级的影响","Chen and Chen (2011) demonstrate that creating a deep sense of common identity can motivate people to exert more effort to reach a more efficient outcome.","T0278","2026-07-16T08:35:44.873184Z"
221,"1","1","0.75","2026-07-15T12:28:11.872853Z",355,5.889,"""collectively show that such traits “associated with the evaluation of leadership overlap with traits that can be judged reliably from the face”""为肯定语气","This technique is in keeping with Cobb-Clark and Schurer in their study of the FFM from HILDA and their demonstration that personality traits are stable for working-age adults [41].","T0279","2026-07-15T12:28:11.872871Z"
222,"1","1","0.75","2026-07-15T12:28:18.404147Z",356,50.691,"	 ""pride-recognition rates are typically around 80–90%...pride can be recognized quickly and efficiently""为中性报告骄傲表情识别的跨文化特征","These effects have mainly been found in samples with little education and in children or adolescents (Meisenberg & William, 2008; Rammstedt al., 2010; Rammstedt & Farmer, 2013; Soto et al., 2008, 2011).","T0280","2026-07-16T08:36:54.762254Z"
223,"1","1","0.75","2026-07-15T12:28:26.736279Z",357,51.348,"	 介绍研究发现的预测变量，非转述先前研究结论","Third, studies in psychology and economics have shown that people tend to be last-place averse (Kuziemko et al., 2014), meaning teachers and administrators in high-stakes accountability contexts may put increased effort into avoiding being categorized as failing.","T0281","2026-07-16T08:37:39.733153Z"
224,"1","1","0.75","2026-07-15T12:28:37.749983Z",358,23.602,"	 ""near neighbors defined as having cosine greater than 0.4 and distant neighbors defined as having cosine greater than 0.0 and less than 0.25""为中性报告邻居定义的操作标准","Contrary to expectations and our prior work (e.g., Farris et al., 2006, 2008b, 2010; Treat et al., 2015a), all six bivariate interactions among the cues were unreliable and small in magnitude.","T0282","2026-07-16T08:37:58.086395Z"
225,"1","1","0.75","2026-07-15T12:28:48.458272Z",359,60.596999999999994,"	 ""the value of doing so for the power holder’s personal interests""为中性报告权力持有者动机的核心因素","This result corresponds with recent descriptions of a prototypical expression of pride that includes a ‘‘small smile’’ (Tracy & Robins, 2004, 2008).","T0283","2026-07-16T08:38:50.375009Z"
226,"1","1","1","2026-07-15T12:28:55.920586Z",360,41.93,"""follows research indicating that experiences of time are not accounted for by only objective distance""为中性报告时间自我评估理论的核心观点","NS is associated with impulsivity, exploratory behavior, and excitability (Battaglia et al. 1996; Svrakic et al. 2002) and HA reflects introversion and inhibition and contains elements of anxiety and negative affect that are related to neuroticism (De Fruyt et al. 2000).","T0284","2026-07-16T08:39:27.306955Z"
227,"1","1","0.5","2026-07-15T12:29:10.777733Z",361,13.283000000000001,"","It appears that for the Jewish kindergarten teachers, to emphasize their professional identity contributed to coping with their sense of ambivalence towards the role of representation of their majority group in the context of asymmetric con ﬂ ict (Shnabel & Nadler, 2008).","T0285","2026-07-15T12:29:10.777752Z"
228,"1","1","0.5","2026-07-15T12:29:17.783496Z",362,26.175,"	 ""has been shown to trigger stereotype threat for Whites, resulting in higher levels of stereotype-confirming behavior""为肯定语气","Tversky and Kahneman (1973, 1982) developed a reasoning theory suggesting that reasoning is a decision making operation where premises are judged according to a restricted number of heuristics.","T0286","2026-07-16T08:41:00.846425Z"
229,"1","1","0.75","2026-07-15T12:29:29.864942Z",363,67.717,"""has been challenged by evidence that motion-aftereffect storage persists beyond the expected time course""为中性报告疲劳机制的挑战证据","Correll (2008) found smaller IPL indices 𝛽 in participants who reported a high level of effort to avoid racial bias while responding to black versus white target stimuli under threat/no-threat conditions (see also Grigolini et al., 2009 for a theoretical explanation).","T0287","2026-07-16T08:41:58.113802Z"
230,"1","1","0.75","2026-07-15T12:29:39.397327Z",364,6.704,"	 ""supports the needs-based model of reconciliation, the first time for an intergenerational conflict""为肯定语气","In addition, they also found that ingesting a glucose solution replenished selfcontrol capacity (Gailliot et al., 2007), a finding that has been subsequently replicated in numerous studies (e.g., DeWall, Baumeister, Gailliot, & Maner, 2008; Dvorak & Simons, 2009; Masicampo & Baumeister, 2008).","T0288","2026-07-15T12:29:39.397343Z"
231,"1","1","0.75","2026-07-15T12:29:47.674025Z",365,27.329,"""several response styles, such as response acquiescence, overgeneralization, socially desirable, are found to be related to the wording effect""为中性报告措辞效应的相关因素","Palmer and Ghose (2008) provided the first empirical evidence of the efficacy of EEs in figural depth perception, but they were careful to eliminate all other known configural cues from their displays.","T0289","2026-07-16T08:42:39.558054Z"
232,"1","1","0.75","2026-07-15T12:29:54.600689Z",366,25.325000000000003,"	 ""avoidant participants did not show increased relational strivings or positive regard for attachment figures following mortality salience""为中性报告回避型依恋的死亡提醒效应","Research shows that forgiveness is more likely to be offered if the victim is able to empathize with the transgressor (Exline et al. 2008).","T0290","2026-07-16T08:43:00.162519Z"
233,"1","1","1","2026-07-15T12:30:02.418250Z",367,26.630000000000003,"	 ""participants only initiated the eye movement to the symbol after they had retrieved the phonological form of the object name""为中性报告眼动与语音检索的时间顺序","Thus, the offended individual’s higher perceived similarity of transgression causes higher tendency to understand and forgive (Exline et al., 2008).","T0291","2026-07-16T08:43:22.141457Z"
234,"1","1","0.75","2026-07-15T12:30:15.574334Z",368,26.133,"	 ""participants only initiated the eye movement to the symbol after they had retrieved the phonological form of the object name""为中性报告眼动与语音检索的时间顺序","Action and Inaction Goals and Attitude Change Much research indicates that individuals’ default tendency is to activate a pre- existing attitude (should one exist) when they are asked to report that attitude or encounter information on the attitude object.","T0292","2026-07-16T08:43:41.562997Z"
