feature,analysis_claim_id,source_id,project,criterion,source_filter_shift,signed_contribution_to_full_contrast,estimate_omitting_source,change_from_full_estimate
epistemic_adverb_tokens,v3_1_f_noise_and_effort_on_implicit_measure,rpp.63,RPP,failed,0.040350877192982457,0.0010087719298245614,-0.0017729417406372355,-0.0010118393155296131
epistemic_adverb_tokens,v3_a_motion_aftereffect_from_still_photogra,rpp.127,RPP,successful,0,-0,-0.00081433617712166036,-5.3233752014038033e-05
epistemic_adverb_tokens,v3_a_single_exposure_to_the_american_flag_s,ml1.12,ML1,failed,-0.010416666666666666,-0.00026041666666666666,-0.00047120984680007819,0.00028989257830754414
epistemic_adverb_tokens,v3_a_social_functional_approach_to_emotions,rpp.56,RPP,failed,0,0,-0.00073830386389409542,2.2798561213526912e-05
epistemic_adverb_tokens,v3_accelerated_relearning_after_retrieval_i,rpp.4,RPP,failed,0,0,-0.00073830386389409542,2.2798561213526912e-05
epistemic_adverb_tokens,v3_action_dynamics_reveal_parallel_competit,rpp.112,RPP,successful,0,-0,-0.00081433617712166036,-5.3233752014038033e-05
epistemic_adverb_tokens,v3_affective_incoherence_when_affective_con,rpp.52,RPP,failed,0,0,-0.00073830386389409542,2.2798561213526912e-05
epistemic_adverb_tokens,v3_attractor_dynamics_and_semantic_neighbor,rpp.11,RPP,successful,0,-0,-0.00081433617712166036,-5.3233752014038033e-05
epistemic_adverb_tokens,v3_auditory_change_detection_simple_sounds_,rpp.139,RPP,successful,0,-0,-0.00081433617712166036,-5.3233752014038033e-05
epistemic_adverb_tokens,v3_availability_a_heuristic_for_judging_fre,ml3.4,ML3,successful,-0.0080606922712185836,0.00025189663347558074,-0.001074358508451292,-0.00031325608334366968
epistemic_adverb_tokens,v3_balancing_connectedness_and_self_protect,rpp.93,RPP,failed,0.00055248406463689458,1.3812101615922365e-05,-0.00075247012196170819,8.632303145914141e-06
epistemic_adverb_tokens,v3_cloningertextquotesingles_psychobiologic,ml3.8,ML3,failed,-0.00056608046547684115,-1.4152011636921029e-05,-0.00072378898016392014,3.731344494370219e-05
epistemic_adverb_tokens,v3_conflict_triggered_goal_shielding_respon,rpp.158,RPP,successful,0.0625,-0.001953125,0.0012017928551364041,0.0019628952802440264
epistemic_adverb_tokens,v3_decision_making_and_learning_while_takin,rpp.39,RPP,failed,0,0,-0.00073830386389409542,2.2798561213526912e-05
epistemic_adverb_tokens,v3_effects_of_fluency_on_psychological_dist,rpp.104,RPP,failed,0.013333333333333334,0.00033333333333333338,-0.0010801842057744375,-0.00031908178066681519
epistemic_adverb_tokens,v3_effects_of_need_for_cognition_on_message,ml3.7,ML3,failed,0,0,-0.00073830386389409574,2.2798561213526586e-05
epistemic_adverb_tokens,v3_elaboration_enhances_the_imagined_contac,ml1.14,ML1,successful,0.001186655381605152,-3.7082980675161e-05,-0.00077605697126342994,-1.4954546155807611e-05
epistemic_adverb_tokens,v3_expectations_as_endowments_evidence_on_r,ee.9,EERP,failed,0,0,-0.00073830386389409574,2.2798561213526586e-05
epistemic_adverb_tokens,v3_experiments_in_wording_questions_ii,ml1.10,ML1,successful,0.020833333333333332,-0.00065104166666666663,-0.00014229316636897235,0.00061880925873864998
epistemic_adverb_tokens,v3_happiness_and_time_preference_the_effect,ee.14,EERP,failed,0,0,-0.00073830386389409574,2.2798561213526586e-05
epistemic_adverb_tokens,v3_head_up_foot_down_object_words_orient_at,rpp.167,RPP,failed,0,0,-0.00073830386389409574,2.2798561213526586e-05
epistemic_adverb_tokens,v3_hedonic_and_instrumental_motives_in_ange,rpp.142,RPP,successful,0,-0,-0.00081433617712166036,-5.3233752014038033e-05
epistemic_adverb_tokens,v3_how_does_bilingualism_improve_executive_,rpp.22,RPP,failed,-0.0048765982753493902,-0.00012191495688373475,-0.00061326288247488055,0.00014783954263274178
epistemic_adverb_tokens,v3_how_the_head_liberates_the_heart_project,rpp.59,RPP,successful,0.0026155187445510014,-8.1734960767218794e-05,-0.00072996460471678928,3.113782039083305e-05
epistemic_adverb_tokens,v3_imperfect_public_monitoring_with_costly_,ee.2,EERP,successful,0.020816326530612241,-0.00065051020408163254,-0.0001428417729083622,0.00061826065219926013
epistemic_adverb_tokens,v3_increasing_and_decreasing_motor_and_cogn,rpp.49,RPP,failed,-0.012319561971129916,-0.00030798904927824787,-0.00042241765950614871,0.00033868476560147361
epistemic_adverb_tokens,v3_individual_differences_in_the_regulation,rpp.53,RPP,failed,-0.0039855072463768106,-9.9637681159420259e-05,-0.0006361113703972545,0.00012499105471036782
epistemic_adverb_tokens,v3_it_feels_like_yesterday_self_esteem_vale,ml3.3,ML3,failed,0.012628769251223949,0.00031571923128059873,-0.001062118460079325,-0.0003010160349717027
epistemic_adverb_tokens,v3_last_place_aversion_evidence_and_redistr,ee.18,EERP,failed,0.0021729682746631897,5.4324206866579744e-05,-0.0007940209991418696,-3.2918574034247272e-05
epistemic_adverb_tokens,v3_left_frontal_cortical_activation_and_spr,rpp.55,RPP,failed,0,0,-0.00073830386389409542,2.2798561213526912e-05
epistemic_adverb_tokens,v3_measuring_the_crowd_within_probabilistic,rpp.116,RPP,successful,0.00094764273868751421,-2.9613835583984819e-05,-0.00078376705651883745,-2.2664631411215127e-05
epistemic_adverb_tokens,v3_multidimensional_visual_statistical_lear,rpp.29,RPP,successful,0,-0,-0.00081433617712166036,-5.3233752014038033e-05
epistemic_adverb_tokens,v3_multiple_roles_for_time_in_short_term_me,rpp.33,RPP,successful,0,-0,-0.00081433617712166036,-5.3233752014038033e-05
epistemic_adverb_tokens,v3_not_so_innocent_does_seeing_one_s_own_ca,rpp.65,RPP,failed,-0.0055345911949685519,-0.0001383647798742138,-0.00059639126915131185,0.00016471115595631048
epistemic_adverb_tokens,v3_on_the_additive_effects_of_stimulus_qual,rpp.27,RPP,successful,0.021412037037037035,-0.00066912615740740734,-0.00012362530495917535,0.00063747712014844697
epistemic_adverb_tokens,v3_opening_the_mind_to_close_it_considering,rpp.72,RPP,failed,0,0,-0.00073830386389409542,2.2798561213526912e-05
epistemic_adverb_tokens,v3_orienting_attention_in_visual_working_me,rpp.37,RPP,failed,0.014285714285714284,0.00035714285714285709,-0.0011046042301944617,-0.00034350180508683939
epistemic_adverb_tokens,v3_perceptual_mechanisms_that_characterize_,rpp.110,RPP,failed,0.0074561403508771953,0.00018640350877192988,-0.00092948694981402353,-0.0001683845247064012
epistemic_adverb_tokens,v3_poignancy_mixed_emotional_experience_in_,rpp.61,RPP,failed,0.0081018518518518514,0.00020254629629629629,-0.00094604365496721982,-0.00018494122985959749
epistemic_adverb_tokens,v3_precision_of_the_anchor_influences_the_a,rpp.111,RPP,successful,0.0051844466600199403,-0.00016201395812562313,-0.00064709596228230753,0.0001140064628253148
epistemic_adverb_tokens,v3_priming_addition_facts_with_semantic_rel,rpp.24,RPP,successful,0,-0,-0.00081433617712166036,-5.3233752014038033e-05
epistemic_adverb_tokens,v3_response_scales_effects_of_category_rang,ml1.8,ML1,successful,0,-0,-0.00081433617712166036,-5.3233752014038033e-05
epistemic_adverb_tokens,v3_running_on_empty_neural_signals_for_self,ml3.5,ML3,successful,0,-0,-0.00081433617712166036,-5.3233752014038033e-05
epistemic_adverb_tokens,v3_screening_competition_and_job_design_eco,ee.3,EERP,successful,0,-0,-0.00081433617712166036,-5.3233752014038033e-05
epistemic_adverb_tokens,v3_selective_exposure_and_information_quant,rpp.84,RPP,successful,0,-0,-0.00081433617712166036,-5.3233752014038033e-05
epistemic_adverb_tokens,v3_self_handicapping_excuse_making_and_coun,rpp.94,RPP,successful,0,-0,-0.00081433617712166036,-5.3233752014038033e-05
epistemic_adverb_tokens,v3_self_regulation_and_selective_exposure_t,rpp.86,RPP,failed,0,0,-0.00073830386389409542,2.2798561213526912e-05
epistemic_adverb_tokens,v3_semantic_interference_in_a_delayed_namin,rpp.28,RPP,failed,-0.012513484358144554,-0.00031283710895361387,-0.00041744529060833775,0.00034365713449928457
epistemic_adverb_tokens,v3_slow_to_anger_and_fast_to_forgive_cooper,ee.12,EERP,successful,0,-0,-0.00081433617712166036,-5.3233752014038033e-05
epistemic_adverb_tokens,v3_terror_management_and_adults_attachment_,rpp.48,RPP,failed,-0.0043878894251864857,-0.00010969723562966215,-0.00062579387863290334,0.00013530854647471899
epistemic_adverb_tokens,v3_thar_she_bursts_reducing_confusion_reduc,ee.16,EERP,successful,0,-0,-0.00081433617712166036,-5.3233752014038033e-05
epistemic_adverb_tokens,v3_the_economics_of_credence_goods_an_exper,ee.8,EERP,successful,-0.0081967213114754103,0.00025614754098360657,-0.0010787465420079643,-0.00031764411690034201
epistemic_adverb_tokens,v3_the_effect_of_global_versus_local_proces,rpp.64,RPP,failed,0,0,-0.00073830386389409509,2.2798561213527237e-05
epistemic_adverb_tokens,v3_the_face_of_success_inferences_from_chie,rpp.82,RPP,failed,0.012345679012345678,0.00030864197530864197,-0.001054859736005523,-0.0002937573108979007
epistemic_adverb_tokens,v3_the_framing_of_decisions_and_the_psychol,ml1.2,ML1,successful,-0.011904761904761904,0.0003720238095238095,-0.0011983607546946252,-0.00043725832958700292
epistemic_adverb_tokens,v3_the_lure_of_authority_motivation_and_inc,ee.10,EERP,successful,-0.032390768438474923,0.0010122115137023414,-0.0018591996751369808,-0.0010980972500293585
epistemic_adverb_tokens,v3_the_nonverbal_expression_of_pride_eviden,rpp.69,RPP,successful,-0.0044095530821194502,0.00013779853381623282,-0.00095657982493196556,-0.00019547739982434323
epistemic_adverb_tokens,v3_the_potential_of_social_identity_for_equ,ee.5,EERP,failed,0.010869565217391304,0.00027173913043478261,-0.0010170106643400262,-0.00025590823923240386
epistemic_adverb_tokens,v3_the_representation_of_simple_ensemble_vi,rpp.122,RPP,successful,0.0039638087031451958,-0.00012386902197328737,-0.00068647138024600929,7.4631044861613038e-05
epistemic_adverb_tokens,v3_the_space_between_us_stereotype_threat_a,rpp.87,RPP,failed,-0.018733273862622656,-0.0004683318465655664,-0.00025796350844223227,0.00050313891666539006
epistemic_adverb_tokens,v3_the_stroop_effect_why_proportion_congrue,rpp.15,RPP,successful,0.0068820384484131504,-0.00021506370151291095,-0.00059233493685026894,0.00016876748825735339
epistemic_adverb_tokens,v3_the_threat_of_appearing_prejudiced_and_r,rpp.129,RPP,failed,0.0065972222222222231,0.00016493055555555559,-0.00090746340805363934,-0.00014636098294601701
epistemic_adverb_tokens,v3_the_ultimate_sampling_dilemma_in_experie,rpp.17,RPP,successful,-0.028571428571428571,0.00089285714285714283,-0.001735995163296776,-0.00097489273818915367
epistemic_adverb_tokens,v3_toward_a_physiology_of_dual_process_reas,rpp.118,RPP,failed,0,0,-0.00073830386389409509,2.2798561213527237e-05
epistemic_adverb_tokens,v3_tracing_attention_and_the_activation_flo,rpp.1,RPP,failed,0.0082644628099173556,0.00020661157024793388,-0.00095021316671248897,-0.00018911074160486664
epistemic_adverb_tokens,v3_walking_on_eggshells_how_expressing_rela,rpp.58,RPP,failed,-0.019480519480519487,-0.00048701298701298718,-0.00023880336439359548,0.00052229906071402685
epistemic_adverb_tokens,v3_weight_as_an_embodiment_of_importance,ml3.10,ML3,failed,-0.0026919149726167269,-6.7297874315418177e-05,-0.00066928040305776876,9.1822022049853564e-05
epistemic_adverb_tokens,v3_when_does_between_sequence_phonological_,rpp.12,RPP,failed,0.016521739130434782,0.00041304347826086953,-0.0011619382005719099,-0.00040083577546428761
epistemic_adverb_tokens,v3_where_do_we_look_during_potentially_offe,rpp.132,RPP,failed,-0.022408963585434177,-0.00056022408963585441,-0.00016371505401116754,0.00059738737109645479
epistemic_adverb_tokens,v3_why_do_implicit_and_explicit_attitude_te,rpp.44,RPP,successful,0,-0,-0.00081433617712166079,-5.3233752014038467e-05
epistemic_adverb_tokens,v3_why_people_are_reluctant_to_tempt_fate,rpp.68,RPP,failed,0,0,-0.00073830386389409509,2.2798561213527237e-05
epistemic_adverb_tokens,v3_working_memory_costs_of_task_switching,rpp.3,RPP,failed,0,0,-0.00073830386389409509,2.2798561213527237e-05
replication_word_tokens,v3_1_f_noise_and_effort_on_implicit_measure,rpp.63,RPP,failed,-0.12457614624797286,-0.0031144036561993214,-0.01272689000944438,0.0028021504768771834
replication_word_tokens,v3_a_motion_aftereffect_from_still_photogra,rpp.127,RPP,successful,0.0088235294117647023,-0.00027573529411764695,-0.015252048016153636,0.00027699247016792737
replication_word_tokens,v3_a_single_exposure_to_the_american_flag_s,ml1.12,ML1,failed,-0.0078616352201257844,-0.00019654088050314461,-0.015719569779389177,-0.00019052929306761363
replication_word_tokens,v3_a_social_functional_approach_to_emotions,rpp.56,RPP,failed,0.0071347031963470316,0.00017836757990867579,-0.016104091277247455,-0.00057505079092589131
replication_word_tokens,v3_accelerated_relearning_after_retrieval_i,rpp.4,RPP,failed,-0.012366310160427801,-0.00030915775401069504,-0.015604065293740407,-7.5024807418843514e-05
replication_word_tokens,v3_action_dynamics_reveal_parallel_competit,rpp.112,RPP,successful,0.011869976665802435,-0.00037093677080632609,-0.015153775524087903,0.00037526496223366096
replication_word_tokens,v3_affective_incoherence_when_affective_con,rpp.52,RPP,failed,-0.066666666666666666,-0.0016666666666666666,-0.014211748460247104,0.0013172920260744597
replication_word_tokens,v3_attractor_dynamics_and_semantic_neighbor,rpp.11,RPP,successful,0,-0,-0.015536677997178304,-7.6375108567401651e-06
replication_word_tokens,v3_auditory_change_detection_simple_sounds_,rpp.139,RPP,successful,-0.03125,0.0009765625,-0.016544742513307335,-0.0010157020269857715
replication_word_tokens,v3_availability_a_heuristic_for_judging_fre,ml3.4,ML3,successful,0,-0,-0.015536677997178304,-7.6375108567401651e-06
replication_word_tokens,v3_balancing_connectedness_and_self_protect,rpp.93,RPP,failed,-0.0029401881720430116,-7.3504704301075285e-05,-0.015845760729340016,-0.00031672024301845209
replication_word_tokens,v3_cloningertextquotesingles_psychobiologic,ml3.8,ML3,failed,0.0057575757575757582,0.00014393939393939396,-0.016068780317278961,-0.00053973983095739753
replication_word_tokens,v3_conflict_triggered_goal_shielding_respon,rpp.158,RPP,successful,0.064285714285714279,-0.0020089285714285712,-0.013462945278284295,0.0020660952080372684
replication_word_tokens,v3_decision_making_and_learning_while_takin,rpp.39,RPP,failed,0,0,-0.015921150169648811,-0.00039210968332724708
replication_word_tokens,v3_effects_of_fluency_on_psychological_dist,rpp.104,RPP,failed,0.017827237858570578,0.00044568094646426444,-0.016378258832689084,-0.00084921834636752028
replication_word_tokens,v3_effects_of_need_for_cognition_on_message,ml3.7,ML3,failed,-0.024177949709864605,-0.00060444874274661513,-0.015301202741190744,0.00022783774513081972
replication_word_tokens,v3_elaboration_enhances_the_imagined_contac,ml1.14,ML1,successful,-0.019426765951338309,0.00060708643597932215,-0.016163347866576312,-0.00063430738025474845
replication_word_tokens,v3_expectations_as_endowments_evidence_on_r,ee.9,EERP,failed,-0.008112638209770498,-0.00020281595524426245,-0.015713133805295723,-0.00018409331897415934
replication_word_tokens,v3_experiments_in_wording_questions_ii,ml1.10,ML1,successful,0,-0,-0.015536677997178304,-7.6375108567401651e-06
replication_word_tokens,v3_happiness_and_time_preference_the_effect,ee.14,EERP,failed,-0.059881756756756763,-0.001497043918918919,-0.014385720509219151,0.0011433199771024131
replication_word_tokens,v3_head_up_foot_down_object_words_orient_at,rpp.167,RPP,failed,0.0014949054989499902,3.7372637473749752e-05,-0.015959481079878299,-0.0004304405935567357
replication_word_tokens,v3_hedonic_and_instrumental_motives_in_ange,rpp.142,RPP,successful,0.0073877068557919624,-0.00023086583924349883,-0.015298364872797917,0.00023067561352364645
replication_word_tokens,v3_how_does_bilingualism_improve_executive_,rpp.22,RPP,failed,-0.047596790567013811,-0.0011899197641753452,-0.014700719642289486,0.00082832084403207731
replication_word_tokens,v3_how_the_head_liberates_the_heart_project,rpp.59,RPP,successful,-0.013513513513513514,0.00042229729729729732,-0.015972597787936804,-0.0004435573016152404
replication_word_tokens,v3_imperfect_public_monitoring_with_costly_,ee.2,EERP,successful,-0.049591836734693889,0.001549744897959184,-0.017136414666039396,-0.0016073741797178326
replication_word_tokens,v3_increasing_and_decreasing_motor_and_cogn,rpp.49,RPP,failed,-0.027828191167574109,-0.00069570477918935269,-0.015207606806377682,0.00032143367994388189
replication_word_tokens,v3_individual_differences_in_the_regulation,rpp.53,RPP,failed,-0.010319337350698718,-0.00025798343376746795,-0.015656551776041153,-0.00012751128971958889
replication_word_tokens,v3_it_feels_like_yesterday_self_esteem_vale,ml3.3,ML3,failed,0,0,-0.015921150169648811,-0.00039210968332724708
replication_word_tokens,v3_last_place_aversion_evidence_and_redistr,ee.18,EERP,failed,-0.012711864406779662,-0.00031779661016949156,-0.015595204928449333,-6.6164442127768924e-05
replication_word_tokens,v3_left_frontal_cortical_activation_and_spr,rpp.55,RPP,failed,0.036949373877760414,0.00092373434694401036,-0.01686857001266831,-0.0013395295263467465
replication_word_tokens,v3_measuring_the_crowd_within_probabilistic,rpp.116,RPP,successful,0.0062500000000000056,-0.00019531250000000017,-0.015335065093952497,0.0001939753923690668
replication_word_tokens,v3_multidimensional_visual_statistical_lear,rpp.29,RPP,successful,0.044265593561368208,-0.0013832997987927565,-0.014108755624230942,0.0014202848620906219
replication_word_tokens,v3_multiple_roles_for_time_in_short_term_me,rpp.33,RPP,successful,0.016707225051877005,-0.00052210078287115642,-0.014997735253569367,0.000531305232752197
replication_word_tokens,v3_not_so_innocent_does_seeing_one_s_own_ca,rpp.65,RPP,failed,-0.029937106918238997,-0.00074842767295597488,-0.01515353204354012,0.00037550844278144355
replication_word_tokens,v3_on_the_additive_effects_of_stimulus_qual,rpp.27,RPP,successful,0.076967592592592587,-0.0024052372685185184,-0.013053852429675317,0.0024751880566462464
replication_word_tokens,v3_opening_the_mind_to_close_it_considering,rpp.72,RPP,failed,0,0,-0.015921150169648811,-0.00039210968332724708
replication_word_tokens,v3_orienting_attention_in_visual_working_me,rpp.37,RPP,failed,-0.007421150278293133,-0.00018552875695732832,-0.015730864265077193,-0.00020182377875562971
replication_word_tokens,v3_perceptual_mechanisms_that_characterize_,rpp.110,RPP,failed,-0.010087719298245611,-0.00025219298245614025,-0.015662490700463029,-0.00013345021414146521
replication_word_tokens,v3_poignancy_mixed_emotional_experience_in_,rpp.61,RPP,failed,0,0,-0.015921150169648811,-0.00039210968332724708
replication_word_tokens,v3_precision_of_the_anchor_influences_the_a,rpp.111,RPP,successful,-0.020469148111221889,0.00063966087847568403,-0.016196973097540299,-0.0006679326112187349
replication_word_tokens,v3_priming_addition_facts_with_semantic_rel,rpp.24,RPP,successful,-0.022222222222222223,0.00069444444444444447,-0.016253523875314504,-0.00072448338899294001
replication_word_tokens,v3_response_scales_effects_of_category_rang,ml1.8,ML1,successful,-0.043796904315196998,0.0013686532598499062,-0.01694948136218466,-0.0014204408758630958
replication_word_tokens,v3_running_on_empty_neural_signals_for_self,ml3.5,ML3,successful,0,-0,-0.015536677997178304,-7.6375108567401651e-06
replication_word_tokens,v3_screening_competition_and_job_design_eco,ee.3,EERP,successful,0,-0,-0.015536677997178304,-7.6375108567401651e-06
replication_word_tokens,v3_selective_exposure_and_information_quant,rpp.84,RPP,successful,-0.014925373134328358,0.00046641791044776119,-0.016018141646672767,-0.00048910116035120327
replication_word_tokens,v3_self_handicapping_excuse_making_and_coun,rpp.94,RPP,successful,0,-0,-0.015536677997178304,-7.6375108567401651e-06
replication_word_tokens,v3_self_regulation_and_selective_exposure_t,rpp.86,RPP,failed,0.013725490196078431,0.00034313725490196079,-0.016273085815702106,-0.00074404532938054241
replication_word_tokens,v3_semantic_interference_in_a_delayed_namin,rpp.28,RPP,failed,-0.023732470334412073,-0.00059331175836030187,-0.015312625289279271,0.00021641519704229326
replication_word_tokens,v3_slow_to_anger_and_fast_to_forgive_cooper,ee.12,EERP,successful,-0.010810810810810811,0.00033783783783783786,-0.015885413829785103,-0.00035637334346353897
replication_word_tokens,v3_terror_management_and_adults_attachment_,rpp.48,RPP,failed,0,0,-0.015921150169648811,-0.00039210968332724708
replication_word_tokens,v3_thar_she_bursts_reducing_confusion_reduc,ee.16,EERP,successful,0.0087756849315068497,-0.00027424015410958905,-0.015253591386484534,0.0002754490998370298
replication_word_tokens,v3_the_economics_of_credence_goods_an_exper,ee.8,EERP,successful,0,-0,-0.015536677997178304,-7.6375108567401651e-06
replication_word_tokens,v3_the_effect_of_global_versus_local_proces,rpp.64,RPP,failed,-0.035714285714285712,-0.00089285714285714283,-0.015005399253897895,0.00052364123242366889
replication_word_tokens,v3_the_face_of_success_inferences_from_chie,rpp.82,RPP,failed,0.012345679012345678,0.00030864197530864197,-0.016237706041760242,-0.00070866555543867837
replication_word_tokens,v3_the_framing_of_decisions_and_the_psychol,ml1.2,ML1,successful,0.022951007326007328,-0.00071721897893772899,-0.014796322922145808,0.00073271756417575551
replication_word_tokens,v3_the_lure_of_authority_motivation_and_inc,ee.10,EERP,successful,-0.0011864051922674292,3.7075162258357161e-05,-0.015574949132412736,-4.5908646091172636e-05
replication_word_tokens,v3_the_nonverbal_expression_of_pride_eviden,rpp.69,RPP,successful,0.0042735042735042757,-0.00013354700854700861,-0.015398823020613649,0.00013021746570791512
replication_word_tokens,v3_the_potential_of_social_identity_for_equ,ee.5,EERP,failed,-0.022016806722689079,-0.00055042016806722694,-0.015356616663938838,0.00017242382238272583
replication_word_tokens,v3_the_representation_of_simple_ensemble_vi,rpp.122,RPP,successful,-0.017507002801120448,0.00054709383753501401,-0.016101420023020899,-0.00057237953669933561
replication_word_tokens,v3_the_space_between_us_stereotype_threat_a,rpp.87,RPP,failed,0,0,-0.015921150169648814,-0.00039210968332725055
replication_word_tokens,v3_the_stroop_effect_why_proportion_congrue,rpp.15,RPP,successful,0.00017062905243999532,-5.3321578887498538e-06,-0.015531173834196369,-2.133347874805e-06
replication_word_tokens,v3_the_threat_of_appearing_prejudiced_and_r,rpp.129,RPP,failed,0,0,-0.015921150169648814,-0.00039210968332725055
replication_word_tokens,v3_the_ultimate_sampling_dilemma_in_experie,rpp.17,RPP,successful,0,-0,-0.015536677997178304,-7.6375108567401651e-06
replication_word_tokens,v3_toward_a_physiology_of_dual_process_reas,rpp.118,RPP,failed,0.0036459102711823184,9.1147756779557965e-05,-0.016014635048397077,-0.00048559456207551352
replication_word_tokens,v3_tracing_attention_and_the_activation_flo,rpp.1,RPP,failed,-0.015243162814769284,-0.00038107907036923213,-0.015530299841064986,-1.2593547434221197e-06
replication_word_tokens,v3_walking_on_eggshells_how_expressing_rela,rpp.58,RPP,failed,0,0,-0.015921150169648811,-0.00039210968332724708
replication_word_tokens,v3_weight_as_an_embodiment_of_importance,ml3.10,ML3,failed,-0.0038704572069173035,-9.6761430172932585e-05,-0.015821907677163755,-0.00029286719084219148
replication_word_tokens,v3_when_does_between_sequence_phonological_,rpp.12,RPP,failed,0,0,-0.015921150169648811,-0.00039210968332724708
replication_word_tokens,v3_where_do_we_look_during_potentially_offe,rpp.132,RPP,failed,0,0,-0.015921150169648811,-0.00039210968332724708
replication_word_tokens,v3_why_do_implicit_and_explicit_attitude_te,rpp.44,RPP,successful,-0.020451770451770449,0.00063911782661782652,-0.016196412527880576,-0.00066737204155901259
replication_word_tokens,v3_why_people_are_reluctant_to_tempt_fate,rpp.68,RPP,failed,-0.15750934773577066,-0.0039377336933942662,-0.011882448945654694,0.00364659154066687
replication_word_tokens,v3_working_memory_costs_of_task_switching,rpp.3,RPP,failed,0,0,-0.015921150169648811,-0.00039210968332724708
lowercase_modal_tokens,v3_1_f_noise_and_effort_on_implicit_measure,rpp.63,RPP,failed,-0.037815126050420145,-0.00094537815126050366,-0.0098529387830555374,0.0010802047055963812
lowercase_modal_tokens,v3_a_motion_aftereffect_from_still_photogra,rpp.127,RPP,successful,-0.17294117647058824,0.0054044117647058824,-0.017003697599202849,-0.0060705541105509301
lowercase_modal_tokens,v3_a_single_exposure_to_the_american_flag_s,ml1.12,ML1,failed,0.038469914084345552,0.00096174785210863885,-0.011808965453177736,-0.00087582196452581744
lowercase_modal_tokens,v3_a_social_functional_approach_to_emotions,rpp.56,RPP,failed,-0.027564884026819794,-0.00068912210067049486,-0.010115765501609392,0.00081737798704252691
lowercase_modal_tokens,v3_accelerated_relearning_after_retrieval_i,rpp.4,RPP,failed,0.016042780748663096,0.00040106951871657739,-0.011233910752262799,-0.00030076726361088005
lowercase_modal_tokens,v3_action_dynamics_reveal_parallel_competit,rpp.112,RPP,successful,-0.0015945035001296431,4.9828234379051348e-05,-0.011476385567897731,-0.00054324207924581237
lowercase_modal_tokens,v3_affective_incoherence_when_affective_con,rpp.52,RPP,failed,-0.0088532382650029773,-0.00022133095662507443,-0.010595551290373928,0.00033759219827799065
lowercase_modal_tokens,v3_attractor_dynamics_and_semantic_neighbor,rpp.11,RPP,successful,0.022594253572514433,-0.00070607042414107604,-0.010696103081683407,0.00023704040696851184
lowercase_modal_tokens,v3_auditory_change_detection_simple_sounds_,rpp.139,RPP,successful,0.064583333333333326,-0.0020182291666666664,-0.0093416166377860241,0.0015915268508658945
lowercase_modal_tokens,v3_availability_a_heuristic_for_judging_fre,ml3.4,ML3,successful,-0.0087714041500947665,0.00027410637969046145,-0.011707898492090155,-0.00077475500343823604
lowercase_modal_tokens,v3_balancing_connectedness_and_self_protect,rpp.93,RPP,failed,0.010206279280493336,0.00025515698201233341,-0.011084256868463573,-0.00015111337981165394
lowercase_modal_tokens,v3_cloningertextquotesingles_psychobiologic,ml3.8,ML3,failed,-0.0060206259200222944,-0.00015051564800055737,-0.010668182376142662,0.00026496111250925644
lowercase_modal_tokens,v3_conflict_triggered_goal_shielding_respon,rpp.158,RPP,successful,-0.025000000000000022,0.00078125000000000069,-0.012231401584022587,-0.001298258095370668
lowercase_modal_tokens,v3_decision_making_and_learning_while_takin,rpp.39,RPP,failed,0.16495535714285714,0.0041238839285714281,-0.01505218194185752,-0.0041190384532056017
lowercase_modal_tokens,v3_effects_of_fluency_on_psychological_dist,rpp.104,RPP,failed,0.035900569777671185,0.00089751424444177962,-0.011743084829929676,-0.00080994134127775758
lowercase_modal_tokens,v3_effects_of_need_for_cognition_on_message,ml3.7,ML3,failed,-0.0075987841945288764,-0.00018996960486322191,-0.010627716779360443,0.00030542670929147551
lowercase_modal_tokens,v3_elaboration_enhances_the_imagined_contac,ml1.14,ML1,successful,0.038480617641627676,-0.0012025193013008649,-0.010183639724615239,0.00074950376403667973
lowercase_modal_tokens,v3_expectations_as_endowments_evidence_on_r,ee.9,EERP,failed,-0.010004625346901011,-0.00025011563367252529,-0.010566028544684235,0.00036711494396768352
lowercase_modal_tokens,v3_experiments_in_wording_questions_ii,ml1.10,ML1,successful,0.049433797909407662,-0.0015448061846689894,-0.0098303113288803982,0.0011028321597715204
lowercase_modal_tokens,v3_happiness_and_time_preference_the_effect,ee.14,EERP,failed,0.00098791973791973603,2.4697993447993402e-05,-0.010847888675064251,8.5254813587667608e-05
lowercase_modal_tokens,v3_head_up_foot_down_object_words_orient_at,rpp.167,RPP,failed,-0.098015089056545074,-0.0024503772264136267,-0.0083093499880266923,0.0026237935006252263
lowercase_modal_tokens,v3_hedonic_and_instrumental_motives_in_ange,rpp.142,RPP,successful,0.054768074714883222,-0.0017115023348401007,-0.0096582378835424754,0.0012749056051094432
lowercase_modal_tokens,v3_how_does_bilingualism_improve_executive_,rpp.22,RPP,failed,0.023160470780701367,0.00057901176951753416,-0.011416415624879167,-0.0004832721362272481
lowercase_modal_tokens,v3_how_the_head_liberates_the_heart_project,rpp.59,RPP,successful,0.033067629841823376,-0.0010333634325569805,-0.010358252234286344,0.00057489125436557473
lowercase_modal_tokens,v3_imperfect_public_monitoring_with_costly_,ee.2,EERP,successful,0.033673469387755117,-0.0010522959183673474,-0.010338709023127255,0.00059443446552466354
lowercase_modal_tokens,v3_increasing_and_decreasing_motor_and_cogn,rpp.49,RPP,failed,-0.05271619514965474,-0.0013179048787413685,-0.0094708600882033693,0.0014622834004485493
lowercase_modal_tokens,v3_individual_differences_in_the_regulation,rpp.53,RPP,failed,0.058391109959178372,0.0014597777489794594,-0.012319765347404218,-0.0013866218587522995
lowercase_modal_tokens,v3_it_feels_like_yesterday_self_esteem_vale,ml3.3,ML3,failed,0.017042081739526871,0.00042605204348817178,-0.01125953385459264,-0.00032639036594072149
lowercase_modal_tokens,v3_last_place_aversion_evidence_and_redistr,ee.18,EERP,failed,0.1263325408390214,0.0031583135209755351,-0.014061853318682245,-0.0031287098300303261
lowercase_modal_tokens,v3_left_frontal_cortical_activation_and_spr,rpp.55,RPP,failed,-0.016734836648555376,-0.00041837091621388438,-0.010393459024128995,0.00053968446452292394
lowercase_modal_tokens,v3_measuring_the_crowd_within_probabilistic,rpp.116,RPP,successful,-0.017726841980573324,0.00055396381189291638,-0.011996783583395915,-0.0010636400947439967
lowercase_modal_tokens,v3_multidimensional_visual_statistical_lear,rpp.29,RPP,successful,0.058722029144564342,-0.0018350634107676357,-0.0095306909664559895,0.0014024525221959291
lowercase_modal_tokens,v3_multiple_roles_for_time_in_short_term_me,rpp.33,RPP,successful,-0.015481041312959819,0.00048378254102999434,-0.011924338400569671,-0.00099119491191775218
lowercase_modal_tokens,v3_not_so_innocent_does_seeing_one_s_own_ca,rpp.65,RPP,failed,-0.033634126333059899,-0.00084085315832649744,-0.0099601439040134937,0.00097299958463842491
lowercase_modal_tokens,v3_on_the_additive_effects_of_stimulus_qual,rpp.27,RPP,successful,0.076388888888888881,-0.0023871527777777775,-0.0089607922650261646,0.001972351223625754
lowercase_modal_tokens,v3_opening_the_mind_to_close_it_considering,rpp.72,RPP,failed,-0.038914027149321281,-0.00097285067873303206,-0.0098247618318016636,0.001108381656850255
lowercase_modal_tokens,v3_orienting_attention_in_visual_working_me,rpp.37,RPP,failed,0.025355596784168211,0.00063388991960420529,-0.011472700907019342,-0.00053955741836742357
lowercase_modal_tokens,v3_perceptual_mechanisms_that_characterize_,rpp.110,RPP,failed,-0.057205513784461121,-0.001430137844611528,-0.009355749353977566,0.0015773941346743526
lowercase_modal_tokens,v3_poignancy_mixed_emotional_experience_in_,rpp.61,RPP,failed,0.032855436081242528,0.00082138590203106323,-0.011665004478739197,-0.00073186099008727863
lowercase_modal_tokens,v3_precision_of_the_anchor_influences_the_a,rpp.111,RPP,successful,-0.010100254791182005,0.00031563296222443765,-0.011750764641802646,-0.00081762115315072749
lowercase_modal_tokens,v3_priming_addition_facts_with_semantic_rel,rpp.24,RPP,successful,0.031216931216931212,-0.00097552910052910039,-0.010417952189928026,0.00051519129872389276
lowercase_modal_tokens,v3_response_scales_effects_of_category_rang,ml1.8,ML1,successful,0.045608274908659999,-0.001425258590895625,-0.0099537152966464523,0.00097942819200546628
lowercase_modal_tokens,v3_running_on_empty_neural_signals_for_self,ml3.5,ML3,successful,0.10195286195286195,-0.0031860269360269359,-0.0081361479726399372,0.0027969955160119814
lowercase_modal_tokens,v3_screening_competition_and_job_design_eco,ee.3,EERP,successful,0.032355622519556954,-0.0010111132037361548,-0.010381220212423973,0.00055192327622794607
lowercase_modal_tokens,v3_selective_exposure_and_information_quant,rpp.84,RPP,successful,-0.030856586632057106,0.00096426833225178457,-0.012420323733443778,-0.0014871802447918598
lowercase_modal_tokens,v3_self_handicapping_excuse_making_and_coun,rpp.94,RPP,successful,0.047363939093520407,-0.0014801230966725127,-0.0098970809681025694,0.0010360625205493492
lowercase_modal_tokens,v3_self_regulation_and_selective_exposure_t,rpp.86,RPP,failed,0.0073648971783835532,0.00018412242945958882,-0.011011400917127427,-7.8257428475508525e-05
lowercase_modal_tokens,v3_semantic_interference_in_a_delayed_namin,rpp.28,RPP,failed,0.038650023116042528,0.00096625057790106325,-0.011813583633477658,-0.00088044014482573964
lowercase_modal_tokens,v3_slow_to_anger_and_fast_to_forgive_cooper,ee.12,EERP,successful,0.026140266530918776,-0.00081688332909121177,-0.010581715566896173,0.00035142792175574603
lowercase_modal_tokens,v3_terror_management_and_adults_attachment_,rpp.48,RPP,failed,-0.0031167107513016684,-7.7917768782541716e-05,-0.010742641739443191,0.00019050174920872721
lowercase_modal_tokens,v3_thar_she_bursts_reducing_confusion_reduc,ee.16,EERP,successful,0.021108214535021499,-0.00065963170421942186,-0.01074403982482834,0.00018910366382357893
lowercase_modal_tokens,v3_the_economics_of_credence_goods_an_exper,ee.8,EERP,successful,0.057984213721918643,-0.0018120066788099576,-0.0095544914639606911,0.0013786520246912275
lowercase_modal_tokens,v3_the_effect_of_global_versus_local_proces,rpp.64,RPP,failed,-0.058205993840322198,-0.001455149846008055,-0.0093300960192118955,0.0016030474694400231
lowercase_modal_tokens,v3_the_face_of_success_inferences_from_chie,rpp.82,RPP,failed,-0.012310196836049066,-0.00030775492090122662,-0.010506911327013771,0.00042623216163814766
lowercase_modal_tokens,v3_the_framing_of_decisions_and_the_psychol,ml1.2,ML1,successful,-0.055021367521367506,0.0017194177350427346,-0.013199832794389278,-0.0022666893057373596
lowercase_modal_tokens,v3_the_lure_of_authority_motivation_and_inc,ee.10,EERP,successful,-0.037912948699128646,0.0011847796468477702,-0.012647948316252541,-0.001714804827600622
lowercase_modal_tokens,v3_the_nonverbal_expression_of_pride_eviden,rpp.69,RPP,successful,-0.051856697874396999,0.0016205218085749062,-0.01309774667674507,-0.0021646031880931515
lowercase_modal_tokens,v3_the_potential_of_social_identity_for_equ,ee.5,EERP,failed,-0.037164778955060283,-0.00092911947387650711,-0.0098696143496032271,0.0010635291390486915
lowercase_modal_tokens,v3_the_representation_of_simple_ensemble_vi,rpp.122,RPP,successful,-0.00066443639067001459,2.0763637208437956e-05,-0.011446383403076455,-0.00051323991442453649
lowercase_modal_tokens,v3_the_space_between_us_stereotype_threat_a,rpp.87,RPP,failed,0.014940092407019739,0.00037350231017549347,-0.011205636692220661,-0.00027249320356874211
lowercase_modal_tokens,v3_the_stroop_effect_why_proportion_congrue,rpp.15,RPP,successful,0.032242353954774081,-0.00100757356108669,-0.010384874037094387,0.00054826945155753148
lowercase_modal_tokens,v3_the_threat_of_appearing_prejudiced_and_r,rpp.129,RPP,failed,0.063531979560205329,0.0015882994890051333,-0.012451582516661319,-0.0015184390280094003
lowercase_modal_tokens,v3_the_ultimate_sampling_dilemma_in_experie,rpp.17,RPP,successful,0.086466165413533816,-0.0027020676691729317,-0.0086357188287472988,0.0022974246599046198
lowercase_modal_tokens,v3_toward_a_physiology_of_dual_process_reas,rpp.118,RPP,failed,-0.035182714055457635,-0.00087956785138644088,-0.0099204365265161132,0.0010127069621358054
lowercase_modal_tokens,v3_tracing_attention_and_the_activation_flo,rpp.1,RPP,failed,-0.0074180696845703026,-0.00018545174211425758,-0.010632350484743994,0.00030079300390792492
lowercase_modal_tokens,v3_walking_on_eggshells_how_expressing_rela,rpp.58,RPP,failed,0.0082251082251082186,0.00020562770562770546,-0.011033457610633186,-0.00010031412198126775
lowercase_modal_tokens,v3_weight_as_an_embodiment_of_importance,ml3.10,ML3,failed,0.011748145026420131,0.00029370362566050331,-0.011123791887589904,-0.00019064839893798494
lowercase_modal_tokens,v3_when_does_between_sequence_phonological_,rpp.12,RPP,failed,-0.050309845077461265,-0.0012577461269365317,-0.0095325613721057648,0.0014005821165461538
lowercase_modal_tokens,v3_where_do_we_look_during_potentially_offe,rpp.132,RPP,failed,0.077684407096171817,0.0019421101774042954,-0.012814465273993792,-0.0018813217853418732
lowercase_modal_tokens,v3_why_do_implicit_and_explicit_attitude_te,rpp.44,RPP,successful,0.0016483516483516564,-5.1510989010989262e-05,-0.011371777337301561,-0.00043863384864964265
lowercase_modal_tokens,v3_why_people_are_reluctant_to_tempt_fate,rpp.68,RPP,failed,-0.038010481125955738,-0.00095026202814889348,-0.009847929678554624,0.0010852138100972946
lowercase_modal_tokens,v3_working_memory_costs_of_task_switching,rpp.3,RPP,failed,0.037465451399877628,0.00093663628499694067,-0.011783209999729838,-0.00085006651107791958
