feature,cohort,resampling,metric,n_negative,n_positive,mean_negative,mean_positive,estimate,ci95_low,ci95_high,n_draws,dropped_draws,n_components_in_fixed_graph,n_components_with_eligible_source
epistemic_adverb_tokens,full72,frozen_shared_text_component,filter_shift,40,32,0.00088914388732755606,0.001650246312435179,-0.00076110242510762298,-0.0070827521524667687,0.0052894861582290344,19999,0,89,59
epistemic_adverb_tokens,full72,frozen_shared_text_component,account_retained_weight,40,32,0.00044438817492613617,0.00066688982822826369,-0.00022250165330212751,-0.0044599119537536243,0.0046201187665643947,19999,0,89,59
epistemic_adverb_tokens,full72,frozen_shared_text_component,account_excluded_incidence,40,32,0.0004447557124014201,0.00098335648420691513,-0.00053860077180549503,-0.0058511662759666095,0.0034852020210760204,19999,0,89,59
epistemic_adverb_tokens,nonempty_negative_each_period,frozen_shared_text_component,filter_shift,40,32,0.00088914388732755606,0.001650246312435179,-0.00076110242510762298,-0.0070827521524667687,0.0052894861582290344,19999,0,89,59
epistemic_adverb_tokens,nonempty_negative_each_period,frozen_shared_text_component,retention_component,40,32,0.0004140674980864234,-0.00032311656570927492,0.00073718406379569832,-2.5959085985654672e-05,0.0016277355506288482,19999,0,89,59
epistemic_adverb_tokens,nonempty_negative_each_period,frozen_shared_text_component,stratum_distribution_component,40,32,0.0004750763892411326,0.0019733628781444536,-0.001498286488903321,-0.0080138214427805075,0.0046007273653829337,19999,0,89,59
epistemic_adverb_tokens,nonempty_negative_each_period,frozen_shared_text_component,account_retained_weight,40,32,0.00044438817492613617,0.00066688982822826369,-0.00022250165330212751,-0.0044599119537536243,0.0046201187665643947,19999,0,89,59
epistemic_adverb_tokens,nonempty_negative_each_period,frozen_shared_text_component,account_excluded_incidence,40,32,0.0004447557124014201,0.00098335648420691513,-0.00053860077180549503,-0.0058511662759666095,0.0034852020210760204,19999,0,89,59
epistemic_adverb_tokens,negative10_each_period,frozen_shared_text_component,filter_shift,32,27,0.0019966883045128307,0.00099777788298418039,0.0009989104215286503,-0.0036731849066341487,0.0064940930259248042,19999,0,89,48
epistemic_adverb_tokens,negative10_each_period,frozen_shared_text_component,retention_component,32,27,0.00027908175147122447,-0.00022567350345608584,0.00050475525492731034,-9.7766354517050263e-05,0.0012611104706155706,19999,0,89,48
epistemic_adverb_tokens,negative10_each_period,frozen_shared_text_component,stratum_distribution_component,32,27,0.001717606553041606,0.0012234513864402665,0.00049415516660133952,-0.0040487264165255379,0.0055732687180171424,19999,0,89,48
epistemic_adverb_tokens,negative10_each_period,frozen_shared_text_component,account_retained_weight,32,27,0.0011152228306777225,0.001422599103093779,-0.00030737627241605656,-0.004841579504989325,0.0049769857499947587,19999,0,89,48
epistemic_adverb_tokens,negative10_each_period,frozen_shared_text_component,account_excluded_incidence,32,27,0.00088146547383510842,-0.00042482122010959838,0.0013062866939447069,-0.00067584398739700007,0.0035514787811559336,19999,0,89,48
replication_word_tokens,full72,frozen_shared_text_component,filter_shift,40,32,-0.015292277649762648,0.00023676283655891628,-0.015529040486321564,-0.030842214941517419,-0.0029266808245347791,19999,0,89,59
replication_word_tokens,full72,frozen_shared_text_component,account_retained_weight,40,32,-0.0055885597180550571,0.0036226384334229595,-0.0092111981514780162,-0.021087203367671052,0.0017987038442262549,19999,0,89,59
replication_word_tokens,full72,frozen_shared_text_component,account_excluded_incidence,40,32,-0.0097037179317075901,-0.0033858755968640439,-0.0063178423348435458,-0.02007411750822238,0.005191621100799463,19999,0,89,59
replication_word_tokens,nonempty_negative_each_period,frozen_shared_text_component,filter_shift,40,32,-0.015292277649762648,0.00023676283655891628,-0.015529040486321564,-0.030842214941517419,-0.0029266808245347791,19999,0,89,59
replication_word_tokens,nonempty_negative_each_period,frozen_shared_text_component,retention_component,40,32,-0.001925104546217435,0.00040091243379882982,-0.0023260169800162649,-0.0041782986543789273,-0.00073726894984057817,19999,0,89,59
replication_word_tokens,nonempty_negative_each_period,frozen_shared_text_component,stratum_distribution_component,40,32,-0.013367173103545214,-0.00016414959723991306,-0.013203023506305301,-0.02728102651215282,-0.0014662630656520795,19999,0,89,59
replication_word_tokens,nonempty_negative_each_period,frozen_shared_text_component,account_retained_weight,40,32,-0.0055885597180550571,0.0036226384334229595,-0.0092111981514780162,-0.021087203367671052,0.0017987038442262549,19999,0,89,59
replication_word_tokens,nonempty_negative_each_period,frozen_shared_text_component,account_excluded_incidence,40,32,-0.0097037179317075901,-0.0033858755968640439,-0.0063178423348435458,-0.02007411750822238,0.005191621100799463,19999,0,89,59
replication_word_tokens,negative10_each_period,frozen_shared_text_component,filter_shift,32,27,-0.015715535471737603,-0.0012772993071706203,-0.014438236164566983,-0.032155871479718975,-0.00042936052508297563,19999,0,89,48
replication_word_tokens,negative10_each_period,frozen_shared_text_component,retention_component,32,27,-0.0018191631724106129,0.0003949330589095285,-0.0022140962313201415,-0.0043109146459444454,-0.00045681068107969913,19999,0,89,48
replication_word_tokens,negative10_each_period,frozen_shared_text_component,stratum_distribution_component,32,27,-0.013896372299326991,-0.0016722323660801476,-0.012224139933246843,-0.028373672429425942,0.00078270758643637309,19999,0,89,48
replication_word_tokens,negative10_each_period,frozen_shared_text_component,account_retained_weight,32,27,-0.0064508273940819252,0.0019125450216229789,-0.0083633724157049037,-0.021521153559622728,0.0032173116661942018,19999,0,89,48
replication_word_tokens,negative10_each_period,frozen_shared_text_component,account_excluded_incidence,32,27,-0.0092647080776556787,-0.003189844328793599,-0.0060748637488620798,-0.022512053920291254,0.0080354335215128553,19999,0,89,48
lowercase_modal_tokens,full72,frozen_shared_text_component,filter_shift,40,32,0.0043128574678386756,0.015246000956490591,-0.010933143488651915,-0.033617367357964008,0.013435540770069259,19999,0,89,59
lowercase_modal_tokens,full72,frozen_shared_text_component,account_retained_weight,40,32,0.0058269667196456732,0.010403772603685003,-0.0045768058840393302,-0.025005496471917625,0.017228478532962235,19999,0,89,59
lowercase_modal_tokens,full72,frozen_shared_text_component,account_excluded_incidence,40,32,-0.0015141092518069974,0.0048422283528055969,-0.0063563376046125945,-0.023126674601246417,0.010314361026790148,19999,0,89,59
lowercase_modal_tokens,nonempty_negative_each_period,frozen_shared_text_component,filter_shift,40,32,0.0043128574678386756,0.015246000956490591,-0.010933143488651915,-0.033617367357964008,0.013435540770069259,19999,0,89,59
lowercase_modal_tokens,nonempty_negative_each_period,frozen_shared_text_component,retention_component,40,32,0.0014640704345027916,-0.00021115982107709096,0.0016752302555798826,-0.002260848111812006,0.0057937310341042263,19999,0,89,59
lowercase_modal_tokens,nonempty_negative_each_period,frozen_shared_text_component,stratum_distribution_component,40,32,0.002848787033335882,0.01545716077756768,-0.012608373744231797,-0.034978071550764669,0.011435559181256336,19999,0,89,59
lowercase_modal_tokens,nonempty_negative_each_period,frozen_shared_text_component,account_retained_weight,40,32,0.0058269667196456732,0.010403772603685003,-0.0045768058840393302,-0.025005496471917625,0.017228478532962235,19999,0,89,59
lowercase_modal_tokens,nonempty_negative_each_period,frozen_shared_text_component,account_excluded_incidence,40,32,-0.0015141092518069974,0.0048422283528055969,-0.0063563376046125945,-0.023126674601246417,0.010314361026790148,19999,0,89,59
lowercase_modal_tokens,negative10_each_period,frozen_shared_text_component,filter_shift,32,27,0.0065942586805842786,0.011185462080535802,-0.0045912033999515236,-0.029009946027679836,0.021190100166807103,19999,0,89,48
lowercase_modal_tokens,negative10_each_period,frozen_shared_text_component,retention_component,32,27,0.00064539362490408298,-0.0011484078000176211,0.001793801424921704,-0.0014507278934658581,0.0047727511009030442,19999,0,89,48
lowercase_modal_tokens,negative10_each_period,frozen_shared_text_component,stratum_distribution_component,32,27,0.0059488650556801977,0.012333869880553426,-0.0063850048248732284,-0.030590891026577555,0.019285467318193233,19999,0,89,48
lowercase_modal_tokens,negative10_each_period,frozen_shared_text_component,account_retained_weight,32,27,0.00091298906713907827,0.010248915987727199,-0.009335926920588121,-0.032255037172016755,0.015242882495772594,19999,0,89,48
lowercase_modal_tokens,negative10_each_period,frozen_shared_text_component,account_excluded_incidence,32,27,0.005681269613445201,0.00093654609280860858,0.0047447235206365922,-0.012542669173559574,0.021442796105118615,19999,0,89,48
