analysis_claim_id,source_id,project,criterion,feature,pre_n_positive,pre_n_negative,pre_hit_positive,pre_hit_negative,pre_positive_incidence,pre_negative_incidence,pre_all_incidence,pre_excluded_share,pre_filter_gap,pre_weighted_retained_incidence,pre_excluded_incidence_all_denominator,post_n_positive,post_n_negative,post_hit_positive,post_hit_negative,post_positive_incidence,post_negative_incidence,post_all_incidence,post_excluded_share,post_filter_gap,post_weighted_retained_incidence,post_excluded_incidence_all_denominator,all_event_change,positive_event_change,filter_shift,account_retained_weight,account_excluded_incidence,decomposition_eligible,negative10_eligible,retention_component,stratum_distribution_component
v3_1_f_noise_and_effort_on_implicit_measure,rpp.63,RPP,failed,epistemic_adverb_tokens,28,23,0,0,0,0,0,0.45098039215686275,0,0,0,15,23,1,0,0.066666666666666666,0,0.026315789473684209,0.60526315789473684,0.040350877192982457,0.040350877192982457,0,0.026315789473684209,0.066666666666666666,0.040350877192982457,0.040350877192982457,-0,True,True,0.0051427588579291365,0.035208118335053322
v3_1_f_noise_and_effort_on_implicit_measure,rpp.63,RPP,failed,replication_word_tokens,28,23,2,2,0.071428571428571425,0.086956521739130432,0.078431372549019607,0.45098039215686275,-0.0070028011204481821,0.032212885154061621,0.039215686274509803,15,23,0,5,0,0.21739130434782608,0.13157894736842105,0.60526315789473684,-0.13157894736842105,0,0.13157894736842105,0.053147574819401439,-0.071428571428571425,-0.12457614624797286,-0.032212885154061621,-0.092363261093911242,True,True,-0.017967713401149932,-0.10660843284682295
v3_1_f_noise_and_effort_on_implicit_measure,rpp.63,RPP,failed,lowercase_modal_tokens,28,23,6,3,0.21428571428571427,0.13043478260869565,0.17647058823529413,0.45098039215686275,0.037815126050420145,0.096638655462184864,0.058823529411764705,15,23,0,0,0,0,0,0.60526315789473684,0,0,0,-0.17647058823529413,-0.21428571428571427,-0.037815126050420145,-0.096638655462184864,0.058823529411764705,True,True,0.0064683768244139751,-0.044283502874834145
v3_a_motion_aftereffect_from_still_photogra,rpp.127,RPP,successful,epistemic_adverb_tokens,20,14,0,0,0,0,0,0.41176470588235292,0,0,0,14,11,0,0,0,0,0,0.44,0,0,0,0,0,0,0,-0,True,True,0,0
v3_a_motion_aftereffect_from_still_photogra,rpp.127,RPP,successful,replication_word_tokens,20,14,1,1,0.050000000000000003,0.071428571428571425,0.058823529411764705,0.41176470588235292,-0.0088235294117647023,0.020588235294117647,0.029411764705882353,14,11,0,0,0,0,0,0.44,0,0,0,-0.058823529411764705,-0.050000000000000003,0.0088235294117647023,-0.020588235294117647,0.029411764705882353,True,True,-0.00030252100840336149,0.0091260504201680654
v3_a_motion_aftereffect_from_still_photogra,rpp.127,RPP,successful,lowercase_modal_tokens,20,14,4,1,0.20000000000000001,0.071428571428571425,0.14705882352941177,0.41176470588235292,0.052941176470588241,0.082352941176470587,0.029411764705882353,14,11,0,3,0,0.27272727272727271,0.12,0.44,-0.12,0,0.12,-0.027058823529411774,-0.20000000000000001,-0.17294117647058824,-0.082352941176470587,-0.090588235294117636,True,True,-0.0020351413292589776,-0.17090603514132927
v3_a_single_exposure_to_the_american_flag_s,ml1.12,ML1,failed,epistemic_adverb_tokens,23,8,0,0,0,0,0,0.25806451612903225,0,0,0,53,43,0,1,0,0.023255813953488372,0.010416666666666666,0.44791666666666669,-0.010416666666666666,0,0.010416666666666666,0.010416666666666666,0,-0.010416666666666666,0,-0.010416666666666666,True,False,-0.0022075831457864471,-0.0082090835208802199
v3_a_single_exposure_to_the_american_flag_s,ml1.12,ML1,failed,replication_word_tokens,23,8,0,0,0,0,0,0.25806451612903225,0,0,0,53,43,4,4,0.075471698113207544,0.093023255813953487,0.083333333333333329,0.44791666666666669,-0.0078616352201257844,0.03380503144654088,0.041666666666666664,0.083333333333333329,0.075471698113207544,-0.0078616352201257844,0.03380503144654088,-0.041666666666666664,True,False,-0.0016661004873859979,-0.0061955347327397898
v3_a_single_exposure_to_the_american_flag_s,ml1.12,ML1,failed,lowercase_modal_tokens,23,8,3,0,0.13043478260869565,0,0.096774193548387094,0.25806451612903225,0.033660589060308554,0.033660589060308554,0,53,43,11,2,0.20754716981132076,0.046511627906976744,0.13541666666666666,0.44791666666666669,0.072130503144654107,0.092963836477987435,0.020833333333333332,0.038642473118279563,0.077112387202625116,0.038469914084345552,0.059303247417678881,-0.020833333333333332,True,False,0.027668133963351382,0.01080178012099416
v3_a_social_functional_approach_to_emotions,rpp.56,RPP,failed,epistemic_adverb_tokens,35,26,0,0,0,0,0,0.42622950819672129,0,0,0,48,25,0,0,0,0,0,0.34246575342465752,0,0,0,0,0,0,0,-0,True,True,-0,0
v3_a_social_functional_approach_to_emotions,rpp.56,RPP,failed,replication_word_tokens,35,26,0,0,0,0,0,0.42622950819672129,0,0,0,48,25,1,0,0.020833333333333332,0,0.013698630136986301,0.34246575342465752,0.0071347031963470316,0.0071347031963470316,0,0.013698630136986301,0.020833333333333332,0.0071347031963470316,0.0071347031963470316,-0,True,True,-0.0008725391122089976,0.0080072423085560292
v3_a_social_functional_approach_to_emotions,rpp.56,RPP,failed,lowercase_modal_tokens,35,26,6,1,0.17142857142857143,0.038461538461538464,0.11475409836065574,0.42622950819672129,0.05667447306791569,0.0730679156908665,0.016393442622950821,48,25,6,1,0.125,0.040000000000000001,0.095890410958904104,0.34246575342465752,0.029109589041095896,0.042808219178082189,0.013698630136986301,-0.018863687401751636,-0.04642857142857143,-0.027564884026819794,-0.030259696512784311,0.0026948124859645199,True,True,-0.009128868548922444,-0.018436015477897357
v3_accelerated_relearning_after_retrieval_i,rpp.4,RPP,failed,epistemic_adverb_tokens,17,17,0,0,0,0,0,0.5,0,0,0,32,12,0,0,0,0,0,0.27272727272727271,0,0,0,0,0,0,0,-0,True,True,-0,0
v3_accelerated_relearning_after_retrieval_i,rpp.4,RPP,failed,replication_word_tokens,17,17,2,1,0.11764705882352941,0.058823529411764705,0.088235294117647065,0.5,0.029411764705882346,0.058823529411764705,0.029411764705882353,32,12,2,0,0.0625,0,0.045454545454545456,0.27272727272727271,0.017045454545454544,0.017045454545454544,0,-0.042780748663101609,-0.05514705882352941,-0.012366310160427801,-0.041778074866310161,0.029411764705882353,True,True,-0.013786764705882354,0.0014204545454545457
v3_accelerated_relearning_after_retrieval_i,rpp.4,RPP,failed,lowercase_modal_tokens,17,17,2,1,0.11764705882352941,0.058823529411764705,0.088235294117647065,0.5,0.029411764705882346,0.058823529411764705,0.029411764705882353,32,12,8,1,0.25,0.083333333333333329,0.20454545454545456,0.27272727272727271,0.045454545454545442,0.068181818181818177,0.022727272727272728,0.11631016042780749,0.13235294117647059,0.016042780748663096,0.0093582887700534717,0.0066844919786096246,True,True,-0.025623885918003571,0.041666666666666671
v3_action_dynamics_reveal_parallel_competit,rpp.112,RPP,successful,epistemic_adverb_tokens,25,33,0,0,0,0,0,0.56896551724137934,0,0,0,38,74,0,0,0,0,0,0.6607142857142857,0,0,0,0,0,0,0,-0,True,True,0,0
v3_action_dynamics_reveal_parallel_competit,rpp.112,RPP,successful,replication_word_tokens,25,33,1,1,0.040000000000000001,0.030303030303030304,0.034482758620689655,0.56896551724137934,0.0055172413793103461,0.022758620689655173,0.017241379310344827,38,74,1,0,0.026315789473684209,0,0.0089285714285714281,0.6607142857142857,0.017387218045112781,0.017387218045112781,0,-0.025554187192118227,-0.013684210526315792,0.011869976665802435,-0.0053714026445423925,0.017241379310344827,True,True,0.0016520631516094304,0.010217913514193004
v3_action_dynamics_reveal_parallel_competit,rpp.112,RPP,successful,lowercase_modal_tokens,25,33,5,4,0.20000000000000001,0.12121212121212122,0.15517241379310345,0.56896551724137934,0.044827586206896558,0.11379310344827587,0.068965517241379309,38,74,3,1,0.078947368421052627,0.013513513513513514,0.035714285714285712,0.6607142857142857,0.043233082706766915,0.052161654135338339,0.0089285714285714281,-0.11945812807881774,-0.12105263157894738,-0.0015945035001296431,-0.061631449312937528,0.060036945812807885,True,True,0.0066160832267910278,-0.0082105867269206736
v3_affective_incoherence_when_affective_con,rpp.52,RPP,failed,epistemic_adverb_tokens,20,16,0,0,0,0,0,0.44444444444444442,0,0,0,17,5,0,0,0,0,0,0.22727272727272727,0,0,0,0,0,0,0,-0,True,False,-0,0
v3_affective_incoherence_when_affective_con,rpp.52,RPP,failed,replication_word_tokens,20,16,3,0,0.14999999999999999,0,0.083333333333333329,0.44444444444444442,0.066666666666666666,0.066666666666666666,0,17,5,0,0,0,0,0,0.22727272727272727,0,0,0,-0.083333333333333329,-0.14999999999999999,-0.066666666666666666,-0.066666666666666666,-0,True,False,-0.016287878787878785,-0.050378787878787877
v3_affective_incoherence_when_affective_con,rpp.52,RPP,failed,lowercase_modal_tokens,20,16,1,0,0.050000000000000003,0,0.027777777777777776,0.44444444444444442,0.022222222222222227,0.022222222222222223,0,17,5,1,0,0.058823529411764705,0,0.045454545454545456,0.22727272727272727,0.013368983957219249,0.013368983957219251,0,0.01767676767676768,0.0088235294117647023,-0.0088532382650029773,-0.0088532382650029721,-0,True,False,-0.011816696375519905,0.0029634581105169328
v3_attractor_dynamics_and_semantic_neighbor,rpp.11,RPP,successful,epistemic_adverb_tokens,22,24,0,0,0,0,0,0.52173913043478259,0,0,0,32,20,0,0,0,0,0,0.38461538461538464,0,0,0,0,0,0,0,-0,True,True,-0,0
v3_attractor_dynamics_and_semantic_neighbor,rpp.11,RPP,successful,replication_word_tokens,22,24,0,0,0,0,0,0.52173913043478259,0,0,0,32,20,0,0,0,0,0,0.38461538461538464,0,0,0,0,0,0,0,-0,True,True,-0,0
v3_attractor_dynamics_and_semantic_neighbor,rpp.11,RPP,successful,lowercase_modal_tokens,22,24,2,3,0.090909090909090912,0.125,0.10869565217391304,0.52173913043478259,-0.017786561264822129,0.047430830039525688,0.065217391304347824,32,20,2,1,0.0625,0.050000000000000003,0.057692307692307696,0.38461538461538464,0.0048076923076923045,0.02403846153846154,0.019230769230769232,-0.051003344481605345,-0.028409090909090912,0.022594253572514433,-0.023392368501064149,0.045986622073578592,True,True,0.0014803131650957735,0.021113940407418666
v3_auditory_change_detection_simple_sounds_,rpp.139,RPP,successful,epistemic_adverb_tokens,15,15,0,0,0,0,0,0.5,0,0,0,16,16,0,0,0,0,0,0.5,0,0,0,0,0,0,0,-0,True,True,0,0
v3_auditory_change_detection_simple_sounds_,rpp.139,RPP,successful,replication_word_tokens,15,15,0,0,0,0,0,0.5,0,0,0,16,16,0,1,0,0.0625,0.03125,0.5,-0.03125,0,0.03125,0.03125,0,-0.03125,0,-0.03125,True,True,-0,-0.03125
v3_auditory_change_detection_simple_sounds_,rpp.139,RPP,successful,lowercase_modal_tokens,15,15,3,4,0.20000000000000001,0.26666666666666666,0.23333333333333334,0.5,-0.033333333333333326,0.10000000000000001,0.13333333333333333,16,16,4,3,0.25,0.1875,0.21875,0.5,0.03125,0.125,0.09375,-0.014583333333333337,0.049999999999999989,0.064583333333333326,0.024999999999999994,0.039583333333333331,True,True,-0,0.064583333333333326
v3_availability_a_heuristic_for_judging_fre,ml3.4,ML3,successful,epistemic_adverb_tokens,57,54,2,1,0.035087719298245612,0.018518518518518517,0.027027027027027029,0.48648648648648651,0.0080606922712185836,0.017069701280227598,0.0090090090090090089,33,8,0,0,0,0,0,0.1951219512195122,0,0,0,-0.027027027027027029,-0.035087719298245612,-0.0080606922712185836,-0.017069701280227598,0.0090090090090090089,True,False,-0.0024138387424651867,-0.0056468535287534007
v3_availability_a_heuristic_for_judging_fre,ml3.4,ML3,successful,replication_word_tokens,57,54,0,0,0,0,0,0.48648648648648651,0,0,0,33,8,0,0,0,0,0,0.1951219512195122,0,0,0,0,0,0,0,-0,True,False,-0,0
v3_availability_a_heuristic_for_judging_fre,ml3.4,ML3,successful,lowercase_modal_tokens,57,54,8,8,0.14035087719298245,0.14814814814814814,0.14414414414414414,0.48648648648648651,-0.0037932669511616945,0.068278805120910391,0.072072072072072071,33,8,2,1,0.060606060606060608,0.125,0.073170731707317069,0.1951219512195122,-0.012564671101256461,0.011825572801182557,0.024390243902439025,-0.070973412436827074,-0.079744816586921841,-0.0087714041500947665,-0.056453232319727834,0.047681828169633046,True,False,0.010516979226863694,-0.019288383376958474
v3_balancing_connectedness_and_self_protect,rpp.93,RPP,failed,epistemic_adverb_tokens,93,35,1,0,0.010752688172043012,0,0.0078125,0.2734375,0.0029401881720430116,0.0029401881720430112,0,98,51,1,0,0.01020408163265306,0,0.0067114093959731542,0.34228187919463088,0.0034926722366799062,0.0034926722366799066,0,-0.0011010906040268458,-0.0005486065393899512,0.00055248406463689458,0.00055248406463689545,-0,True,True,0.00072137790356454354,-0.00016889383892764779
v3_balancing_connectedness_and_self_protect,rpp.93,RPP,failed,replication_word_tokens,93,35,1,0,0.010752688172043012,0,0.0078125,0.2734375,0.0029401881720430116,0.0029401881720430112,0,98,51,0,0,0,0,0,0.34228187919463088,0,0,0,-0.0078125,-0.010752688172043012,-0.0029401881720430116,-0.0029401881720430112,-0,True,True,0.0003701310709388757,-0.0033103192429818872
v3_balancing_connectedness_and_self_protect,rpp.93,RPP,failed,lowercase_modal_tokens,93,35,13,2,0.13978494623655913,0.057142857142857141,0.1171875,0.2734375,0.022597446236559127,0.038222446236559134,0.015625,98,51,19,5,0.19387755102040816,0.098039215686274508,0.16107382550335569,0.34228187919463088,0.032803725517052462,0.066360772496918227,0.033557046979865772,0.043886325503355694,0.05409260478384903,0.010206279280493336,0.028138326260359094,-0.017932046979865772,True,True,0.0061436870090642876,0.0040625922714290306
v3_cloningertextquotesingles_psychobiologic,ml3.8,ML3,failed,epistemic_adverb_tokens,49,22,1,0,0.020408163265306121,0,0.014084507042253521,0.30985915492957744,0.0063236562230525994,0.0063236562230526002,0,75,57,1,0,0.013333333333333334,0,0.007575757575757576,0.43181818181818182,0.0057575757575757582,0.0057575757575757582,0,-0.0065087494664959455,-0.0070748299319727866,-0.00056608046547684115,-0.00056608046547684202,-0,True,True,0.0020575400454676111,-0.0026236205109444535
v3_cloningertextquotesingles_psychobiologic,ml3.8,ML3,failed,replication_word_tokens,49,22,0,0,0,0,0,0.30985915492957744,0,0,0,75,57,1,0,0.013333333333333334,0,0.007575757575757576,0.43181818181818182,0.0057575757575757582,0.0057575757575757582,0,0.007575757575757576,0.013333333333333334,0.0057575757575757582,0.0057575757575757582,-0,True,True,0.00081306017925736264,0.0049445155783183958
v3_cloningertextquotesingles_psychobiologic,ml3.8,ML3,failed,lowercase_modal_tokens,49,22,1,0,0.020408163265306121,0,0.014084507042253521,0.30985915492957744,0.0063236562230525994,0.0063236562230526002,0,75,57,4,3,0.053333333333333337,0.052631578947368418,0.053030303030303032,0.43181818181818182,0.00030303030303030498,0.023030303030303033,0.022727272727272728,0.038945795988049509,0.032925170068027212,-0.0060206259200222944,0.016706646807250432,-0.022727272727272728,True,True,0.0012872725072237945,-0.0073078984272460894
v3_conflict_triggered_goal_shielding_respon,rpp.158,RPP,successful,epistemic_adverb_tokens,10,6,0,1,0,0.16666666666666666,0.0625,0.375,-0.0625,0,0.0625,20,15,0,0,0,0,0,0.42857142857142855,0,0,0,-0.0625,0,0.0625,0,0.0625,True,False,-0.0044642857142857123,0.066964285714285712
v3_conflict_triggered_goal_shielding_respon,rpp.158,RPP,successful,replication_word_tokens,10,6,0,0,0,0,0,0.375,0,0,0,20,15,3,0,0.14999999999999999,0,0.085714285714285715,0.42857142857142855,0.064285714285714279,0.064285714285714279,0,0.085714285714285715,0.14999999999999999,0.064285714285714279,0.064285714285714279,-0,True,False,0.0040178571428571407,0.060267857142857144
v3_conflict_triggered_goal_shielding_respon,rpp.158,RPP,successful,lowercase_modal_tokens,10,6,2,0,0.20000000000000001,0,0.125,0.375,0.075000000000000011,0.075000000000000011,0,20,15,5,2,0.25,0.13333333333333333,0.20000000000000001,0.42857142857142855,0.049999999999999989,0.10714285714285714,0.057142857142857141,0.075000000000000011,0.049999999999999989,-0.025000000000000022,0.032142857142857126,-0.057142857142857141,True,False,0.008482142857142853,-0.033482142857142863
v3_decision_making_and_learning_while_takin,rpp.39,RPP,failed,epistemic_adverb_tokens,24,46,0,0,0,0,0,0.65714285714285714,0,0,0,30,98,0,0,0,0,0,0.765625,0,0,0,0,0,0,0,-0,True,True,0,0
v3_decision_making_and_learning_while_takin,rpp.39,RPP,failed,replication_word_tokens,24,46,0,0,0,0,0,0.65714285714285714,0,0,0,30,98,0,0,0,0,0,0.765625,0,0,0,0,0,0,0,-0,True,True,0,0
v3_decision_making_and_learning_while_takin,rpp.39,RPP,failed,lowercase_modal_tokens,24,46,1,3,0.041666666666666664,0.065217391304347824,0.057142857142857141,0.65714285714285714,-0.015476190476190477,0.027380952380952381,0.042857142857142858,30,98,8,7,0.26666666666666666,0.071428571428571425,0.1171875,0.765625,0.14947916666666666,0.20416666666666666,0.0546875,0.060044642857142859,0.22500000000000001,0.16495535714285714,0.17678571428571427,-0.011830357142857142,True,True,0.0093125069321206757,0.15564285021073646
v3_effects_of_fluency_on_psychological_dist,rpp.104,RPP,failed,epistemic_adverb_tokens,41,34,0,1,0,0.029411764705882353,0.013333333333333334,0.45333333333333331,-0.013333333333333334,0,0.013333333333333334,107,66,0,0,0,0,0,0.38150289017341038,0,0,0,-0.013333333333333334,0,0.013333333333333334,0,0.013333333333333334,True,True,0.0010563300464694549,0.012277003286863878
v3_effects_of_fluency_on_psychological_dist,rpp.104,RPP,failed,replication_word_tokens,41,34,0,0,0,0,0,0.45333333333333331,0,0,0,107,66,5,0,0.046728971962616821,0,0.028901734104046242,0.38150289017341038,0.017827237858570578,0.017827237858570578,0,0.028901734104046242,0.046728971962616821,0.017827237858570578,0.017827237858570578,-0,True,True,-0.0016782813822411899,0.019505519240811769
v3_effects_of_fluency_on_psychological_dist,rpp.104,RPP,failed,lowercase_modal_tokens,41,34,4,4,0.097560975609756101,0.11764705882352941,0.10666666666666667,0.45333333333333331,-0.0091056910569105726,0.044227642276422764,0.053333333333333337,107,66,14,4,0.13084112149532709,0.060606060606060608,0.10404624277456648,0.38150289017341038,0.026794878720760612,0.049916266003997616,0.023121387283236993,-0.002620423892100196,0.033280145885570989,0.035900569777671185,0.0056886237275748514,0.030211946050096344,True,True,-0.0018011116452238782,0.037701681422895067
v3_effects_of_need_for_cognition_on_message,ml3.7,ML3,failed,epistemic_adverb_tokens,13,7,0,0,0,0,0,0.34999999999999998,0,0,0,94,60,0,0,0,0,0,0.38961038961038963,0,0,0,0,0,0,0,-0,True,False,0,0
v3_effects_of_need_for_cognition_on_message,ml3.7,ML3,failed,replication_word_tokens,13,7,0,0,0,0,0,0.34999999999999998,0,0,0,94,60,2,5,0.021276595744680851,0.083333333333333329,0.045454545454545456,0.38961038961038963,-0.024177949709864605,0.0082895827576678644,0.032467532467532464,0.045454545454545456,0.021276595744680851,-0.024177949709864605,0.0082895827576678644,-0.032467532467532464,True,False,-0.0012290457769181184,-0.022948903932946484
v3_effects_of_need_for_cognition_on_message,ml3.7,ML3,failed,lowercase_modal_tokens,13,7,0,0,0,0,0,0.34999999999999998,0,0,0,94,60,6,5,0.063829787234042548,0.083333333333333329,0.071428571428571425,0.38961038961038963,-0.0075987841945288764,0.024868748273003592,0.032467532467532464,0.071428571428571425,0.063829787234042548,-0.0075987841945288764,0.024868748273003592,-0.032467532467532464,True,False,-0.00038627152988855159,-0.0072125126646403245
v3_elaboration_enhances_the_imagined_contac,ml1.14,ML1,successful,epistemic_adverb_tokens,63,67,1,0,0.015873015873015872,0,0.0076923076923076927,0.51538461538461533,0.0081807081807081794,0.0081807081807081794,0,116,138,2,0,0.017241379310344827,0,0.007874015748031496,0.54330708661417326,0.0093673635623133314,0.0093673635623133314,0,0.00018170805572380322,0.0013683634373289552,0.001186655381605152,0.001186655381605152,-0,True,True,0.00046231787339580046,0.00072433750820935202
v3_elaboration_enhances_the_imagined_contac,ml1.14,ML1,successful,replication_word_tokens,63,67,1,1,0.015873015873015872,0.014925373134328358,0.015384615384615385,0.51538461538461533,0.00048840048840048667,0.0081807081807081794,0.0076923076923076927,116,138,1,6,0.0086206896551724137,0.043478260869565216,0.027559055118110236,0.54330708661417326,-0.018938365462937822,0.0046836817811566657,0.023622047244094488,0.01217443973349485,-0.0072523262178434585,-0.019426765951338309,-0.0034970263995515137,-0.015929739551786795,True,True,-0.00047342450112962408,-0.018953341450208681
v3_elaboration_enhances_the_imagined_contac,ml1.14,ML1,successful,lowercase_modal_tokens,63,67,4,3,0.063492063492063489,0.044776119402985072,0.053846153846153849,0.51538461538461533,0.0096459096459096394,0.032722832722832718,0.023076923076923078,116,138,17,8,0.14655172413793102,0.057971014492753624,0.098425196850393706,0.54330708661417326,0.048126527287537316,0.079622590279663313,0.031496062992125984,0.044579043004239857,0.083059660645867534,0.038480617641627676,0.046899757556830596,-0.0084191399152029056,True,True,0.0014979938634612988,0.036982623778166378
v3_expectations_as_endowments_evidence_on_r,ee.9,EERP,failed,epistemic_adverb_tokens,25,22,0,0,0,0,0,0.46808510638297873,0,0,0,56,82,0,0,0,0,0,0.59420289855072461,0,0,0,0,0,0,0,-0,True,True,0,0
v3_expectations_as_endowments_evidence_on_r,ee.9,EERP,failed,replication_word_tokens,25,22,1,0,0.040000000000000001,0,0.021276595744680851,0.46808510638297873,0.01872340425531915,0.01872340425531915,0,56,82,1,0,0.017857142857142856,0,0.007246376811594203,0.59420289855072461,0.010610766045548652,0.010610766045548654,0,-0.014030218933086647,-0.022142857142857145,-0.008112638209770498,-0.0081126382097704963,-0,True,True,0.003648407559138363,-0.01176104576890886
v3_expectations_as_endowments_evidence_on_r,ee.9,EERP,failed,lowercase_modal_tokens,25,22,6,2,0.23999999999999999,0.090909090909090912,0.1702127659574468,0.46808510638297873,0.069787234042553187,0.11234042553191489,0.042553191489361701,56,82,7,2,0.125,0.024390243902439025,0.065217391304347824,0.59420289855072461,0.059782608695652176,0.074275362318840576,0.014492753623188406,-0.10499537465309898,-0.11499999999999999,-0.010004625346901011,-0.038065063213074318,0.028060437866173293,True,True,0.015745848298193681,-0.025750473645094696
v3_experiments_in_wording_questions_ii,ml1.10,ML1,successful,epistemic_adverb_tokens,21,27,0,1,0,0.037037037037037035,0.020833333333333332,0.5625,-0.020833333333333332,0,0.020833333333333332,24,17,0,0,0,0,0,0.41463414634146339,0,0,0,-0.020833333333333332,0,0.020833333333333332,0,0.020833333333333332,True,True,0.0027382565492321594,0.018095076784101171
v3_experiments_in_wording_questions_ii,ml1.10,ML1,successful,replication_word_tokens,21,27,0,0,0,0,0,0.5625,0,0,0,24,17,0,0,0,0,0,0.41463414634146339,0,0,0,0,0,0,0,-0,True,True,-0,0
v3_experiments_in_wording_questions_ii,ml1.10,ML1,successful,lowercase_modal_tokens,21,27,1,2,0.047619047619047616,0.07407407407407407,0.0625,0.5625,-0.014880952380952384,0.026785714285714284,0.041666666666666664,24,17,2,0,0.083333333333333329,0,0.04878048780487805,0.41463414634146339,0.034552845528455278,0.034552845528455278,0,-0.01371951219512195,0.035714285714285712,0.049433797909407662,0.007767131242740994,0.041666666666666664,True,True,-0.0042051797006065301,0.053638977610014189
v3_happiness_and_time_preference_the_effect,ee.14,EERP,failed,epistemic_adverb_tokens,30,34,0,0,0,0,0,0.53125,0,0,0,88,60,0,0,0,0,0,0.40540540540540543,0,0,0,0,0,0,0,-0,True,True,-0,0
v3_happiness_and_time_preference_the_effect,ee.14,EERP,failed,replication_word_tokens,30,34,3,0,0.10000000000000001,0,0.046875,0.53125,0.053125000000000006,0.053125000000000006,0,88,60,0,1,0,0.016666666666666666,0.0067567567567567571,0.40540540540540543,-0.0067567567567567571,0,0.0067567567567567571,-0.040118243243243243,-0.10000000000000001,-0.059881756756756763,-0.053125000000000006,-0.0067567567567567571,True,True,-0.0052435247747747741,-0.054638231981981984
v3_happiness_and_time_preference_the_effect,ee.14,EERP,failed,lowercase_modal_tokens,30,34,1,1,0.033333333333333333,0.029411764705882353,0.03125,0.53125,0.0020833333333333329,0.017708333333333333,0.015625,88,60,8,5,0.090909090909090912,0.083333333333333329,0.087837837837837843,0.40540540540540543,0.0030712530712530689,0.036855036855036861,0.033783783783783786,0.056587837837837843,0.057575757575757579,0.00098791973791973603,0.019146703521703529,-0.018158783783783786,True,True,-0.00072343817748229543,0.0017113579154020367
v3_head_up_foot_down_object_words_orient_at,rpp.167,RPP,failed,epistemic_adverb_tokens,25,27,0,0,0,0,0,0.51923076923076927,0,0,0,43,49,0,0,0,0,0,0.53260869565217395,0,0,0,0,0,0,0,-0,True,True,0,0
v3_head_up_foot_down_object_words_orient_at,rpp.167,RPP,failed,replication_word_tokens,25,27,1,1,0.040000000000000001,0.037037037037037035,0.038461538461538464,0.51923076923076927,0.0015384615384615372,0.020769230769230772,0.019230769230769232,43,49,2,2,0.046511627906976744,0.040816326530612242,0.043478260869565216,0.53260869565217395,0.0030333670374115274,0.024772497472194135,0.021739130434782608,0.0050167224080267525,0.0065116279069767427,0.0014949054989499902,0.004003266702963363,-0.0025083612040133763,True,True,5.7914811634297404e-05,0.0014369906873156909
v3_head_up_foot_down_object_words_orient_at,rpp.167,RPP,failed,lowercase_modal_tokens,25,27,6,3,0.23999999999999999,0.1111111111111111,0.17307692307692307,0.51923076923076927,0.066923076923076918,0.12461538461538463,0.057692307692307696,43,49,1,4,0.023255813953488372,0.081632653061224483,0.05434782608695652,0.53260869565217395,-0.031092012133468148,0.012386248736097068,0.043478260869565216,-0.11872909698996656,-0.21674418604651163,-0.098015089056545074,-0.11222913587928757,0.014214046822742479,True,True,0.00047165250689734265,-0.09848674156344242
v3_hedonic_and_instrumental_motives_in_ange,rpp.142,RPP,successful,epistemic_adverb_tokens,39,17,0,0,0,0,0,0.30357142857142855,0,0,0,94,50,0,0,0,0,0,0.34722222222222221,0,0,0,0,0,0,0,-0,True,True,0,0
v3_hedonic_and_instrumental_motives_in_ange,rpp.142,RPP,successful,replication_word_tokens,39,17,0,0,0,0,0,0.30357142857142855,0,0,0,94,50,2,0,0.021276595744680851,0,0.013888888888888888,0.34722222222222221,0.0073877068557919624,0.0073877068557919616,0,0.013888888888888888,0.021276595744680851,0.0073877068557919624,0.0073877068557919616,-0,True,True,0.00046437014522120916,0.006923336710570752
v3_hedonic_and_instrumental_motives_in_ange,rpp.142,RPP,successful,lowercase_modal_tokens,39,17,3,2,0.076923076923076927,0.11764705882352941,0.089285714285714288,0.30357142857142855,-0.01236263736263736,0.023351648351648352,0.035714285714285712,94,50,19,4,0.20212765957446807,0.080000000000000002,0.15972222222222221,0.34722222222222221,0.042405437352245862,0.070183215130023638,0.027777777777777776,0.070436507936507922,0.12520458265139114,0.054768074714883222,0.046831566778375286,0.0079365079365079361,True,True,0.0017766675682820868,0.052991407146601117
v3_how_does_bilingualism_improve_executive_,rpp.22,RPP,failed,epistemic_adverb_tokens,95,82,1,0,0.010526315789473684,0,0.0056497175141242938,0.4632768361581921,0.0048765982753493902,0.0048765982753493902,0,91,67,0,0,0,0,0,0.42405063291139239,0,0,0,-0.0056497175141242938,-0.010526315789473684,-0.0048765982753493902,-0.0048765982753493902,-0,True,True,-0.00020645370129894583,-0.0046701445740504445
v3_how_does_bilingualism_improve_executive_,rpp.22,RPP,failed,replication_word_tokens,95,82,9,3,0.094736842105263161,0.036585365853658534,0.067796610169491525,0.4632768361581921,0.026940231935771636,0.043889384478144514,0.016949152542372881,91,67,1,4,0.01098901098901099,0.059701492537313432,0.031645569620253167,0.42405063291139239,-0.020656558631242175,0.0046598970649603562,0.025316455696202531,-0.036151040549238359,-0.083747831116252169,-0.047596790567013811,-0.039229487413184161,-0.00836730315382965,True,True,-0.00018512796233859872,-0.047411662604675213
v3_how_does_bilingualism_improve_executive_,rpp.22,RPP,failed,lowercase_modal_tokens,95,82,14,7,0.14736842105263157,0.085365853658536592,0.11864406779661017,0.4632768361581921,0.028724353256021393,0.068272375854891459,0.03954802259887006,91,67,22,8,0.24175824175824176,0.11940298507462686,0.189873417721519,0.42405063291139239,0.05188482403672276,0.10251773542912783,0.050632911392405063,0.071229349924908827,0.094389820705610195,0.023160470780701367,0.03424535957423637,-0.011084888793535003,True,True,-0.0036158287387049962,0.026776299519406365
v3_how_the_head_liberates_the_heart_project,rpp.59,RPP,successful,epistemic_adverb_tokens,31,11,0,0,0,0,0,0.26190476190476192,0,0,0,62,12,1,0,0.016129032258064516,0,0.013513513513513514,0.16216216216216217,0.0026155187445510014,0.0026155187445510027,0,0.013513513513513514,0.016129032258064516,0.0026155187445510014,0.0026155187445510027,-0,True,True,-0.00080437580437580443,0.0034198945489268069
v3_how_the_head_liberates_the_heart_project,rpp.59,RPP,successful,replication_word_tokens,31,11,0,0,0,0,0,0.26190476190476192,0,0,0,62,12,0,1,0,0.083333333333333329,0.013513513513513514,0.16216216216216217,-0.013513513513513514,0,0.013513513513513514,0.013513513513513514,0,-0.013513513513513514,0,-0.013513513513513514,True,True,0.0041559416559416558,-0.017669455169455169
v3_how_the_head_liberates_the_heart_project,rpp.59,RPP,successful,lowercase_modal_tokens,31,11,2,1,0.064516129032258063,0.090909090909090912,0.071428571428571425,0.26190476190476192,-0.0069124423963133619,0.016897081413210446,0.023809523809523808,62,12,10,0,0.16129032258064516,0,0.13513513513513514,0.16216216216216217,0.026155187445510014,0.026155187445510028,0,0.063706563706563718,0.096774193548387094,0.033067629841823376,0.0092581060322995817,0.023809523809523808,True,True,-0.006727506727506727,0.03979513656933012
v3_imperfect_public_monitoring_with_costly_,ee.2,EERP,successful,epistemic_adverb_tokens,25,25,0,0,0,0,0,0.5,0,0,0,49,51,2,0,0.040816326530612242,0,0.02,0.51000000000000001,0.020816326530612241,0.020816326530612245,0,0.02,0.040816326530612242,0.020816326530612241,0.020816326530612245,-0,True,True,0.00020408163265306139,0.020612244897959181
v3_imperfect_public_monitoring_with_costly_,ee.2,EERP,successful,replication_word_tokens,25,25,0,0,0,0,0,0.5,0,0,0,49,51,1,6,0.020408163265306121,0.11764705882352941,0.070000000000000007,0.51000000000000001,-0.049591836734693889,0.010408163265306122,0.059999999999999998,0.070000000000000007,0.020408163265306121,-0.049591836734693889,0.010408163265306122,-0.059999999999999998,True,True,-0.00048619447779111691,-0.049105642256902761
v3_imperfect_public_monitoring_with_costly_,ee.2,EERP,successful,lowercase_modal_tokens,25,25,3,2,0.12,0.080000000000000002,0.10000000000000001,0.5,0.01999999999999999,0.059999999999999998,0.040000000000000001,49,51,9,4,0.18367346938775511,0.078431372549019607,0.13,0.51000000000000001,0.053673469387755107,0.093673469387755115,0.040000000000000001,0.029999999999999999,0.063673469387755116,0.033673469387755117,0.033673469387755117,-0,True,True,0.00072621048419367824,0.032947258903561434
v3_increasing_and_decreasing_motor_and_cogn,rpp.49,RPP,failed,epistemic_adverb_tokens,98,66,3,0,0.030612244897959183,0,0.018292682926829267,0.40243902439024393,0.012319561971129916,0.012319561971129916,0,38,49,0,0,0,0,0,0.56321839080459768,0,0,0,-0.018292682926829267,-0.030612244897959183,-0.012319561971129916,-0.012319561971129916,-0,True,True,0.0024609086696074554,-0.014780470640737372
v3_increasing_and_decreasing_motor_and_cogn,rpp.49,RPP,failed,replication_word_tokens,98,66,0,0,0,0,0,0.40243902439024393,0,0,0,38,49,2,5,0.052631578947368418,0.10204081632653061,0.080459770114942528,0.56321839080459768,-0.027828191167574109,0.029643073200241982,0.057471264367816091,0.080459770114942528,0.052631578947368418,-0.027828191167574109,0.029643073200241982,-0.057471264367816091,True,True,-0.0039719929404190514,-0.023856198227155057
v3_increasing_and_decreasing_motor_and_cogn,rpp.49,RPP,failed,lowercase_modal_tokens,98,66,12,4,0.12244897959183673,0.060606060606060608,0.097560975609756101,0.40243902439024393,0.024888003982080631,0.049278247884519663,0.024390243902439025,38,49,2,5,0.052631578947368418,0.10204081632653061,0.080459770114942528,0.56321839080459768,-0.027828191167574109,0.029643073200241982,0.057471264367816091,-0.017101205494813573,-0.069817400644468314,-0.05271619514965474,-0.019635174684277681,-0.033081020465377066,True,True,0.00099953972545459573,-0.05371573487510934
v3_individual_differences_in_the_regulation,rpp.53,RPP,failed,epistemic_adverb_tokens,44,17,0,0,0,0,0,0.27868852459016391,0,0,0,40,29,1,1,0.025000000000000001,0.034482758620689655,0.028985507246376812,0.42028985507246375,-0.0039855072463768106,0.010507246376811594,0.014492753623188406,0.028985507246376812,0.025000000000000001,-0.0039855072463768106,0.010507246376811594,-0.014492753623188406,True,True,-0.00067138561866607663,-0.0033141216277107338
v3_individual_differences_in_the_regulation,rpp.53,RPP,failed,replication_word_tokens,44,17,1,0,0.022727272727272728,0,0.016393442622950821,0.27868852459016391,0.0063338301043219074,0.0063338301043219074,0,40,29,1,1,0.025000000000000001,0.034482758620689655,0.028985507246376812,0.42028985507246375,-0.0039855072463768106,0.010507246376811594,0.014492753623188406,0.012592064623425991,0.0022727272727272735,-0.010319337350698718,0.0041734162724896863,-0.014492753623188406,True,True,0.00093772040954187607,-0.011257057760240594
v3_individual_differences_in_the_regulation,rpp.53,RPP,failed,lowercase_modal_tokens,44,17,9,2,0.20454545454545456,0.11764705882352941,0.18032786885245902,0.27868852459016391,0.024217585692995536,0.05700447093889717,0.032786885245901641,40,29,12,3,0.29999999999999999,0.10344827586206896,0.21739130434782608,0.42028985507246375,0.082608695652173908,0.12608695652173912,0.043478260869565216,0.037063435495367059,0.095454545454545431,0.058391109959178372,0.069082485582841954,-0.010691375623663575,True,True,0.0200684570487615,0.038322652910416879
v3_it_feels_like_yesterday_self_esteem_vale,ml3.3,ML3,failed,epistemic_adverb_tokens,118,67,0,1,0,0.014925373134328358,0.0054054054054054057,0.36216216216216218,-0.0054054054054054057,0,0.0054054054054054057,101,58,2,0,0.019801980198019802,0,0.012578616352201259,0.36477987421383645,0.0072233638458185437,0.0072233638458185437,0,0.0071732109467958528,0.019801980198019802,0.012628769251223949,0.0072233638458185437,0.0054054054054054057,True,True,6.3827765409524845e-06,0.012622386474682995
v3_it_feels_like_yesterday_self_esteem_vale,ml3.3,ML3,failed,replication_word_tokens,118,67,0,0,0,0,0,0.36216216216216218,0,0,0,101,58,0,0,0,0,0,0.36477987421383645,0,0,0,0,0,0,0,-0,True,True,0,0
v3_it_feels_like_yesterday_self_esteem_vale,ml3.3,ML3,failed,lowercase_modal_tokens,118,67,18,11,0.15254237288135594,0.16417910447761194,0.15675675675675677,0.36216216216216218,-0.0042143838754008234,0.055245075584058639,0.059459459459459463,101,58,14,6,0.13861386138613863,0.10344827586206896,0.12578616352201258,0.36477987421383645,0.012827697864126048,0.050563546920729813,0.037735849056603772,-0.030970593234744187,-0.013928511495217316,0.017042081739526871,-0.0046815286633288267,0.021723610402855691,True,True,3.0795882244460653e-05,0.017011285857282402
v3_last_place_aversion_evidence_and_redistr,ee.18,EERP,failed,epistemic_adverb_tokens,17,11,0,0,0,0,0,0.39285714285714285,0,0,0,156,80,1,0,0.00641025641025641,0,0.0042372881355932203,0.33898305084745761,0.0021729682746631897,0.0021729682746631897,0,0.0042372881355932203,0.00641025641025641,0.0021729682746631897,0.0021729682746631897,-0,True,True,-0.00017267337182591422,0.0023456416464891039
v3_last_place_aversion_evidence_and_redistr,ee.18,EERP,failed,replication_word_tokens,17,11,0,0,0,0,0,0.39285714285714285,0,0,0,156,80,0,3,0,0.037499999999999999,0.012711864406779662,0.33898305084745761,-0.012711864406779662,0,0.012711864406779662,0.012711864406779662,0,-0.012711864406779662,0,-0.012711864406779662,True,True,0.0010101392251815982,-0.013722003631961258
v3_last_place_aversion_evidence_and_redistr,ee.18,EERP,failed,lowercase_modal_tokens,17,11,3,4,0.17647058823529413,0.36363636363636365,0.25,0.39285714285714285,-0.073529411764705871,0.069327731092436978,0.14285714285714285,156,80,36,6,0.23076923076923078,0.074999999999999997,0.17796610169491525,0.33898305084745761,0.05280312907431553,0.07822685788787484,0.025423728813559324,-0.072033898305084748,0.054298642533936653,0.1263325408390214,0.0088991267954378617,0.11743341404358353,True,True,0.00084573016714093482,0.12548681067188044
v3_left_frontal_cortical_activation_and_spr,rpp.55,RPP,failed,epistemic_adverb_tokens,25,13,0,0,0,0,0,0.34210526315789475,0,0,0,37,24,0,0,0,0,0,0.39344262295081966,0,0,0,0,0,0,0,-0,True,True,0,0
v3_left_frontal_cortical_activation_and_spr,rpp.55,RPP,failed,replication_word_tokens,25,13,0,1,0,0.076923076923076927,0.026315789473684209,0.34210526315789475,-0.026315789473684209,0,0.026315789473684209,37,24,1,0,0.027027027027027029,0,0.016393442622950821,0.39344262295081966,0.010633584404076208,0.010633584404076208,0,-0.0099223468507333885,0.027027027027027029,0.036949373877760414,0.010633584404076208,0.026315789473684209,True,True,-0.0012807657328796239,0.038230139610640042
v3_left_frontal_cortical_activation_and_spr,rpp.55,RPP,failed,lowercase_modal_tokens,25,13,2,0,0.080000000000000002,0,0.052631578947368418,0.34210526315789475,0.027368421052631584,0.02736842105263158,0,37,24,1,0,0.027027027027027029,0,0.016393442622950821,0.39344262295081966,0.010633584404076208,0.010633584404076208,0,-0.036238136324417594,-0.052972972972972973,-0.016734836648555376,-0.016734836648555372,-0,True,True,0.002747242497026793,-0.019482079145582164
v3_measuring_the_crowd_within_probabilistic,rpp.116,RPP,successful,epistemic_adverb_tokens,32,38,0,0,0,0,0,0.54285714285714282,0,0,0,63,71,1,1,0.015873015873015872,0.014084507042253521,0.014925373134328358,0.52985074626865669,0.00094764273868751421,0.0084103293058516923,0.007462686567164179,0.014925373134328358,0.015873015873015872,0.00094764273868751421,0.0084103293058516923,-0.007462686567164179,True,True,-1.1631027577452372e-05,0.00095927376626496648
v3_measuring_the_crowd_within_probabilistic,rpp.116,RPP,successful,replication_word_tokens,32,38,3,4,0.09375,0.10526315789473684,0.10000000000000001,0.54285714285714282,-0.0062500000000000056,0.050892857142857142,0.057142857142857141,63,71,0,0,0,0,0,0.52985074626865669,0,0,0,-0.10000000000000001,-0.09375,0.0062500000000000056,-0.050892857142857142,0.057142857142857141,True,True,7.4872348782403645e-05,0.0061751276512175927
v3_measuring_the_crowd_within_probabilistic,rpp.116,RPP,successful,lowercase_modal_tokens,32,38,4,2,0.125,0.052631578947368418,0.085714285714285715,0.54285714285714282,0.039285714285714285,0.067857142857142852,0.028571428571428571,63,71,7,5,0.1111111111111111,0.070422535211267609,0.089552238805970144,0.52985074626865669,0.021558872305140961,0.058872305140961853,0.037313432835820892,0.003837953091684429,-0.013888888888888895,-0.017726841980573324,-0.0089848377161809989,-0.0087420042643923217,True,True,-0.00073523206973357899,-0.016991609910839749
v3_multidimensional_visual_statistical_lear,rpp.29,RPP,successful,epistemic_adverb_tokens,22,28,0,0,0,0,0,0.56000000000000005,0,0,0,21,50,0,0,0,0,0,0.70422535211267601,0,0,0,0,0,0,0,-0,True,True,0,0
v3_multidimensional_visual_statistical_lear,rpp.29,RPP,successful,replication_word_tokens,22,28,0,0,0,0,0,0.56000000000000005,0,0,0,21,50,3,4,0.14285714285714285,0.080000000000000002,0.098591549295774641,0.70422535211267601,0.044265593561368208,0.10060362173038229,0.056338028169014086,0.098591549295774641,0.14285714285714285,0.044265593561368208,0.10060362173038229,-0.056338028169014086,True,True,0.0045327967806841011,0.039732796780684101
v3_multidimensional_visual_statistical_lear,rpp.29,RPP,successful,lowercase_modal_tokens,22,28,2,3,0.090909090909090912,0.10714285714285714,0.10000000000000001,0.56000000000000005,-0.0090909090909090939,0.050909090909090918,0.059999999999999998,21,50,4,6,0.19047619047619047,0.12,0.14084507042253522,0.70422535211267601,0.049631120053655248,0.13413816230717637,0.084507042253521125,0.040845070422535212,0.099567099567099554,0.058722029144564342,0.083229071398085455,-0.024507042253521127,True,True,0.0039115663679043936,0.054810462776659949
v3_multiple_roles_for_time_in_short_term_me,rpp.33,RPP,successful,epistemic_adverb_tokens,62,82,0,0,0,0,0,0.56944444444444442,0,0,0,50,45,0,0,0,0,0,0.47368421052631576,0,0,0,0,0,0,0,-0,True,True,-0,0
v3_multiple_roles_for_time_in_short_term_me,rpp.33,RPP,successful,replication_word_tokens,62,82,1,1,0.016129032258064516,0.012195121951219513,0.013888888888888888,0.56944444444444442,0.0022401433691756276,0.0091845878136200716,0.0069444444444444441,50,45,2,0,0.040000000000000001,0,0.021052631578947368,0.47368421052631576,0.018947368421052633,0.018947368421052629,0,0.0071637426900584798,0.023870967741935485,0.016707225051877005,0.0097627806074325578,0.0069444444444444441,True,True,-0.0021035607639607805,0.018810785815837786
v3_multiple_roles_for_time_in_short_term_me,rpp.33,RPP,successful,lowercase_modal_tokens,62,82,4,2,0.064516129032258063,0.024390243902439025,0.041666666666666664,0.56944444444444442,0.022849462365591398,0.036738351254480286,0.013888888888888888,50,45,3,2,0.059999999999999998,0.044444444444444446,0.052631578947368418,0.47368421052631576,0.0073684210526315796,0.028421052631578944,0.021052631578947368,0.010964912280701754,-0.0045161290322580649,-0.015481041312959819,-0.0083172986229013424,-0.0071637426900584798,True,True,-0.0026660338924649383,-0.01281500742049488
v3_not_so_innocent_does_seeing_one_s_own_ca,rpp.65,RPP,failed,epistemic_adverb_tokens,53,22,1,0,0.018867924528301886,0,0.013333333333333334,0.29333333333333333,0.0055345911949685519,0.0055345911949685536,0,46,29,0,0,0,0,0,0.38666666666666666,0,0,0,-0.013333333333333334,-0.018867924528301886,-0.0055345911949685519,-0.0055345911949685536,-0,True,True,0.0008805031446540879,-0.0064150943396226404
v3_not_so_innocent_does_seeing_one_s_own_ca,rpp.65,RPP,failed,replication_word_tokens,53,22,3,0,0.056603773584905662,0,0.040000000000000001,0.29333333333333333,0.016603773584905661,0.016603773584905661,0,46,29,0,1,0,0.034482758620689655,0.013333333333333334,0.38666666666666666,-0.013333333333333334,0,0.013333333333333334,-0.026666666666666665,-0.056603773584905662,-0.029937106918238997,-0.016603773584905661,-0.013333333333333334,True,True,0.0010323140316634135,-0.030969420949902404
v3_not_so_innocent_does_seeing_one_s_own_ca,rpp.65,RPP,failed,lowercase_modal_tokens,53,22,11,1,0.20754716981132076,0.045454545454545456,0.16,0.29333333333333333,0.047547169811320761,0.06088050314465409,0.013333333333333334,46,29,8,4,0.17391304347826086,0.13793103448275862,0.16,0.38666666666666666,0.013913043478260861,0.067246376811594205,0.053333333333333337,0,-0.033634126333059899,-0.033634126333059899,0.0063658736669401153,-0.040000000000000001,True,True,0.0092434828897729505,-0.042877609222832833
v3_on_the_additive_effects_of_stimulus_qual,rpp.27,RPP,successful,epistemic_adverb_tokens,10,26,0,0,0,0,0,0.72222222222222221,0,0,0,27,37,1,0,0.037037037037037035,0,0.015625,0.578125,0.021412037037037035,0.021412037037037035,0,0.015625,0.037037037037037035,0.021412037037037035,0.021412037037037035,-0,True,True,-0.0026684670781893,0.024080504115226338
v3_on_the_additive_effects_of_stimulus_qual,rpp.27,RPP,successful,replication_word_tokens,10,26,0,2,0,0.076923076923076927,0.055555555555555552,0.72222222222222221,-0.055555555555555552,0,0.055555555555555552,27,37,1,0,0.037037037037037035,0,0.015625,0.578125,0.021412037037037035,0.021412037037037035,0,-0.039930555555555552,0.037037037037037035,0.076967592592592587,0.021412037037037035,0.055555555555555552,True,True,0.0028737337765115546,0.074093858816081049
v3_on_the_additive_effects_of_stimulus_qual,rpp.27,RPP,successful,lowercase_modal_tokens,10,26,0,1,0,0.038461538461538464,0.027777777777777776,0.72222222222222221,-0.027777777777777776,0,0.027777777777777776,27,37,3,1,0.1111111111111111,0.027027027027027029,0.0625,0.578125,0.048611111111111105,0.064236111111111105,0.015625,0.034722222222222224,0.1111111111111111,0.076388888888888881,0.064236111111111105,0.012152777777777776,True,True,-0.0032870410474577132,0.079675929936346604
v3_opening_the_mind_to_close_it_considering,rpp.72,RPP,failed,epistemic_adverb_tokens,10,7,0,0,0,0,0,0.41176470588235292,0,0,0,17,9,0,0,0,0,0,0.34615384615384615,0,0,0,0,0,0,0,-0,True,False,-0,0
v3_opening_the_mind_to_close_it_considering,rpp.72,RPP,failed,replication_word_tokens,10,7,0,0,0,0,0,0.41176470588235292,0,0,0,17,9,0,0,0,0,0,0.34615384615384615,0,0,0,0,0,0,0,-0,True,False,-0,0
v3_opening_the_mind_to_close_it_considering,rpp.72,RPP,failed,lowercase_modal_tokens,10,7,1,0,0.10000000000000001,0,0.058823529411764705,0.41176470588235292,0.0411764705882353,0.041176470588235294,0,17,9,2,1,0.11764705882352941,0.1111111111111111,0.11538461538461539,0.34615384615384615,0.0022624434389140191,0.04072398190045249,0.038461538461538464,0.056561085972850686,0.017647058823529405,-0.038914027149321281,-0.00045248868778280382,-0.038461538461538464,True,False,-0.0034949575607015051,-0.035419069588619762
v3_orienting_attention_in_visual_working_me,rpp.37,RPP,failed,epistemic_adverb_tokens,98,56,0,0,0,0,0,0.36363636363636365,0,0,0,60,45,2,0,0.033333333333333333,0,0.019047619047619049,0.42857142857142855,0.014285714285714284,0.014285714285714285,0,0.019047619047619049,0.033333333333333333,0.014285714285714284,0.014285714285714285,-0,True,True,0.0010822510822510816,0.013203463203463202
v3_orienting_attention_in_visual_working_me,rpp.37,RPP,failed,replication_word_tokens,98,56,2,0,0.020408163265306121,0,0.012987012987012988,0.36363636363636365,0.007421150278293133,0.0074211502782931347,0,60,45,0,0,0,0,0,0.42857142857142855,0,0,0,-0.012987012987012988,-0.020408163265306121,-0.007421150278293133,-0.0074211502782931347,-0,True,True,0.0006626027034190296,-0.0080837529817121643
v3_orienting_attention_in_visual_working_me,rpp.37,RPP,failed,lowercase_modal_tokens,98,56,6,0,0.061224489795918366,0,0.03896103896103896,0.36363636363636365,0.022263450834879406,0.022263450834879406,0,60,45,8,1,0.13333333333333333,0.022222222222222223,0.085714285714285715,0.42857142857142855,0.047619047619047616,0.057142857142857141,0.0095238095238095247,0.046753246753246755,0.072108843537414966,0.025355596784168211,0.034879406307977735,-0.0095238095238095247,True,True,0.005595311717760695,0.01976028506640751
v3_perceptual_mechanisms_that_characterize_,rpp.110,RPP,failed,epistemic_adverb_tokens,19,9,0,0,0,0,0,0.32142857142857145,0,0,0,40,17,1,0,0.025000000000000001,0,0.017543859649122806,0.2982456140350877,0.0074561403508771953,0.0074561403508771927,0,0.017543859649122806,0.025000000000000001,0.0074561403508771953,0.0074561403508771927,-0,True,False,-0.0002897869674185469,0.0077459273182957401
v3_perceptual_mechanisms_that_characterize_,rpp.110,RPP,failed,replication_word_tokens,19,9,0,0,0,0,0,0.32142857142857145,0,0,0,40,17,1,1,0.025000000000000001,0.058823529411764705,0.035087719298245612,0.2982456140350877,-0.010087719298245611,0.0074561403508771927,0.017543859649122806,0.035087719298245612,0.025000000000000001,-0.010087719298245611,0.0074561403508771927,-0.017543859649122806,True,False,0.00039206472062509282,-0.010479784018870706
v3_perceptual_mechanisms_that_characterize_,rpp.110,RPP,failed,lowercase_modal_tokens,19,9,6,0,0.31578947368421051,0,0.21428571428571427,0.32142857142857145,0.10150375939849623,0.10150375939849625,0,40,17,13,3,0.32500000000000001,0.17647058823529413,0.2807017543859649,0.2982456140350877,0.044298245614035114,0.096929824561403505,0.052631578947368418,0.066416040100250623,0.0092105263157895023,-0.057205513784461121,-0.0045739348370927441,-0.052631578947368418,True,False,-0.0053821424691760456,-0.051823371315285111
v3_poignancy_mixed_emotional_experience_in_,rpp.61,RPP,failed,epistemic_adverb_tokens,31,23,0,0,0,0,0,0.42592592592592593,0,0,0,54,42,1,0,0.018518518518518517,0,0.010416666666666666,0.4375,0.0081018518518518514,0.0081018518518518514,0,0.010416666666666666,0.018518518518518517,0.0081018518518518514,0.0081018518518518514,-0,True,True,0.00010716735253772286,0.0079946844993141284
v3_poignancy_mixed_emotional_experience_in_,rpp.61,RPP,failed,replication_word_tokens,31,23,0,0,0,0,0,0.42592592592592593,0,0,0,54,42,0,0,0,0,0,0.4375,0,0,0,0,0,0,0,-0,True,True,0,0
v3_poignancy_mixed_emotional_experience_in_,rpp.61,RPP,failed,lowercase_modal_tokens,31,23,3,1,0.096774193548387094,0.043478260869565216,0.07407407407407407,0.42592592592592593,0.022700119474313024,0.041218637992831542,0.018518518518518517,54,42,12,4,0.22222222222222221,0.095238095238095233,0.16666666666666666,0.4375,0.055555555555555552,0.09722222222222221,0.041666666666666664,0.092592592592592587,0.12544802867383512,0.032855436081242528,0.056003584229390668,-0.023148148148148147,True,True,0.0010432873823087315,0.031812148698933798
v3_precision_of_the_anchor_influences_the_a,rpp.111,RPP,successful,epistemic_adverb_tokens,24,12,0,0,0,0,0,0.33333333333333331,0,0,0,59,26,1,0,0.016949152542372881,0,0.011764705882352941,0.30588235294117649,0.0051844466600199403,0.0051844466600199403,0,0.011764705882352941,0.016949152542372881,0.0051844466600199403,0.0051844466600199403,-0,True,True,-0.00023263542705217644,0.0054170820870721162
v3_precision_of_the_anchor_influences_the_a,rpp.111,RPP,successful,replication_word_tokens,24,12,1,0,0.041666666666666664,0,0.027777777777777776,0.33333333333333331,0.013888888888888888,0.013888888888888888,0,59,26,1,1,0.016949152542372881,0.038461538461538464,0.023529411764705882,0.30588235294117649,-0.0065802592223330007,0.0051844466600199403,0.011764705882352941,-0.0042483660130718942,-0.024717514124293783,-0.020469148111221889,-0.0087044422288689478,-0.011764705882352941,True,True,-0.00027662738280883795,-0.020192520728413047
v3_precision_of_the_anchor_influences_the_a,rpp.111,RPP,successful,lowercase_modal_tokens,24,12,1,0,0.041666666666666664,0,0.027777777777777776,0.33333333333333331,0.013888888888888888,0.013888888888888888,0,59,26,3,1,0.050847457627118647,0.038461538461538464,0.047058823529411764,0.30588235294117649,0.0037886340977068833,0.015553339980059823,0.011764705882352941,0.019281045751633988,0.009180790960451983,-0.010100254791182005,0.0016644510911709345,-0.011764705882352941,True,True,-0.00074189823691319095,-0.0093583565542688148
v3_priming_addition_facts_with_semantic_rel,rpp.24,RPP,successful,epistemic_adverb_tokens,14,7,0,0,0,0,0,0.33333333333333331,0,0,0,27,18,0,0,0,0,0,0.40000000000000002,0,0,0,0,0,0,0,-0,True,False,0,0
v3_priming_addition_facts_with_semantic_rel,rpp.24,RPP,successful,replication_word_tokens,14,7,0,0,0,0,0,0.33333333333333331,0,0,0,27,18,0,1,0,0.055555555555555552,0.022222222222222223,0.40000000000000002,-0.022222222222222223,0,0.022222222222222223,0.022222222222222223,0,-0.022222222222222223,0,-0.022222222222222223,True,False,-0.0018518518518518528,-0.020370370370370372
v3_priming_addition_facts_with_semantic_rel,rpp.24,RPP,successful,lowercase_modal_tokens,14,7,1,1,0.071428571428571425,0.14285714285714285,0.095238095238095233,0.33333333333333331,-0.023809523809523808,0.023809523809523808,0.047619047619047616,27,18,2,1,0.07407407407407407,0.055555555555555552,0.066666666666666666,0.40000000000000002,0.0074074074074074042,0.029629629629629631,0.022222222222222223,-0.028571428571428567,0.0026455026455026454,0.031216931216931212,0.0058201058201058226,0.025396825396825393,True,False,-0.001763668430335098,0.032980599647266316
v3_response_scales_effects_of_category_rang,ml1.8,ML1,successful,epistemic_adverb_tokens,52,44,0,0,0,0,0,0.45833333333333331,0,0,0,38,44,0,0,0,0,0,0.53658536585365857,0,0,0,0,0,0,0,-0,True,True,0,0
v3_response_scales_effects_of_category_rang,ml1.8,ML1,successful,replication_word_tokens,52,44,2,1,0.038461538461538464,0.022727272727272728,0.03125,0.45833333333333331,0.0072115384615384637,0.017628205128205128,0.010416666666666666,38,44,0,3,0,0.068181818181818177,0.036585365853658534,0.53658536585365857,-0.036585365853658534,0,0.036585365853658534,0.0053353658536585344,-0.038461538461538464,-0.043796904315196998,-0.017628205128205128,-0.02616869918699187,True,True,-0.002052063789868669,-0.041744840525328321
v3_response_scales_effects_of_category_rang,ml1.8,ML1,successful,lowercase_modal_tokens,52,44,8,4,0.15384615384615385,0.090909090909090912,0.125,0.45833333333333331,0.028846153846153855,0.070512820512820512,0.041666666666666664,38,44,7,2,0.18421052631578946,0.045454545454545456,0.10975609756097561,0.53658536585365857,0.074454428754813853,0.098844672657252886,0.024390243902439025,-0.01524390243902439,0.030364372469635609,0.045608274908659999,0.028331852144432373,0.017276422764227639,True,True,0.007891445311214251,0.037716829597445767
v3_running_on_empty_neural_signals_for_self,ml3.5,ML3,successful,epistemic_adverb_tokens,22,5,0,0,0,0,0,0.18518518518518517,0,0,0,25,11,0,0,0,0,0,0.30555555555555558,0,0,0,0,0,0,0,-0,True,False,0,0
v3_running_on_empty_neural_signals_for_self,ml3.5,ML3,successful,replication_word_tokens,22,5,0,0,0,0,0,0.18518518518518517,0,0,0,25,11,0,0,0,0,0,0.30555555555555558,0,0,0,0,0,0,0,-0,True,False,0,0
v3_running_on_empty_neural_signals_for_self,ml3.5,ML3,successful,lowercase_modal_tokens,22,5,1,1,0.045454545454545456,0.20000000000000001,0.07407407407407407,0.18518518518518517,-0.028619528619528614,0.0084175084175084174,0.037037037037037035,25,11,6,0,0.23999999999999999,0,0.16666666666666666,0.30555555555555558,0.073333333333333334,0.073333333333333334,0,0.092592592592592587,0.19454545454545452,0.10195286195286195,0.064915824915824913,0.037037037037037035,True,False,0.0051430976430976447,0.096809764309764304
v3_screening_competition_and_job_design_eco,ee.3,EERP,successful,epistemic_adverb_tokens,21,18,0,0,0,0,0,0.46153846153846156,0,0,0,22,39,0,0,0,0,0,0.63934426229508201,0,0,0,0,0,0,0,-0,True,True,0,0
v3_screening_competition_and_job_design_eco,ee.3,EERP,successful,replication_word_tokens,21,18,0,0,0,0,0,0.46153846153846156,0,0,0,22,39,0,0,0,0,0,0.63934426229508201,0,0,0,0,0,0,0,-0,True,True,0,0
v3_screening_competition_and_job_design_eco,ee.3,EERP,successful,lowercase_modal_tokens,21,18,2,1,0.095238095238095233,0.055555555555555552,0.076923076923076927,0.46153846153846156,0.018315018315018305,0.043956043956043959,0.02564102564102564,22,39,4,4,0.18181818181818182,0.10256410256410256,0.13114754098360656,0.63934426229508201,0.050670640834575259,0.11624441132637856,0.065573770491803282,0.054224464060529637,0.08658008658008659,0.032355622519556954,0.072288367370334589,-0.039932744850777642,True,True,0.010573810384655279,0.021781812134901678
v3_selective_exposure_and_information_quant,rpp.84,RPP,successful,epistemic_adverb_tokens,10,10,0,0,0,0,0,0.5,0,0,0,46,21,0,0,0,0,0,0.31343283582089554,0,0,0,0,0,0,0,-0,True,True,-0,0
v3_selective_exposure_and_information_quant,rpp.84,RPP,successful,replication_word_tokens,10,10,0,0,0,0,0,0.5,0,0,0,46,21,0,1,0,0.047619047619047616,0.014925373134328358,0.31343283582089554,-0.014925373134328358,0,0.014925373134328358,0.014925373134328358,0,-0.014925373134328358,0,-0.014925373134328358,True,True,0.0044420753375977251,-0.019367448471926084
v3_selective_exposure_and_information_quant,rpp.84,RPP,successful,lowercase_modal_tokens,10,10,1,0,0.10000000000000001,0,0.050000000000000003,0.5,0.050000000000000003,0.050000000000000003,0,46,21,5,1,0.10869565217391304,0.047619047619047616,0.089552238805970144,0.31343283582089554,0.019143413367942896,0.034068786502271256,0.014925373134328358,0.039552238805970141,0.0086956521739130349,-0.030856586632057106,-0.015931213497728747,-0.014925373134328358,True,True,-0.015025802663700133,-0.015830783968356976
v3_self_handicapping_excuse_making_and_coun,rpp.94,RPP,successful,epistemic_adverb_tokens,36,18,0,0,0,0,0,0.33333333333333331,0,0,0,47,15,0,0,0,0,0,0.24193548387096775,0,0,0,0,0,0,0,-0,True,True,-0,0
v3_self_handicapping_excuse_making_and_coun,rpp.94,RPP,successful,replication_word_tokens,36,18,0,0,0,0,0,0.33333333333333331,0,0,0,47,15,0,0,0,0,0,0.24193548387096775,0,0,0,0,0,0,0,-0,True,True,-0,0
v3_self_handicapping_excuse_making_and_coun,rpp.94,RPP,successful,lowercase_modal_tokens,36,18,9,4,0.25,0.22222222222222221,0.24074074074074073,0.33333333333333331,0.0092592592592592726,0.083333333333333329,0.07407407407407407,47,15,11,0,0.23404255319148937,0,0.17741935483870969,0.24193548387096775,0.05662319835277968,0.056623198352779687,0,-0.063321385902031041,-0.015957446808510634,0.047363939093520407,-0.026710134980553642,0.07407407407407407,True,True,-0.011964907598057904,0.05932884669157832
v3_self_regulation_and_selective_exposure_t,rpp.86,RPP,failed,epistemic_adverb_tokens,17,24,0,0,0,0,0,0.58536585365853655,0,0,0,30,21,0,0,0,0,0,0.41176470588235292,0,0,0,0,0,0,0,-0,True,True,-0,0
v3_self_regulation_and_selective_exposure_t,rpp.86,RPP,failed,replication_word_tokens,17,24,0,0,0,0,0,0.58536585365853655,0,0,0,30,21,1,0,0.033333333333333333,0,0.019607843137254902,0.41176470588235292,0.013725490196078431,0.013725490196078431,0,0.019607843137254902,0.033333333333333333,0.013725490196078431,0.013725490196078431,-0,True,True,-0.0028933524629363937,0.016618842659014824
v3_self_regulation_and_selective_exposure_t,rpp.86,RPP,failed,lowercase_modal_tokens,17,24,2,2,0.11764705882352941,0.083333333333333329,0.097560975609756101,0.58536585365853655,0.020086083213773309,0.06886657101865136,0.04878048780487805,30,21,2,0,0.066666666666666666,0,0.039215686274509803,0.41176470588235292,0.027450980392156862,0.027450980392156862,0,-0.058345289335246298,-0.050980392156862744,0.0073648971783835532,-0.041415590626494497,0.04878048780487805,True,True,-0.0087651559906602519,0.016130053169043798
v3_semantic_interference_in_a_delayed_namin,rpp.28,RPP,failed,epistemic_adverb_tokens,45,58,1,0,0.022222222222222223,0,0.0097087378640776691,0.56310679611650483,0.012513484358144554,0.012513484358144552,0,18,17,0,0,0,0,0,0.48571428571428571,0,0,0,-0.0097087378640776691,-0.022222222222222223,-0.012513484358144554,-0.012513484358144552,-0,True,True,-0.0008599167822468791,-0.011653567575897673
v3_semantic_interference_in_a_delayed_namin,rpp.28,RPP,failed,replication_word_tokens,45,58,5,4,0.1111111111111111,0.068965517241379309,0.087378640776699032,0.56310679611650483,0.023732470334412073,0.062567421790722749,0.038834951456310676,18,17,0,0,0,0,0,0.48571428571428571,0,0,0,-0.087378640776699032,-0.1111111111111111,-0.023732470334412073,-0.062567421790722749,0.038834951456310676,True,True,-0.00163087665598546,-0.02210159367842662
v3_semantic_interference_in_a_delayed_namin,rpp.28,RPP,failed,lowercase_modal_tokens,45,58,2,1,0.044444444444444446,0.017241379310344827,0.029126213592233011,0.56310679611650483,0.015318230852211435,0.025026968716289105,0.0097087378640776691,18,17,2,0,0.1111111111111111,0,0.057142857142857141,0.48571428571428571,0.053968253968253964,0.053968253968253964,0,0.02801664355062413,0.066666666666666652,0.038650023116042528,0.028941285251964859,0.0097087378640776691,True,True,-0.0053522406619159199,0.044002263777958454
v3_slow_to_anger_and_fast_to_forgive_cooper,ee.12,EERP,successful,epistemic_adverb_tokens,30,64,0,0,0,0,0,0.68085106382978722,0,0,0,61,124,0,0,0,0,0,0.67027027027027031,0,0,0,0,0,0,0,-0,True,True,-0,0
v3_slow_to_anger_and_fast_to_forgive_cooper,ee.12,EERP,successful,replication_word_tokens,30,64,0,0,0,0,0,0.68085106382978722,0,0,0,61,124,0,2,0,0.016129032258064516,0.010810810810810811,0.67027027027027031,-0.010810810810810811,0,0.010810810810810811,0.010810810810810811,0,-0.010810810810810811,0,-0.010810810810810811,True,True,8.5328980318684757e-05,-0.010896139791129494
v3_slow_to_anger_and_fast_to_forgive_cooper,ee.12,EERP,successful,lowercase_modal_tokens,30,64,1,2,0.033333333333333333,0.03125,0.031914893617021274,0.68085106382978722,0.0014184397163120588,0.022695035460992906,0.021276595744680851,61,124,3,1,0.049180327868852458,0.0080645161290322578,0.021621621621621623,0.67027027027027031,0.027558706247230835,0.032964111652636241,0.0054054054054054057,-0.010293271995399651,0.015846994535519125,0.026140266530918776,0.010269076191643335,0.015871190339275445,True,True,-0.00022854061798332977,0.02636880714890211
v3_terror_management_and_adults_attachment_,rpp.48,RPP,failed,epistemic_adverb_tokens,43,10,1,0,0.023255813953488372,0,0.018867924528301886,0.18867924528301888,0.0043878894251864857,0.0043878894251864857,0,69,16,0,0,0,0,0,0.18823529411764706,0,0,0,-0.018867924528301886,-0.023255813953488372,-0.0043878894251864857,-0.0043878894251864857,-0,True,True,-5.1622228531607593e-06,-0.0043827272023333249
v3_terror_management_and_adults_attachment_,rpp.48,RPP,failed,replication_word_tokens,43,10,0,0,0,0,0,0.18867924528301888,0,0,0,69,16,0,0,0,0,0,0.18823529411764706,0,0,0,0,0,0,0,-0,True,True,-0,0
v3_terror_management_and_adults_attachment_,rpp.48,RPP,failed,lowercase_modal_tokens,43,10,4,1,0.093023255813953487,0.10000000000000001,0.094339622641509441,0.18867924528301888,-0.0013163668275559537,0.017551557700745943,0.018867924528301886,69,16,7,2,0.10144927536231885,0.125,0.10588235294117647,0.18823529411764706,-0.0044330775788576221,0.019096334185848253,0.023529411764705882,0.011542730299667028,0.0084260195483653599,-0.0031167107513016684,0.0015447764851023102,-0.004661487236403996,True,True,6.7763526800729824e-06,-0.0031234871039817549
v3_thar_she_bursts_reducing_confusion_reduc,ee.16,EERP,successful,epistemic_adverb_tokens,62,66,0,0,0,0,0,0.515625,0,0,0,69,77,0,0,0,0,0,0.5273972602739726,0,0,0,0,0,0,0,-0,True,True,0,0
v3_thar_she_bursts_reducing_confusion_reduc,ee.16,EERP,successful,replication_word_tokens,62,66,0,2,0,0.030303030303030304,0.015625,0.515625,-0.015625,0,0.015625,69,77,0,1,0,0.012987012987012988,0.0068493150684931503,0.5273972602739726,-0.0068493150684931503,0,0.0068493150684931503,-0.0087756849315068497,0,0.0087756849315068497,0,0.0087756849315068497,True,True,-0.00025481082844096541,0.009030495759947816
v3_thar_she_bursts_reducing_confusion_reduc,ee.16,EERP,successful,lowercase_modal_tokens,62,66,7,3,0.11290322580645161,0.045454545454545456,0.078125,0.515625,0.03477822580645161,0.05821572580645161,0.0234375,69,77,10,3,0.14492753623188406,0.03896103896103896,0.089041095890410954,0.5273972602739726,0.055886440341473109,0.07643438554695256,0.020547945205479451,0.010916095890410954,0.032024310425432453,0.021108214535021499,0.01821865974050095,0.0028895547945205491,True,True,0.0010207443032161085,0.020087470231805384
v3_the_economics_of_credence_goods_an_exper,ee.8,EERP,successful,epistemic_adverb_tokens,27,33,0,0,0,0,0,0.55000000000000004,0,0,0,90,154,0,2,0,0.012987012987012988,0.0081967213114754103,0.63114754098360659,-0.0081967213114754103,0,0.0081967213114754103,0.0081967213114754103,0,-0.0081967213114754103,0,-0.0081967213114754103,True,True,-0.00052693208430913349,-0.0076697892271662769
v3_the_economics_of_credence_goods_an_exper,ee.8,EERP,successful,replication_word_tokens,27,33,0,0,0,0,0,0.55000000000000004,0,0,0,90,154,0,0,0,0,0,0.63114754098360659,0,0,0,0,0,0,0,-0,True,True,0,0
v3_the_economics_of_credence_goods_an_exper,ee.8,EERP,successful,lowercase_modal_tokens,27,33,2,2,0.07407407407407407,0.060606060606060608,0.066666666666666666,0.55000000000000004,0.0074074074074074042,0.040740740740740744,0.033333333333333333,90,154,14,8,0.15555555555555556,0.051948051948051951,0.090163934426229511,0.63114754098360659,0.065391621129326047,0.098178506375227695,0.032786885245901641,0.023497267759562845,0.081481481481481488,0.057984213721918643,0.057437765634486951,0.00054644808743169182,True,True,0.0047501951600312248,0.053234018561887413
v3_the_effect_of_global_versus_local_proces,rpp.64,RPP,failed,epistemic_adverb_tokens,67,41,0,0,0,0,0,0.37962962962962965,0,0,0,32,24,0,0,0,0,0,0.42857142857142855,0,0,0,0,0,0,0,-0,True,True,0,0
v3_the_effect_of_global_versus_local_proces,rpp.64,RPP,failed,replication_word_tokens,67,41,0,0,0,0,0,0.37962962962962965,0,0,0,32,24,0,2,0,0.083333333333333329,0.035714285714285712,0.42857142857142855,-0.035714285714285712,0,0.035714285714285712,0.035714285714285712,0,-0.035714285714285712,0,-0.035714285714285712,True,True,-0.0020392416225749541,-0.033675044091710751
v3_the_effect_of_global_versus_local_proces,rpp.64,RPP,failed,lowercase_modal_tokens,67,41,15,0,0.22388059701492538,0,0.1388888888888889,0.37962962962962965,0.084991708126036486,0.084991708126036486,0,32,24,2,0,0.0625,0,0.035714285714285712,0.42857142857142855,0.026785714285714288,0.026785714285714284,0,-0.10317460317460318,-0.16138059701492538,-0.058205993840322198,-0.058205993840322198,-0,True,True,0.0070079907999684053,-0.065213984640290615
v3_the_face_of_success_inferences_from_chie,rpp.82,RPP,failed,epistemic_adverb_tokens,48,33,0,1,0,0.030303030303030304,0.012345679012345678,0.40740740740740738,-0.012345679012345678,0,0.012345679012345678,47,46,0,0,0,0,0,0.4946236559139785,0,0,0,-0.012345679012345678,0,0.012345679012345678,0,0.012345679012345678,True,True,-0.0013214583107056231,0.013667137323051302
v3_the_face_of_success_inferences_from_chie,rpp.82,RPP,failed,replication_word_tokens,48,33,0,1,0,0.030303030303030304,0.012345679012345678,0.40740740740740738,-0.012345679012345678,0,0.012345679012345678,47,46,0,0,0,0,0,0.4946236559139785,0,0,0,-0.012345679012345678,0,0.012345679012345678,0,0.012345679012345678,True,True,-0.0013214583107056231,0.013667137323051302
v3_the_face_of_success_inferences_from_chie,rpp.82,RPP,failed,lowercase_modal_tokens,48,33,7,3,0.14583333333333334,0.090909090909090912,0.12345679012345678,0.40740740740740738,0.022376543209876559,0.05941358024691358,0.037037037037037035,47,46,3,2,0.063829787234042548,0.043478260869565216,0.053763440860215055,0.4946236559139785,0.010066346373827494,0.031571722717913517,0.021505376344086023,-0.069693349263241722,-0.082003546099290794,-0.012310196836049066,-0.027841857529000064,0.015531660692951012,True,True,0.0032826350786000864,-0.015592831914649134
v3_the_framing_of_decisions_and_the_psychol,ml1.2,ML1,successful,epistemic_adverb_tokens,36,28,0,0,0,0,0,0.4375,0,0,0,52,32,0,1,0,0.03125,0.011904761904761904,0.38095238095238093,-0.011904761904761904,0,0.011904761904761904,0.011904761904761904,0,-0.011904761904761904,0,-0.011904761904761904,True,True,0.00088355654761904795,-0.012788318452380952
v3_the_framing_of_decisions_and_the_psychol,ml1.2,ML1,successful,replication_word_tokens,36,28,0,1,0,0.035714285714285712,0.015625,0.4375,-0.015625,0,0.015625,52,32,1,0,0.019230769230769232,0,0.011904761904761904,0.38095238095238093,0.0073260073260073277,0.007326007326007326,0,-0.0037202380952380959,0.019230769230769232,0.022951007326007328,0.007326007326007326,0.015625,True,True,0.00046605180533751969,0.022484955520669807
v3_the_framing_of_decisions_and_the_psychol,ml1.2,ML1,successful,lowercase_modal_tokens,36,28,4,0,0.1111111111111111,0,0.0625,0.4375,0.048611111111111105,0.048611111111111105,0,52,32,4,3,0.076923076923076927,0.09375,0.083333333333333329,0.38095238095238093,-0.0064102564102564014,0.029304029304029304,0.035714285714285712,0.020833333333333329,-0.034188034188034178,-0.055021367521367506,-0.019307081807081801,-0.035714285714285712,True,True,-0.0026657731735856747,-0.052355594347781843
v3_the_lure_of_authority_motivation_and_inc,ee.10,EERP,successful,epistemic_adverb_tokens,13,16,1,0,0.076923076923076927,0,0.034482758620689655,0.55172413793103448,0.042440318302387273,0.042440318302387273,0,89,72,2,0,0.02247191011235955,0,0.012422360248447204,0.44720496894409939,0.010049549863912346,0.010049549863912346,0,-0.022060398372242451,-0.054451166810717377,-0.032390768438474923,-0.032390768438474923,-0,True,True,-0.0051943407232055037,-0.027196427715269419
v3_the_lure_of_authority_motivation_and_inc,ee.10,EERP,successful,replication_word_tokens,13,16,0,0,0,0,0,0.55172413793103448,0,0,0,89,72,1,1,0.011235955056179775,0.013888888888888888,0.012422360248447204,0.44720496894409939,-0.0011864051922674292,0.0050247749319561729,0.0062111801242236021,0.012422360248447204,0.011235955056179775,-0.0011864051922674292,0.0050247749319561729,-0.0062111801242236021,True,True,0.00013864121978604058,-0.00132504641205347
v3_the_lure_of_authority_motivation_and_inc,ee.10,EERP,successful,lowercase_modal_tokens,13,16,2,0,0.15384615384615385,0,0.068965517241379309,0.55172413793103448,0.084880636604774545,0.084880636604774545,0,89,72,18,7,0.20224719101123595,0.097222222222222224,0.15527950310559005,0.44720496894409939,0.0469676879056459,0.090445948775211116,0.043478260869565216,0.08631398586421074,0.048401037165082095,-0.037912948699128646,0.0055653121704365704,-0.043478260869565216,True,True,-0.013528497306271339,-0.024384451392857307
v3_the_nonverbal_expression_of_pride_eviden,rpp.69,RPP,successful,epistemic_adverb_tokens,78,39,2,0,0.02564102564102564,0,0.017094017094017096,0.33333333333333331,0.0085470085470085444,0.0085470085470085461,0,77,36,1,0,0.012987012987012988,0,0.0088495575221238937,0.31858407079646017,0.0041374554648890942,0.0041374554648890933,0,-0.0082444595718932021,-0.012654012654012652,-0.0044095530821194502,-0.0044095530821194528,-0,True,True,-0.00028486754150470935,-0.0041246855406147434
v3_the_nonverbal_expression_of_pride_eviden,rpp.69,RPP,successful,replication_word_tokens,78,39,1,1,0.01282051282051282,0.02564102564102564,0.017094017094017096,0.33333333333333331,-0.0042735042735042757,0.0042735042735042731,0.0085470085470085479,77,36,0,0,0,0,0,0.31858407079646017,0,0,0,-0.017094017094017096,-0.01282051282051282,0.0042735042735042757,-0.0042735042735042731,0.0085470085470085479,True,True,9.4546554723545784e-05,0.0041789577187807273
v3_the_nonverbal_expression_of_pride_eviden,rpp.69,RPP,successful,lowercase_modal_tokens,78,39,12,0,0.15384615384615385,0,0.10256410256410256,0.33333333333333331,0.051282051282051294,0.05128205128205128,0,77,36,2,1,0.025974025974025976,0.027777777777777776,0.026548672566371681,0.31858407079646017,-0.00057464659234570531,0.0082749109297781866,0.0088495575221238937,-0.076015429997730879,-0.12787212787212787,-0.051856697874396999,-0.043007140352273092,-0.0088495575221238937,True,True,-0.0011212566522301026,-0.050735441222166888
v3_the_potential_of_social_identity_for_equ,ee.5,EERP,failed,epistemic_adverb_tokens,35,57,0,1,0,0.017543859649122806,0.010869565217391304,0.61956521739130432,-0.010869565217391304,0,0.010869565217391304,100,138,0,0,0,0,0,0.57983193277310929,0,0,0,-0.010869565217391304,0,0.010869565217391304,0,0.010869565217391304,True,True,0.00034853758437013182,0.010521027633021171
v3_the_potential_of_social_identity_for_equ,ee.5,EERP,failed,replication_word_tokens,35,57,0,0,0,0,0,0.61956521739130432,0,0,0,100,138,2,8,0.02,0.057971014492753624,0.042016806722689079,0.57983193277310929,-0.022016806722689079,0.011596638655462186,0.033613445378151259,0.042016806722689079,0.02,-0.022016806722689079,0.011596638655462186,-0.033613445378151259,True,True,0.00075435656304109408,-0.022771163285730173
v3_the_potential_of_social_identity_for_equ,ee.5,EERP,failed,lowercase_modal_tokens,35,57,4,1,0.11428571428571428,0.017543859649122806,0.05434782608695652,0.61956521739130432,0.059937888198757762,0.070807453416149066,0.010869565217391304,100,138,9,7,0.089999999999999997,0.050724637681159424,0.067226890756302518,0.57983193277310929,0.022773109243697479,0.052184873949579831,0.029411764705882353,0.012879064669345998,-0.024285714285714285,-0.037164778955060283,-0.018622579466569235,-0.018542199488491048,True,True,-0.0027022053971324823,-0.034462573557927798
v3_the_representation_of_simple_ensemble_vi,rpp.122,RPP,successful,epistemic_adverb_tokens,34,50,0,0,0,0,0,0.59523809523809523,0,0,0,110,101,2,1,0.018181818181818181,0.0099009900990099011,0.014218009478672985,0.47867298578199052,0.0039638087031451958,0.0087031451960361914,0.0047393364928909956,0.014218009478672985,0.018181818181818181,0.0039638087031451958,0.0087031451960361914,-0.0047393364928909956,True,True,-0.00048262781592986644,0.0044464365190750622
v3_the_representation_of_simple_ensemble_vi,rpp.122,RPP,successful,replication_word_tokens,34,50,1,0,0.029411764705882353,0,0.011904761904761904,0.59523809523809523,0.017507002801120448,0.017507002801120448,0,110,101,0,0,0,0,0,0.47867298578199052,0,0,0,-0.011904761904761904,-0.029411764705882353,-0.017507002801120448,-0.017507002801120448,-0,True,True,-0.0017141927861191869,-0.015792810015001262
v3_the_representation_of_simple_ensemble_vi,rpp.122,RPP,successful,lowercase_modal_tokens,34,50,4,3,0.11764705882352941,0.059999999999999998,0.083333333333333329,0.59523809523809523,0.034313725490196081,0.070028011204481794,0.035714285714285712,110,101,11,3,0.10000000000000001,0.029702970297029702,0.066350710900473939,0.47867298578199052,0.033649289099526067,0.047867298578199054,0.014218009478672985,-0.01698262243285939,-0.017647058823529405,-0.00066443639067001459,-0.02216071262628274,0.021496276235612725,True,True,-0.0074569083416764952,0.0067924719510064867
v3_the_space_between_us_stereotype_threat_a,rpp.87,RPP,failed,epistemic_adverb_tokens,38,21,2,0,0.052631578947368418,0,0.033898305084745763,0.3559322033898305,0.018733273862622656,0.018733273862622656,0,94,54,0,0,0,0,0,0.36486486486486486,0,0,0,-0.033898305084745763,-0.052631578947368418,-0.018733273862622656,-0.018733273862622656,-0,True,True,0.0002350700388166935,-0.018968343901439349
v3_the_space_between_us_stereotype_threat_a,rpp.87,RPP,failed,replication_word_tokens,38,21,0,0,0,0,0,0.3559322033898305,0,0,0,94,54,0,0,0,0,0,0.36486486486486486,0,0,0,0,0,0,0,-0,True,True,0,0
v3_the_space_between_us_stereotype_threat_a,rpp.87,RPP,failed,lowercase_modal_tokens,38,21,5,3,0.13157894736842105,0.14285714285714285,0.13559322033898305,0.3559322033898305,-0.004014272970562005,0.046833184656556642,0.050847457627118647,94,54,15,7,0.15957446808510639,0.12962962962962962,0.14864864864864866,0.36486486486486486,0.010925819436457734,0.058223116733755034,0.0472972972972973,0.013055428309665607,0.027995520716685346,0.014940092407019739,0.011389932077198392,0.0035501603298213474,True,True,8.3371401248676522e-05,0.014856721005771061
v3_the_stroop_effect_why_proportion_congrue,rpp.15,RPP,successful,epistemic_adverb_tokens,90,67,0,0,0,0,0,0.42675159235668791,0,0,0,177,121,3,0,0.016949152542372881,0,0.010067114093959731,0.40604026845637586,0.0068820384484131504,0.0068820384484131504,0,0.010067114093959731,0.016949152542372881,0.0068820384484131504,0.0068820384484131504,-0,True,True,-0.00017551969407044111,0.0070575581424835911
v3_the_stroop_effect_why_proportion_congrue,rpp.15,RPP,successful,replication_word_tokens,90,67,0,0,0,0,0,0.42675159235668791,0,0,0,177,121,3,2,0.016949152542372881,0.016528925619834711,0.016778523489932886,0.40604026845637586,0.00017062905243999532,0.0068820384484131504,0.0067114093959731542,0.016778523489932886,0.016949152542372881,0.00017062905243999532,0.0068820384484131504,-0.0067114093959731542,True,True,-4.3517279521596919e-06,0.00017498078039215493
v3_the_stroop_effect_why_proportion_congrue,rpp.15,RPP,successful,lowercase_modal_tokens,90,67,11,5,0.12222222222222222,0.074626865671641784,0.10191082802547771,0.42675159235668791,0.020311394196744506,0.052158527954706296,0.031847133757961783,177,121,39,11,0.22033898305084745,0.090909090909090912,0.16778523489932887,0.40604026845637586,0.052553748151518587,0.089466499829370952,0.036912751677852351,0.065874406873851155,0.098116760828625235,0.032242353954774081,0.037307971874664655,-0.0050656179198905679,True,True,-0.001833213632100142,0.034075567586874224
v3_the_threat_of_appearing_prejudiced_and_r,rpp.129,RPP,failed,epistemic_adverb_tokens,37,25,0,0,0,0,0,0.40322580645161288,0,0,0,45,19,1,0,0.022222222222222223,0,0.015625,0.296875,0.0065972222222222231,0.0065972222222222222,0,0.015625,0.022222222222222223,0.0065972222222222231,0.0065972222222222222,-0,True,True,-0.0011816756272401432,0.0077788978494623658
v3_the_threat_of_appearing_prejudiced_and_r,rpp.129,RPP,failed,replication_word_tokens,37,25,0,0,0,0,0,0.40322580645161288,0,0,0,45,19,0,0,0,0,0,0.296875,0,0,0,0,0,0,0,-0,True,True,-0,0
v3_the_threat_of_appearing_prejudiced_and_r,rpp.129,RPP,failed,lowercase_modal_tokens,37,25,5,2,0.13513513513513514,0.080000000000000002,0.11290322580645161,0.40322580645161288,0.022231909328683533,0.054489973844812557,0.032258064516129031,45,19,13,0,0.28888888888888886,0,0.203125,0.296875,0.085763888888888862,0.085763888888888876,0,0.09022177419354839,0.15375375375375372,0.063531979560205329,0.031273915044076318,0.032258064516129031,True,True,-0.018293616196841996,0.081825595757047356
v3_the_ultimate_sampling_dilemma_in_experie,rpp.17,RPP,successful,epistemic_adverb_tokens,10,9,0,0,0,0,0,0.47368421052631576,0,0,0,21,14,0,1,0,0.071428571428571425,0.028571428571428571,0.40000000000000002,-0.028571428571428571,0,0.028571428571428571,0.028571428571428571,0,-0.028571428571428571,0,-0.028571428571428571,True,False,0.0026315789473684193,-0.031203007518796993
v3_the_ultimate_sampling_dilemma_in_experie,rpp.17,RPP,successful,replication_word_tokens,10,9,0,0,0,0,0,0.47368421052631576,0,0,0,21,14,0,0,0,0,0,0.40000000000000002,0,0,0,0,0,0,0,-0,True,False,-0,0
v3_the_ultimate_sampling_dilemma_in_experie,rpp.17,RPP,successful,lowercase_modal_tokens,10,9,1,2,0.10000000000000001,0.22222222222222221,0.15789473684210525,0.47368421052631576,-0.057894736842105249,0.04736842105263158,0.10526315789473684,21,14,3,1,0.14285714285714285,0.071428571428571425,0.11428571428571428,0.40000000000000002,0.028571428571428567,0.057142857142857141,0.028571428571428571,-0.043609022556390972,0.042857142857142844,0.086466165413533816,0.0097744360902255606,0.076691729323308269,True,False,0.0018713450292397644,0.08459482038429407
v3_toward_a_physiology_of_dual_process_reas,rpp.118,RPP,failed,epistemic_adverb_tokens,65,42,0,0,0,0,0,0.3925233644859813,0,0,0,73,47,0,0,0,0,0,0.39166666666666666,0,0,0,0,0,0,0,-0,True,True,-0,0
v3_toward_a_physiology_of_dual_process_reas,rpp.118,RPP,failed,replication_word_tokens,65,42,2,2,0.030769230769230771,0.047619047619047616,0.037383177570093455,0.3925233644859813,-0.0066139468008626842,0.01207764198418404,0.018691588785046728,73,47,1,1,0.013698630136986301,0.021276595744680851,0.016666666666666666,0.39166666666666666,-0.0029680365296803658,0.0053652968036529674,0.0083333333333333332,-0.020716510903426789,-0.01707060063224447,0.0036459102711823184,-0.0067123451805310725,0.010358255451713394,True,True,1.0463613981021135e-05,0.0036354466572013004
v3_toward_a_physiology_of_dual_process_reas,rpp.118,RPP,failed,lowercase_modal_tokens,65,42,8,0,0.12307692307692308,0,0.07476635514018691,0.3925233644859813,0.048310567936736173,0.04831056793673616,0,73,47,4,1,0.054794520547945202,0.021276595744680851,0.041666666666666664,0.39166666666666666,0.013127853881278538,0.02146118721461187,0.0083333333333333332,-0.033099688473520246,-0.068282402528977881,-0.035182714055457635,-0.02684938072212429,-0.0083333333333333332,True,True,-6.7077232347431668e-05,-0.035115636823110197
v3_tracing_attention_and_the_activation_flo,rpp.1,RPP,failed,epistemic_adverb_tokens,73,48,0,1,0,0.020833333333333332,0.0082644628099173556,0.39669421487603307,-0.0082644628099173556,0,0.0082644628099173556,42,35,0,0,0,0,0,0.45454545454545453,0,0,0,-0.0082644628099173556,0,0.0082644628099173556,0,0.0082644628099173556,True,True,-0.00060261707988980685,0.0088670798898071619
v3_tracing_attention_and_the_activation_flo,rpp.1,RPP,failed,replication_word_tokens,73,48,4,0,0.054794520547945202,0,0.033057851239669422,0.39669421487603307,0.02173666930827578,0.021736669308275784,0,42,35,3,2,0.071428571428571425,0.057142857142857141,0.064935064935064929,0.45454545454545453,0.0064935064935064957,0.032467532467532464,0.025974025974025976,0.031877213695395507,0.016634050880626222,-0.015243162814769284,0.010730863159256681,-0.025974025974025976,True,True,0.001998188610890976,-0.017241351425660269
v3_tracing_attention_and_the_activation_flo,rpp.1,RPP,failed,lowercase_modal_tokens,73,48,6,2,0.082191780821917804,0.041666666666666664,0.066115702479338845,0.39669421487603307,0.016076078342578959,0.032605003962413677,0.016528925619834711,42,35,2,1,0.047619047619047616,0.028571428571428571,0.03896103896103896,0.45454545454545453,0.0086580086580086563,0.021645021645021644,0.012987012987012988,-0.027154663518299885,-0.034572733202870187,-0.0074180696845703026,-0.010959982317392033,0.0035419126328217233,True,True,0.0017231782331408722,-0.0091412479177111813
v3_walking_on_eggshells_how_expressing_rela,rpp.58,RPP,failed,epistemic_adverb_tokens,11,3,1,0,0.090909090909090912,0,0.071428571428571425,0.21428571428571427,0.019480519480519487,0.01948051948051948,0,15,10,0,0,0,0,0,0.40000000000000002,0,0,0,-0.071428571428571425,-0.090909090909090912,-0.019480519480519487,-0.01948051948051948,-0,True,False,0.0084415584415584426,-0.027922077922077924
v3_walking_on_eggshells_how_expressing_rela,rpp.58,RPP,failed,replication_word_tokens,11,3,0,0,0,0,0,0.21428571428571427,0,0,0,15,10,0,0,0,0,0,0.40000000000000002,0,0,0,0,0,0,0,-0,True,False,0,0
v3_walking_on_eggshells_how_expressing_rela,rpp.58,RPP,failed,lowercase_modal_tokens,11,3,3,0,0.27272727272727271,0,0.21428571428571427,0.21428571428571427,0.058441558441558433,0.058441558441558433,0,15,10,4,1,0.26666666666666666,0.10000000000000001,0.20000000000000001,0.40000000000000002,0.066666666666666652,0.10666666666666667,0.040000000000000001,-0.014285714285714263,-0.0060606060606060441,0.0082251082251082186,0.04822510822510824,-0.040000000000000001,True,False,0.040800865800865803,-0.032575757575757577
v3_weight_as_an_embodiment_of_importance,ml3.10,ML3,failed,epistemic_adverb_tokens,58,31,0,0,0,0,0,0.34831460674157305,0,0,0,81,52,1,1,0.012345679012345678,0.019230769230769232,0.015037593984962405,0.39097744360902253,-0.0026919149726167269,0.0048268820198644757,0.0075187969924812026,0.015037593984962405,0.012345679012345678,-0.0026919149726167269,0.0048268820198644757,-0.0075187969924812026,True,True,-0.00014686874040313811,-0.0025450462322135891
v3_weight_as_an_embodiment_of_importance,ml3.10,ML3,failed,replication_word_tokens,58,31,1,0,0.017241379310344827,0,0.011235955056179775,0.34831460674157305,0.0060054242541650524,0.0060054242541650524,0,81,52,2,1,0.024691358024691357,0.019230769230769232,0.022556390977443608,0.39097744360902253,0.0021349670472477489,0.0096537640397289515,0.0075187969924812026,0.011320435921263833,0.0074499787143465293,-0.0038704572069173035,0.0036483397855638991,-0.0075187969924812026,True,True,0.00048426518090119116,-0.0043547223878184953
v3_weight_as_an_embodiment_of_importance,ml3.10,ML3,failed,lowercase_modal_tokens,58,31,5,1,0.086206896551724144,0.032258064516129031,0.06741573033707865,0.34831460674157305,0.018791166214645494,0.030027121270825265,0.011235955056179775,81,52,11,3,0.13580246913580246,0.057692307692307696,0.10526315789473684,0.39097744360902253,0.030539311241065625,0.053095702218509233,0.022556390977443608,0.037847427557658186,0.049595572584078318,0.011748145026420131,0.023068580947683968,-0.011320435921263833,True,True,0.0028170056478389934,0.0089311393785811381
v3_when_does_between_sequence_phonological_,rpp.12,RPP,failed,epistemic_adverb_tokens,24,5,0,0,0,0,0,0.17241379310344829,0,0,0,50,19,3,0,0.059999999999999998,0,0.043478260869565216,0.27536231884057971,0.016521739130434782,0.016521739130434782,0,0.043478260869565216,0.059999999999999998,0.016521739130434782,0.016521739130434782,-0,True,False,0.0030884557721139426,0.013433283358320839
v3_when_does_between_sequence_phonological_,rpp.12,RPP,failed,replication_word_tokens,24,5,0,0,0,0,0,0.17241379310344829,0,0,0,50,19,0,0,0,0,0,0.27536231884057971,0,0,0,0,0,0,0,-0,True,False,0,0
v3_when_does_between_sequence_phonological_,rpp.12,RPP,failed,lowercase_modal_tokens,24,5,2,0,0.083333333333333329,0,0.068965517241379309,0.17241379310344829,0.014367816091954019,0.014367816091954023,0,50,19,4,4,0.080000000000000002,0.21052631578947367,0.11594202898550725,0.27536231884057971,-0.035942028985507246,0.022028985507246378,0.057971014492753624,0.046976511744127938,-0.003333333333333327,-0.050309845077461265,0.007661169415292355,-0.057971014492753624,True,False,-0.002429223984498977,-0.047880621092962282
v3_where_do_we_look_during_potentially_offe,rpp.132,RPP,failed,epistemic_adverb_tokens,17,4,2,0,0.11764705882352941,0,0.095238095238095233,0.19047619047619047,0.022408963585434177,0.02240896358543417,0,15,3,0,0,0,0,0,0.16666666666666666,0,0,0,-0.095238095238095233,-0.11764705882352941,-0.022408963585434177,-0.02240896358543417,-0,True,False,-0.0014005602240896356,-0.021008403361344536
v3_where_do_we_look_during_potentially_offe,rpp.132,RPP,failed,replication_word_tokens,17,4,0,0,0,0,0,0.19047619047619047,0,0,0,15,3,0,0,0,0,0,0.16666666666666666,0,0,0,0,0,0,0,-0,True,False,-0,0
v3_where_do_we_look_during_potentially_offe,rpp.132,RPP,failed,lowercase_modal_tokens,17,4,1,0,0.058823529411764705,0,0.047619047619047616,0.19047619047619047,0.011204481792717089,0.011204481792717085,0,15,3,8,0,0.53333333333333333,0,0.44444444444444442,0.16666666666666666,0.088888888888888906,0.088888888888888878,0,0.3968253968253968,0.47450980392156861,0.077684407096171817,0.07768440709617179,-0,True,False,-0.0070494864612511672,0.08473389355742296
v3_why_do_implicit_and_explicit_attitude_te,rpp.44,RPP,successful,epistemic_adverb_tokens,27,33,0,0,0,0,0,0.55000000000000004,0,0,0,52,74,0,0,0,0,0,0.58730158730158732,0,0,0,0,0,0,0,-0,True,True,0,0
v3_why_do_implicit_and_explicit_attitude_te,rpp.44,RPP,successful,replication_word_tokens,27,33,0,0,0,0,0,0.55000000000000004,0,0,0,52,74,1,4,0.019230769230769232,0.054054054054054057,0.03968253968253968,0.58730158730158732,-0.020451770451770449,0.011294261294261296,0.031746031746031744,0.03968253968253968,0.019230769230769232,-0.020451770451770449,0.011294261294261296,-0.031746031746031744,True,True,-0.00064948189948189916,-0.019802288552288553
v3_why_do_implicit_and_explicit_attitude_te,rpp.44,RPP,successful,lowercase_modal_tokens,27,33,3,1,0.1111111111111111,0.030303030303030304,0.066666666666666666,0.55000000000000004,0.044444444444444439,0.061111111111111116,0.016666666666666666,52,74,9,7,0.17307692307692307,0.0945945945945946,0.12698412698412698,0.58730158730158732,0.046092796092796096,0.10164835164835165,0.055555555555555552,0.060317460317460311,0.061965811965811968,0.0016483516483516564,0.040537240537240532,-0.03888888888888889,True,True,0.0029708925542258854,-0.0013225409058742405
v3_why_people_are_reluctant_to_tempt_fate,rpp.68,RPP,failed,epistemic_adverb_tokens,29,19,0,0,0,0,0,0.39583333333333331,0,0,0,38,45,0,0,0,0,0,0.54216867469879515,0,0,0,0,0,0,0,-0,True,True,0,0
v3_why_people_are_reluctant_to_tempt_fate,rpp.68,RPP,failed,replication_word_tokens,29,19,4,2,0.13793103448275862,0.10526315789473684,0.125,0.39583333333333331,0.012931034482758619,0.054597701149425283,0.041666666666666664,38,45,0,12,0,0.26666666666666666,0.14457831325301204,0.54216867469879515,-0.14457831325301204,0,0.14457831325301204,0.019578313253012042,-0.13793103448275862,-0.15750934773577066,-0.054597701149425283,-0.10291164658634538,True,True,-0.017121146412631773,-0.14038820132313889
v3_why_people_are_reluctant_to_tempt_fate,rpp.68,RPP,failed,lowercase_modal_tokens,29,19,6,2,0.20689655172413793,0.10526315789473684,0.16666666666666666,0.39583333333333331,0.040229885057471271,0.081896551724137928,0.041666666666666664,38,45,1,1,0.026315789473684209,0.022222222222222223,0.024096385542168676,0.54216867469879515,0.0022194039315155331,0.014267596702599871,0.012048192771084338,-0.14257028112449799,-0.18058076225045372,-0.038010481125955738,-0.067628955021538054,0.029618473895582326,True,True,0.0077357954706504979,-0.045746276596606232
v3_working_memory_costs_of_task_switching,rpp.3,RPP,failed,epistemic_adverb_tokens,24,13,0,0,0,0,0,0.35135135135135137,0,0,0,42,19,0,0,0,0,0,0.31147540983606559,0,0,0,0,0,0,0,-0,True,True,-0,0
v3_working_memory_costs_of_task_switching,rpp.3,RPP,failed,replication_word_tokens,24,13,0,0,0,0,0,0.35135135135135137,0,0,0,42,19,0,0,0,0,0,0.31147540983606559,0,0,0,0,0,0,0,-0,True,True,-0,0
v3_working_memory_costs_of_task_switching,rpp.3,RPP,failed,lowercase_modal_tokens,24,13,2,0,0.083333333333333329,0,0.054054054054054057,0.35135135135135137,0.029279279279279272,0.029279279279279279,0,42,19,9,0,0.21428571428571427,0,0.14754098360655737,0.31147540983606559,0.066744730679156899,0.066744730679156913,0,0.093486929552503317,0.13095238095238093,0.037465451399877628,0.037465451399877635,-0,True,True,-0.0059339198683460992,0.043399371268223727
