feature,cohort,resampling,metric,n_negative,n_positive,mean_negative,mean_positive,estimate,ci95_low,ci95_high,n_draws,n_sources_also_in_primary72,n_sources_not_in_primary72
epistemic_adverb_tokens,journal,source,filter_shift,40,32,0.00088914388732755627,0.0016502463124351786,-0.00076110242510762233,-0.007169094747230177,0.0053156801704524461,19999,72,0
epistemic_adverb_tokens,recorded_manuscript_upload_years,source,filter_shift,39,32,0.00087134715472867992,0.001542490300108668,-0.00067114314537998813,-0.0072225954713420332,0.0054601760691418413,19999,71,0
epistemic_adverb_tokens,omit_event_year,source,filter_shift,39,31,0.0026093716282509271,0.0013081848321704395,0.0013011867960804875,-0.0058744813516075833,0.0080438959668028623,19999,70,0
epistemic_adverb_tokens,symmetric5_years_omit_event_year,source,filter_shift,35,26,0.0022750684010298563,-0.00040414502427661432,0.0026792134253064708,-0.0034982055978140915,0.0090518467163799767,19999,61,0
epistemic_adverb_tokens,latest_archived_year,source,filter_shift,40,32,0.0010115321780140305,0.00097950404675152839,3.2028131262502087e-05,-0.0067443832570186213,0.0068169371500353577,19999,72,0
replication_word_tokens,journal,source,filter_shift,40,32,-0.015292277649762648,0.00023676283655891649,-0.015529040486321564,-0.03043710830334866,-0.0020754453711121458,19999,72,0
replication_word_tokens,recorded_manuscript_upload_years,source,filter_shift,39,32,-0.015206343120269064,0.00034173843405928099,-0.015548081554328345,-0.030199088346462274,-0.0021140747920034642,19999,71,0
replication_word_tokens,omit_event_year,source,filter_shift,39,31,-0.017203866770095905,0.0024574774479785731,-0.019661344218074479,-0.035458620304669446,-0.0052778983373919586,19999,70,0
replication_word_tokens,symmetric5_years_omit_event_year,source,filter_shift,35,26,-0.014001287030842221,0.001225306221532059,-0.01522659325237428,-0.034609976447187156,0.0013093498949464483,19999,61,0
replication_word_tokens,latest_archived_year,source,filter_shift,40,32,-0.01523159929458141,0.00031038051681862898,-0.015541979811400038,-0.030421058050008717,-0.0021388944222182908,19999,72,0
lowercase_modal_tokens,journal,source,filter_shift,40,32,0.0043128574678386739,0.015246000956490592,-0.010933143488651919,-0.033622294549647859,0.013440443690219881,19999,72,0
lowercase_modal_tokens,recorded_manuscript_upload_years,source,filter_shift,39,32,0.003733076254196035,0.015965900360400818,-0.012232824106204784,-0.034977320509812032,0.012098995616980772,19999,71,0
lowercase_modal_tokens,omit_event_year,source,filter_shift,39,31,0.0051010448708572725,0.024519866547845454,-0.019418821676988184,-0.04110998669204919,0.00277989208310152,19999,70,0
lowercase_modal_tokens,symmetric5_years_omit_event_year,source,filter_shift,35,26,0.016730146732422325,0.02174019563100988,-0.0050100488985875546,-0.033673761318280898,0.022960419217414426,19999,61,0
lowercase_modal_tokens,latest_archived_year,source,filter_shift,40,32,0.0048698539109459354,0.015025433062743464,-0.010155579151797529,-0.033329811531552594,0.014791372830176125,19999,72,0
